scenario,tree,metric,n,median,min,max
short-h1-c64,main,streams/s,3,430782.0185910501,430050.8517083162,446700.6836614714
short-h1-c64,main,GiB/s,3,26.289838442249145,26.24549388422391,27.26173119527971
short-h1-c64,main,TTFB p50 ms,3,0.139,0.135,0.14
short-h1-c64,main,TTFB p99 ms,3,0.215,0.204,0.216
short-h1-c64,main,TTFB p99.9 ms,3,0.255,0.243,0.256
short-h1-c64,main,TTLB p50 ms,3,0.144,0.139,0.145
short-h1-c64,main,TTLB p99 ms,3,0.223,0.211,0.224
short-h1-c64,main,TTLB p99.9 ms,3,0.265,0.252,0.266
short-h1-c64,main,srv CPU us/stream,3,46.297286813412725,45.53200035195115,46.63208225039381
short-h1-c64,main,srv cores busy,3,20.088262522928524,19.91018762589234,20.339175685690936
short-h1-c64,main,srv ctxsw/stream,3,0.2787338342617883,0.27022616443327696,0.28058532533216
short-h1-c64,main,srv writes/stream,3,2.011257347612904,2.011043023122186,2.012167389935227
short-h1-c64,main,TCP segs/stream,3,4.999999776112503,4.999979801896068,5.000018604495404
short-h1-c64,main,srv peak RSS MiB,3,20.921875,16.01171875,23.05859375
short-h1-c64,main,errors,3,0,0,0
short-h1-c64,main,timeouts,3,0,0,0
short-h1-c64,main,client CPU %,3,54.956189666181544,54.93103553104965,56.66606157994042
short-h1-c64,listener-nodelay,streams/s,3,455034.5700228237,452613.3128126816,462573.53484667966
short-h1-c64,listener-nodelay,GiB/s,3,27.770014306907406,27.622249280538256,28.23030576179416
short-h1-c64,listener-nodelay,TTFB p50 ms,3,0.133,0.131,0.134
short-h1-c64,listener-nodelay,TTFB p99 ms,3,0.193,0.188,0.194
short-h1-c64,listener-nodelay,TTFB p99.9 ms,3,0.222,0.217,0.225
short-h1-c64,listener-nodelay,TTLB p50 ms,3,0.138,0.136,0.138
short-h1-c64,listener-nodelay,TTLB p99 ms,3,0.198,0.193,0.2
short-h1-c64,listener-nodelay,TTLB p99.9 ms,3,0.229,0.223,0.231
short-h1-c64,listener-nodelay,srv CPU us/stream,3,49.520411812193,49.020243741286926,49.56657968061905
short-h1-c64,listener-nodelay,srv cores busy,3,22.5334992963144,22.434493834038737,22.67546742645292
short-h1-c64,listener-nodelay,srv ctxsw/stream,3,0.17273218998202355,0.16137936432161673,0.18097016327008617
short-h1-c64,listener-nodelay,srv writes/stream,3,2.0078626923446334,2.0074835989685416,2.0081959131995974
short-h1-c64,listener-nodelay,TCP segs/stream,3,4.999998901060499,4.9999796713385765,5.0000222691532015
short-h1-c64,listener-nodelay,srv peak RSS MiB,3,21.3203125,16.046875,22.4140625
short-h1-c64,listener-nodelay,errors,3,0,0,0
short-h1-c64,listener-nodelay,timeouts,3,0,0,0
short-h1-c64,listener-nodelay,client CPU %,3,54.58105384121248,54.48855698613657,55.39102736356436
short-h1-c64,inline-streaming-nodelay,streams/s,3,490390.13284215645,488983.2672535158,496105.8971580585
short-h1-c64,inline-streaming-nodelay,GiB/s,3,29.927478094104195,29.841686149410574,30.276529916174606
short-h1-c64,inline-streaming-nodelay,TTFB p50 ms,3,0.123,0.122,0.124
short-h1-c64,inline-streaming-nodelay,TTFB p99 ms,3,0.181,0.177,0.181
short-h1-c64,inline-streaming-nodelay,TTFB p99.9 ms,3,0.212,0.208,0.212
short-h1-c64,inline-streaming-nodelay,TTLB p50 ms,3,0.128,0.126,0.128
short-h1-c64,inline-streaming-nodelay,TTLB p99 ms,3,0.187,0.183,0.187
short-h1-c64,inline-streaming-nodelay,TTLB p99.9 ms,3,0.219,0.215,0.219
short-h1-c64,inline-streaming-nodelay,srv CPU us/stream,3,44.13119726292356,44.02966705701561,44.22527133818721
short-h1-c64,inline-streaming-nodelay,srv cores busy,3,21.64150368824849,21.625417674120047,21.84337747689134
short-h1-c64,inline-streaming-nodelay,srv ctxsw/stream,3,0.22195367585369316,0.21419210368915026,0.2224757685281076
short-h1-c64,inline-streaming-nodelay,srv writes/stream,3,2.01020917604226,2.0101667196396367,2.011376027387457
short-h1-c64,inline-streaming-nodelay,TCP segs/stream,3,4.999978789941701,4.9999695252026575,5.000007257305133
short-h1-c64,inline-streaming-nodelay,srv peak RSS MiB,3,16.2421875,16.1796875,16.375
short-h1-c64,inline-streaming-nodelay,errors,3,0,0,0
short-h1-c64,inline-streaming-nodelay,timeouts,3,0,0,0
short-h1-c64,inline-streaming-nodelay,client CPU %,3,59.246854221167375,59.029099323440335,59.924022250429786
short-h1-c1000,main,streams/s,3,507225.0927414338,500957.0232411657,514556.4332998131
short-h1-c1000,main,GiB/s,3,30.958214867127253,30.573061774940065,31.40338309059605
short-h1-c1000,main,TTFB p50 ms,3,1.748,1.706,1.761
short-h1-c1000,main,TTFB p99 ms,3,4.771,4.733,4.868
short-h1-c1000,main,TTFB p99.9 ms,3,6.04,5.959,6.171
short-h1-c1000,main,TTLB p50 ms,3,1.777,1.733,1.789
short-h1-c1000,main,TTLB p99 ms,3,4.808,4.772,4.904
short-h1-c1000,main,TTLB p99.9 ms,3,6.082,6.022,6.212
short-h1-c1000,main,srv CPU us/stream,3,47.02547273898782,46.163247361225515,47.5251240731942
short-h1-c1000,main,srv cores busy,3,23.80804468487443,23.75359591172921,23.852499771242865
short-h1-c1000,main,srv ctxsw/stream,3,0.00885581157643827,0.00655490512928858,0.009339044766373051
short-h1-c1000,main,srv writes/stream,3,2.000075861325497,2.0000312925048425,2.0002101763193987
short-h1-c1000,main,TCP segs/stream,3,5.0002277836115585,5.000093100060991,5.0005333273395625
short-h1-c1000,main,srv peak RSS MiB,3,39.7265625,39.65234375,39.875
short-h1-c1000,main,errors,3,0,0,0
short-h1-c1000,main,timeouts,3,0,0,0
short-h1-c1000,main,client CPU %,3,71.23947931761711,70.28603631239918,71.64282948662044
short-h1-c1000,listener-nodelay,streams/s,3,495994.0457863831,478814.17868891393,503448.8469179925
short-h1-c1000,listener-nodelay,GiB/s,3,30.270342440717375,29.221118001091448,30.7246606577002
short-h1-c1000,listener-nodelay,TTFB p50 ms,3,1.78,1.722,1.86
short-h1-c1000,listener-nodelay,TTFB p99 ms,3,5.419,5.398,5.708
short-h1-c1000,listener-nodelay,TTFB p99.9 ms,3,6.991,6.902,7.333
short-h1-c1000,listener-nodelay,TTLB p50 ms,3,1.79,1.732,1.868
short-h1-c1000,listener-nodelay,TTLB p99 ms,3,5.435,5.411,5.717
short-h1-c1000,listener-nodelay,TTLB p99.9 ms,3,7.007,6.92,7.341
short-h1-c1000,listener-nodelay,srv CPU us/stream,3,48.302603561749905,47.561665083396804,50.06065679782237
short-h1-c1000,listener-nodelay,srv cores busy,3,23.957803762608094,23.944865443735864,23.969752269276913
short-h1-c1000,listener-nodelay,srv ctxsw/stream,3,0.006315734288295264,0.005697018459384175,0.006828521742447088
short-h1-c1000,listener-nodelay,srv writes/stream,3,1.9999926498136826,1.9999814102789042,2.000047788424313
short-h1-c1000,listener-nodelay,TCP segs/stream,3,4.999998808077894,4.999974099714429,5.000106263711447
short-h1-c1000,listener-nodelay,srv peak RSS MiB,3,39.76171875,39.73046875,41.36328125
short-h1-c1000,listener-nodelay,errors,3,0,0,0
short-h1-c1000,listener-nodelay,timeouts,3,0,0,0
short-h1-c1000,listener-nodelay,client CPU %,3,65.0376112996203,62.80471140025522,65.85288050884589
short-h1-c1000,inline-streaming-nodelay,streams/s,3,531600.027826876,531566.876511255,535954.1993834818
short-h1-c1000,inline-streaming-nodelay,GiB/s,3,32.44245121964315,32.4424178389407,32.70869710385204
short-h1-c1000,inline-streaming-nodelay,TTFB p50 ms,3,1.619,1.601,1.634
short-h1-c1000,inline-streaming-nodelay,TTFB p99 ms,3,4.864,4.73,4.875
short-h1-c1000,inline-streaming-nodelay,TTFB p99.9 ms,3,6.192,6.004,6.207
short-h1-c1000,inline-streaming-nodelay,TTLB p50 ms,3,1.632,1.613,1.646
short-h1-c1000,inline-streaming-nodelay,TTLB p99 ms,3,4.881,4.748,4.893
short-h1-c1000,inline-streaming-nodelay,TTLB p99.9 ms,3,6.212,6.026,6.232
short-h1-c1000,inline-streaming-nodelay,srv CPU us/stream,3,44.53470619830474,44.441516841069514,44.72827581847251
short-h1-c1000,inline-streaming-nodelay,srv cores busy,3,23.776069868559333,23.67465105428055,23.81861757794293
short-h1-c1000,inline-streaming-nodelay,srv ctxsw/stream,3,0.0051754512495257934,0.0045309811764108286,0.005715488731763171
short-h1-c1000,inline-streaming-nodelay,srv writes/stream,3,2.0000233284199416,2.0000139952710914,2.000100654612446
short-h1-c1000,inline-streaming-nodelay,TCP segs/stream,3,5.000050756183158,5.000011099812714,5.000261513852897
short-h1-c1000,inline-streaming-nodelay,srv peak RSS MiB,3,42.93359375,41.875,43.30859375
short-h1-c1000,inline-streaming-nodelay,errors,3,0,0,0
short-h1-c1000,inline-streaming-nodelay,timeouts,3,0,0,0
short-h1-c1000,inline-streaming-nodelay,client CPU %,3,69.89358471182554,69.50278282431678,70.57775623427244
short-h1-c5000,main,streams/s,3,483015.5820786094,481698.718759945,483465.9940382464
short-h1-c5000,main,GiB/s,3,29.47816629425137,29.39703290880937,29.503262768649336
short-h1-c5000,main,TTFB p50 ms,3,9.57,9.56,9.754
short-h1-c5000,main,TTFB p99 ms,3,20.711,19.978,20.803
short-h1-c5000,main,TTFB p99.9 ms,3,24.186,23.701,24.195
short-h1-c5000,main,TTLB p50 ms,3,9.603,9.595,9.784
short-h1-c5000,main,TTLB p99 ms,3,20.762,20.01,20.833
short-h1-c5000,main,TTLB p99.9 ms,3,24.226,23.737,24.249
short-h1-c5000,main,srv CPU us/stream,3,49.478545493095865,49.435424162641866,49.63003779971838
short-h1-c5000,main,srv cores busy,3,23.900346483493994,23.898908451750653,23.906725620131983
short-h1-c5000,main,srv ctxsw/stream,3,0.010439457541029283,0.010304545961373882,0.010750236874188333
short-h1-c5000,main,srv writes/stream,3,1.9999362844263209,1.9999250450557897,1.9999788225240311
short-h1-c5000,main,TCP segs/stream,3,5.000155358428029,5.00012154296202,5.0002871416594585
short-h1-c5000,main,srv peak RSS MiB,3,139.90625,139.08203125,140.875
short-h1-c5000,main,errors,3,0,0,0
short-h1-c5000,main,timeouts,3,0,0,0
short-h1-c5000,main,client CPU %,3,70.74240522424317,70.7186063200238,71.1631133492508
short-h1-c5000,listener-nodelay,streams/s,3,466660.16622309014,461317.77487747493,485112.0117151984
short-h1-c5000,listener-nodelay,GiB/s,3,28.479775145334205,28.154108914287498,29.606314497983306
short-h1-c5000,listener-nodelay,TTFB p50 ms,3,10.263,9.607,10.346
short-h1-c5000,listener-nodelay,TTFB p99 ms,3,20.63,20.485,21.387
short-h1-c5000,listener-nodelay,TTFB p99.9 ms,3,24.176,23.664,24.809
short-h1-c5000,listener-nodelay,TTLB p50 ms,3,10.273,9.618,10.357
short-h1-c5000,listener-nodelay,TTLB p99 ms,3,20.648,20.5,21.399
short-h1-c5000,listener-nodelay,TTLB p99.9 ms,3,24.193,23.678,24.827
short-h1-c5000,listener-nodelay,srv CPU us/stream,3,51.319231724569214,49.336703674863884,51.90910789784156
short-h1-c5000,listener-nodelay,srv cores busy,3,23.94659415130703,23.93382757110984,23.94864120702875
short-h1-c5000,listener-nodelay,srv ctxsw/stream,3,0.0067067330518193555,0.006706690209591034,0.00834833679582942
short-h1-c5000,listener-nodelay,srv writes/stream,3,2.000034253420681,1.9999839193394064,2.0000467200890166
short-h1-c5000,listener-nodelay,TCP segs/stream,3,5.000083248819883,4.999998763026108,5.000119157658227
short-h1-c5000,listener-nodelay,srv peak RSS MiB,3,139.6484375,139.58203125,140.50390625
short-h1-c5000,listener-nodelay,errors,3,0,0,0
short-h1-c5000,listener-nodelay,timeouts,3,0,0,0
short-h1-c5000,listener-nodelay,client CPU %,3,64.24208502186136,63.15684182488468,66.42284727488448
short-h1-c5000,inline-streaming-nodelay,streams/s,3,511444.7952284874,502538.48369696795,517450.0417061807
short-h1-c5000,inline-streaming-nodelay,GiB/s,3,31.212009445948254,30.669210951889706,31.581192884698247
short-h1-c5000,inline-streaming-nodelay,TTFB p50 ms,3,9.037,8.969,9.552
short-h1-c5000,inline-streaming-nodelay,TTFB p99 ms,3,19.414,19.138,19.893
short-h1-c5000,inline-streaming-nodelay,TTFB p99.9 ms,3,22.806,22.351,22.816
short-h1-c5000,inline-streaming-nodelay,TTLB p50 ms,3,9.052,8.984,9.564
short-h1-c5000,inline-streaming-nodelay,TTLB p99 ms,3,19.432,19.157,19.915
short-h1-c5000,inline-streaming-nodelay,TTLB p99.9 ms,3,22.832,22.379,22.843
short-h1-c5000,inline-streaming-nodelay,srv CPU us/stream,3,46.79030403529219,46.20445461503375,47.64183940208387
short-h1-c5000,inline-streaming-nodelay,srv cores busy,3,23.93065746600868,23.90849696756055,23.941857733657688
short-h1-c5000,inline-streaming-nodelay,srv ctxsw/stream,3,0.006762771124860185,0.0064800782521043186,0.008837524835909051
short-h1-c5000,inline-streaming-nodelay,srv writes/stream,3,2.0000071644856448,1.999971450249126,2.000016814973444
short-h1-c5000,inline-streaming-nodelay,TCP segs/stream,3,5.000034031306813,4.999941922767057,5.000053537329241
short-h1-c5000,inline-streaming-nodelay,srv peak RSS MiB,3,143.36328125,142.453125,144.01953125
short-h1-c5000,inline-streaming-nodelay,errors,3,0,0,0
short-h1-c5000,inline-streaming-nodelay,timeouts,3,0,0,0
short-h1-c5000,inline-streaming-nodelay,client CPU %,3,70.18279370098458,68.79821185088402,71.1699328810352
short-h1-c10000,main,streams/s,3,486521.0536682788,479106.15040495043,488057.532512755
short-h1-c10000,main,GiB/s,3,29.691923432649954,29.238727897420567,29.786047548384857
short-h1-c10000,main,TTFB p50 ms,3,23.806,23.639,24.361
short-h1-c10000,main,TTFB p99 ms,3,37.063,36.604,38.327
short-h1-c10000,main,TTFB p99.9 ms,3,40.827,40.327,42.043
short-h1-c10000,main,TTLB p50 ms,3,23.836,23.672,24.392
short-h1-c10000,main,TTLB p99 ms,3,37.104,36.641,38.377
short-h1-c10000,main,TTLB p99.9 ms,3,40.882,40.366,42.142
short-h1-c10000,main,srv CPU us/stream,3,48.97532116607516,48.79852034788054,49.767787897916854
short-h1-c10000,main,srv cores busy,3,23.827524857461242,23.81648543126004,23.84405327394102
short-h1-c10000,main,srv ctxsw/stream,3,0.012612095927905038,0.01208237726408887,0.014290995244736444
short-h1-c10000,main,srv writes/stream,3,2.0000314510981676,1.99997369765834,2.0000323766113
short-h1-c10000,main,TCP segs/stream,3,5.001869181932269,5.001511250052766,5.003371709702307
short-h1-c10000,main,srv peak RSS MiB,3,265.9140625,265.30078125,268.28515625
short-h1-c10000,main,errors,3,0,0,0
short-h1-c10000,main,timeouts,3,0,0,0
short-h1-c10000,main,client CPU %,3,73.051854421452,72.83021737387078,73.32015151504375
short-h1-c10000,listener-nodelay,streams/s,3,473980.42727517756,461613.8751857382,478453.58326379897
short-h1-c10000,listener-nodelay,GiB/s,3,28.92710710836211,28.171146718622776,29.198965553549474
short-h1-c10000,listener-nodelay,TTFB p50 ms,3,20.854,17.889,24.393
short-h1-c10000,listener-nodelay,TTFB p99 ms,3,40.018,39.052,40.356
short-h1-c10000,listener-nodelay,TTFB p99.9 ms,3,44.146,42.861,44.492
short-h1-c10000,listener-nodelay,TTLB p50 ms,3,20.871,17.9,24.403
short-h1-c10000,listener-nodelay,TTLB p99 ms,3,40.035,39.063,40.368
short-h1-c10000,listener-nodelay,TTLB p99.9 ms,3,44.156,42.875,44.508
short-h1-c10000,listener-nodelay,srv CPU us/stream,3,50.41078108330745,49.945798336366366,51.813954213927175
short-h1-c10000,listener-nodelay,srv cores busy,3,23.89674618300558,23.893723557141502,23.91804019338733
short-h1-c10000,listener-nodelay,srv ctxsw/stream,3,0.009629765296889982,0.006846851687512133,0.009642586746700346
short-h1-c10000,listener-nodelay,srv writes/stream,3,2.00001839470266,1.9999833172716937,2.0000240543679357
short-h1-c10000,listener-nodelay,TCP segs/stream,3,5.011168111636485,5.006024775154961,5.013044143523832
short-h1-c10000,listener-nodelay,srv peak RSS MiB,3,265.93359375,265.43359375,266.69140625
short-h1-c10000,listener-nodelay,errors,3,0,0,0
short-h1-c10000,listener-nodelay,timeouts,3,0,0,0
short-h1-c10000,listener-nodelay,client CPU %,3,66.7026031829372,64.670720217642,66.93269181793121
short-h1-c10000,inline-streaming-nodelay,streams/s,3,509519.01573175367,492869.31537825696,511068.5206220326
short-h1-c10000,inline-streaming-nodelay,GiB/s,3,31.095744940292246,30.07850851103368,31.19058786773093
short-h1-c10000,inline-streaming-nodelay,TTFB p50 ms,3,22.945,20.218,23.014
short-h1-c10000,inline-streaming-nodelay,TTFB p99 ms,3,36.266,35.177,37.029
short-h1-c10000,inline-streaming-nodelay,TTFB p99.9 ms,3,40.105,38.845,41.257
short-h1-c10000,inline-streaming-nodelay,TTLB p50 ms,3,22.958,20.235,23.027
short-h1-c10000,inline-streaming-nodelay,TTLB p99 ms,3,36.283,35.199,37.046
short-h1-c10000,inline-streaming-nodelay,TTLB p99.9 ms,3,40.128,38.871,41.276
short-h1-c10000,inline-streaming-nodelay,srv CPU us/stream,3,46.8616493910871,46.68116577870368,48.53747379088019
short-h1-c10000,inline-streaming-nodelay,srv cores busy,3,23.876901473313232,23.857274335433946,23.92263147750121
short-h1-c10000,inline-streaming-nodelay,srv ctxsw/stream,3,0.008719085473536437,0.006141045597020059,0.009930730668361578
short-h1-c10000,inline-streaming-nodelay,srv writes/stream,3,2.000022965623602,2.0000176536798486,2.000071425803853
short-h1-c10000,inline-streaming-nodelay,TCP segs/stream,3,5.000915484345983,5.000499589252706,5.001955500145998
short-h1-c10000,inline-streaming-nodelay,srv peak RSS MiB,3,270.4609375,270.26171875,270.90625
short-h1-c10000,inline-streaming-nodelay,errors,3,0,0,0
short-h1-c10000,inline-streaming-nodelay,timeouts,3,0,0,0
short-h1-c10000,inline-streaming-nodelay,client CPU %,3,71.2886628557329,69.15260675216643,71.82434707964902
short-h2-c64,main,streams/s,3,17455.38934883115,17318.6070969829,17631.03451589536
short-h2-c64,main,GiB/s,3,1.0652077639184487,1.056953850306779,1.0761495716391543
short-h2-c64,main,TTFB p50 ms,3,2.792,2.752,2.806
short-h2-c64,main,TTFB p99 ms,3,3.763,3.724,3.794
short-h2-c64,main,TTFB p99.9 ms,3,4.003,3.963,4.023
short-h2-c64,main,TTLB p50 ms,3,3.647,3.613,3.678
short-h2-c64,main,TTLB p99 ms,3,4.837,4.792,4.876
short-h2-c64,main,TTLB p99.9 ms,3,5.183,5.143,5.22
short-h2-c64,main,srv CPU us/stream,3,107.18348819884385,106.74137990305614,112.88154244969965
short-h2-c64,main,srv cores busy,3,1.8632123458393455,1.8562687193998801,1.9902183711381616
short-h2-c64,main,srv ctxsw/stream,3,4.066158084095148,3.8319926203490438,4.294530066764611
short-h2-c64,main,srv writes/stream,3,4.031600649106901,4.030847857723996,4.038362707114941
short-h2-c64,main,TCP segs/stream,3,2.732572848301955,2.725827409174121,2.7347107153906975
short-h2-c64,main,srv peak RSS MiB,3,19.62109375,19.1875,21.40625
short-h2-c64,main,errors,3,0,0,0
short-h2-c64,main,timeouts,3,0,0,0
short-h2-c64,main,client CPU %,3,5.0607326078466555,5.035552511899821,5.0705778815917775
short-h2-c64,listener-nodelay,streams/s,3,19465.69512113341,19384.34002726214,19595.326516186058
short-h2-c64,listener-nodelay,GiB/s,3,1.187960502847495,1.1830209250977453,1.195887836302041
short-h2-c64,listener-nodelay,TTFB p50 ms,3,3.175,3.148,3.187
short-h2-c64,listener-nodelay,TTFB p99 ms,3,3.385,3.375,3.398
short-h2-c64,listener-nodelay,TTFB p99.9 ms,3,3.475,3.468,3.645
short-h2-c64,listener-nodelay,TTLB p50 ms,3,3.284,3.253,3.298
short-h2-c64,listener-nodelay,TTLB p99 ms,3,3.633,3.603,4.73
short-h2-c64,listener-nodelay,TTLB p99.9 ms,3,3.913,3.903,5.766
short-h2-c64,listener-nodelay,srv CPU us/stream,3,81.77606257287614,78.96832532689393,83.85562337953984
short-h2-c64,listener-nodelay,srv cores busy,3,1.5851750030032965,1.5371733450397949,1.6431783203404087
short-h2-c64,listener-nodelay,srv ctxsw/stream,3,3.0240797827817816,3.0100547178051222,3.0615048859262624
short-h2-c64,listener-nodelay,srv writes/stream,3,0.0004643435729690128,0.0003904744778688314,0.001556662515566625
short-h2-c64,listener-nodelay,TCP segs/stream,3,2.2655890456191763,2.2596244252061553,2.2789947532817507
short-h2-c64,listener-nodelay,srv peak RSS MiB,3,17.09375,16.578125,17.984375
short-h2-c64,listener-nodelay,errors,3,0,0,0
short-h2-c64,listener-nodelay,timeouts,3,0,0,0
short-h2-c64,listener-nodelay,client CPU %,3,4.467993265562919,4.420479717531714,4.493006670521325
short-h2-c64,inline-streaming-nodelay,streams/s,3,18902.61684116753,18574.179715611815,19733.176901082297
short-h2-c64,inline-streaming-nodelay,GiB/s,3,1.1534739015909186,1.1336352317642437,1.2042878221071902
short-h2-c64,inline-streaming-nodelay,TTFB p50 ms,3,3.123,2.945,3.136
short-h2-c64,inline-streaming-nodelay,TTFB p99 ms,3,3.676,3.489,3.707
short-h2-c64,inline-streaming-nodelay,TTFB p99.9 ms,3,3.883,3.71,3.968
short-h2-c64,inline-streaming-nodelay,TTLB p50 ms,3,3.244,3.199,3.264
short-h2-c64,inline-streaming-nodelay,TTLB p99 ms,3,5.94,5.512,6.009
short-h2-c64,inline-streaming-nodelay,TTLB p99.9 ms,3,6.226,5.992,6.261
short-h2-c64,inline-streaming-nodelay,srv CPU us/stream,3,79.30965154545359,75.0591705480181,81.14322020665406
short-h2-c64,inline-streaming-nodelay,srv cores busy,3,1.4991599549702195,1.4811558904725475,1.5071687548218569
short-h2-c64,inline-streaming-nodelay,srv ctxsw/stream,3,2.9138600373678796,2.7708167994666835,2.9166848275058155
short-h2-c64,inline-streaming-nodelay,srv writes/stream,3,0.013724432028612848,0.0053874340508131835,0.02133845930185601
short-h2-c64,inline-streaming-nodelay,TCP segs/stream,3,2.4141696415591127,2.411764705882353,2.4349073290389285
short-h2-c64,inline-streaming-nodelay,srv peak RSS MiB,3,17.57421875,17.56640625,19.4453125
short-h2-c64,inline-streaming-nodelay,errors,3,0,0,0
short-h2-c64,inline-streaming-nodelay,timeouts,3,0,0,0
short-h2-c64,inline-streaming-nodelay,client CPU %,3,4.285457242860168,4.225444724676916,4.387991315050363
short-h2-c1000,main,streams/s,3,254973.46986033357,253910.32160997187,256194.17231735046
short-h2-c1000,main,GiB/s,3,15.560801203367255,15.497830037638693,15.635096372357234
short-h2-c1000,main,TTFB p50 ms,3,2.242,2.236,2.261
short-h2-c1000,main,TTFB p99 ms,3,3.838,3.822,3.87
short-h2-c1000,main,TTFB p99.9 ms,3,5.793,5.764,5.865
short-h2-c1000,main,TTLB p50 ms,3,3.45,3.441,3.467
short-h2-c1000,main,TTLB p99 ms,3,44.447,44.314,44.548
short-h2-c1000,main,TTLB p99.9 ms,3,47.077,46.954,47.175
short-h2-c1000,main,srv CPU us/stream,3,76.56197169729171,76.55243138876104,76.90635189353088
short-h2-c1000,main,srv cores busy,3,19.527316543136095,19.52127158300712,19.612286798524394
short-h2-c1000,main,srv ctxsw/stream,3,1.5683791016392772,1.5390737095783462,1.5766865250153905
short-h2-c1000,main,srv writes/stream,3,4.017952540615535,4.017639966141558,4.018431527941131
short-h2-c1000,main,TCP segs/stream,3,2.774096937004883,2.7651801912870715,2.77836958576753
short-h2-c1000,main,srv peak RSS MiB,3,71.1171875,70.95703125,71.39453125
short-h2-c1000,main,errors,3,0,0,0
short-h2-c1000,main,timeouts,3,0,0,0
short-h2-c1000,main,client CPU %,3,47.64305519452859,47.313112797152925,47.70555123261641
short-h2-c1000,listener-nodelay,streams/s,3,308858.54713111126,308670.02875920956,308879.3093082021
short-h2-c1000,listener-nodelay,GiB/s,3,18.849200032067838,18.838621622190566,18.850751103805393
short-h2-c1000,listener-nodelay,TTFB p50 ms,3,2.206,2.199,2.208
short-h2-c1000,listener-nodelay,TTFB p99 ms,3,3.576,3.575,3.584
short-h2-c1000,listener-nodelay,TTFB p99.9 ms,3,4.143,4.142,4.158
short-h2-c1000,listener-nodelay,TTLB p50 ms,3,3.245,3.241,3.246
short-h2-c1000,listener-nodelay,TTLB p99 ms,3,5.361,5.331,5.363
short-h2-c1000,listener-nodelay,TTLB p99.9 ms,3,6.94,6.854,7.312
short-h2-c1000,listener-nodelay,srv CPU us/stream,3,68.35626338953809,68.33658367626909,68.39364146034654
short-h2-c1000,listener-nodelay,srv cores busy,3,21.112416197804308,21.093455248660106,21.12538073534466
short-h2-c1000,listener-nodelay,srv ctxsw/stream,3,1.0794801038263964,1.0637589948745132,1.1167866029668652
short-h2-c1000,listener-nodelay,srv writes/stream,3,0.002412565559022804,0.0022807594112895,0.0024191835328433876
short-h2-c1000,listener-nodelay,TCP segs/stream,3,2.124896185620919,2.121854001226695,2.125266171712488
short-h2-c1000,listener-nodelay,srv peak RSS MiB,3,72.3671875,71.76171875,74.84375
short-h2-c1000,listener-nodelay,errors,3,0,0,0
short-h2-c1000,listener-nodelay,timeouts,3,0,0,0
short-h2-c1000,listener-nodelay,client CPU %,3,55.49375389634223,55.416342090020684,55.95651325980432
short-h2-c1000,inline-streaming-nodelay,streams/s,3,313069.2451365094,313034.57544923504,313107.3034152117
short-h2-c1000,inline-streaming-nodelay,GiB/s,3,19.10691025463193,19.104003699207958,19.10846096105767
short-h2-c1000,inline-streaming-nodelay,TTFB p50 ms,3,2.208,2.202,2.216
short-h2-c1000,inline-streaming-nodelay,TTFB p99 ms,3,3.636,3.633,3.646
short-h2-c1000,inline-streaming-nodelay,TTFB p99.9 ms,3,4.246,4.246,4.253
short-h2-c1000,inline-streaming-nodelay,TTLB p50 ms,3,3.19,3.186,3.193
short-h2-c1000,inline-streaming-nodelay,TTLB p99 ms,3,5.338,5.318,5.344
short-h2-c1000,inline-streaming-nodelay,TTLB p99.9 ms,3,6.449,6.444,6.629
short-h2-c1000,inline-streaming-nodelay,srv CPU us/stream,3,66.77640049610255,66.69104882127189,66.89077530877765
short-h2-c1000,inline-streaming-nodelay,srv cores busy,3,20.903322179325553,20.881454458360672,20.94144453251488
short-h2-c1000,inline-streaming-nodelay,srv ctxsw/stream,3,1.1570272510504822,1.1404041814161907,1.2298854504060386
short-h2-c1000,inline-streaming-nodelay,srv writes/stream,3,0.0021924227085540903,0.0021747617730107174,0.002215156011185979
short-h2-c1000,inline-streaming-nodelay,TCP segs/stream,3,2.1311072106761895,2.1297234055740613,2.1336403513115405
short-h2-c1000,inline-streaming-nodelay,srv peak RSS MiB,3,74.52734375,71.26953125,76.75390625
short-h2-c1000,inline-streaming-nodelay,errors,3,0,0,0
short-h2-c1000,inline-streaming-nodelay,timeouts,3,0,0,0
short-h2-c1000,inline-streaming-nodelay,client CPU %,3,54.83144502512687,54.53355820932846,54.983918371762584
short-h2-c5000,main,streams/s,3,395239.32844719605,393830.6480575718,395376.27589532855
short-h2-c5000,main,GiB/s,3,24.12458988018186,24.033120273667958,24.132406735273907
short-h2-c5000,main,TTFB p50 ms,3,3.194,3.189,3.2
short-h2-c5000,main,TTFB p99 ms,3,7.498,7.449,7.555
short-h2-c5000,main,TTFB p99.9 ms,3,9.861,9.778,9.957
short-h2-c5000,main,TTLB p50 ms,3,5.969,5.95,5.988
short-h2-c5000,main,TTLB p99 ms,3,51.39,51.351,51.446
short-h2-c5000,main,TTLB p99.9 ms,3,54.107,54.045,54.306
short-h2-c5000,main,srv CPU us/stream,3,58.31595781291119,58.23484817632243,58.395035457030794
short-h2-c5000,main,srv cores busy,3,23.02467739928423,22.997754657387322,23.048760003730038
short-h2-c5000,main,srv ctxsw/stream,3,0.29845916943752754,0.2815950221664406,0.3013143692755147
short-h2-c5000,main,srv writes/stream,3,4.008592026154376,4.007989068579377,4.009177642088147
short-h2-c5000,main,TCP segs/stream,3,2.774551384634762,2.774013780375549,2.784549535415697
short-h2-c5000,main,srv peak RSS MiB,3,182.6796875,178.984375,183.21875
short-h2-c5000,main,errors,3,0,0,0
short-h2-c5000,main,timeouts,3,0,0,0
short-h2-c5000,main,client CPU %,3,75.13373684394178,75.10149312592631,76.0358012959279
short-h2-c5000,listener-nodelay,streams/s,3,411134.6107331063,401684.965573812,411961.644522908
short-h2-c5000,listener-nodelay,GiB/s,3,25.09022393536777,24.513960879803594,25.142821776241398
short-h2-c5000,listener-nodelay,TTFB p50 ms,3,10.175,10.004,10.444
short-h2-c5000,listener-nodelay,TTFB p99 ms,3,22.462,22.318,23.542
short-h2-c5000,listener-nodelay,TTFB p99.9 ms,3,26.152,25.591,26.999
short-h2-c5000,listener-nodelay,TTLB p50 ms,3,11.469,11.296,11.719
short-h2-c5000,listener-nodelay,TTLB p99 ms,3,23.78,23.664,24.787
short-h2-c5000,listener-nodelay,TTLB p99.9 ms,3,27.363,26.719,28.482
short-h2-c5000,listener-nodelay,srv CPU us/stream,3,58.29691752463966,58.18457427813086,59.668010327682325
short-h2-c5000,listener-nodelay,srv cores busy,3,23.967880493432734,23.967742674332936,23.969812905484083
short-h2-c5000,listener-nodelay,srv ctxsw/stream,3,0.009912881966143726,0.009809103032118653,0.010430441183482159
short-h2-c5000,listener-nodelay,srv writes/stream,3,2.4276953426849774e-07,0.0,4.979596104959927e-07
short-h2-c5000,listener-nodelay,TCP segs/stream,3,2.2519473955467473,2.2471250624828087,2.2599244633472573
short-h2-c5000,listener-nodelay,srv peak RSS MiB,3,134.39453125,130.16796875,136.89453125
short-h2-c5000,listener-nodelay,errors,3,0,0,0
short-h2-c5000,listener-nodelay,timeouts,3,0,0,0
short-h2-c5000,listener-nodelay,client CPU %,3,78.60694709295134,78.43647563493622,80.05439454330843
short-h2-c5000,inline-streaming-nodelay,streams/s,3,417336.4648957062,416670.27212343714,419499.0957650482
short-h2-c5000,inline-streaming-nodelay,GiB/s,3,25.471669857522905,25.42816716127271,25.601212440151276
short-h2-c5000,inline-streaming-nodelay,TTFB p50 ms,3,8.979,8.918,9.039
short-h2-c5000,inline-streaming-nodelay,TTFB p99 ms,3,28.903,28.877,29.531
short-h2-c5000,inline-streaming-nodelay,TTFB p99.9 ms,3,38.064,37.211,39.188
short-h2-c5000,inline-streaming-nodelay,TTLB p50 ms,3,10.914,10.827,10.965
short-h2-c5000,inline-streaming-nodelay,TTLB p99 ms,3,31.111,31.101,31.715
short-h2-c5000,inline-streaming-nodelay,TTLB p99.9 ms,3,40.228,39.901,41.379
short-h2-c5000,inline-streaming-nodelay,srv CPU us/stream,3,56.15272813543562,55.93087839849821,56.23318770982734
short-h2-c5000,inline-streaming-nodelay,srv cores busy,3,23.434581054292366,23.43069762542208,23.462952913514865
short-h2-c5000,inline-streaming-nodelay,srv ctxsw/stream,3,0.20906946120268732,0.20690419727149817,0.21100046732976127
short-h2-c5000,inline-streaming-nodelay,srv writes/stream,3,2.3840954134057207e-07,0.0,2.4002555792140746e-07
short-h2-c5000,inline-streaming-nodelay,TCP segs/stream,3,2.2323610912767617,2.2295815505025876,2.232984408179783
short-h2-c5000,inline-streaming-nodelay,srv peak RSS MiB,3,340.5,314.89453125,341.45703125
short-h2-c5000,inline-streaming-nodelay,errors,3,0,0,0
short-h2-c5000,inline-streaming-nodelay,timeouts,3,0,0,0
short-h2-c5000,inline-streaming-nodelay,client CPU %,3,78.19984178634813,77.66144132482876,78.41863692672688
short-h2-c10000,main,streams/s,3,393732.32123087917,392643.5092703304,393887.74008638295
short-h2-c10000,main,GiB/s,3,24.021804938534572,23.95488659830259,24.031870463790433
short-h2-c10000,main,TTFB p50 ms,3,7.661,7.568,7.671
short-h2-c10000,main,TTFB p99 ms,3,20.702,20.096,20.833
short-h2-c10000,main,TTFB p99.9 ms,3,26.645,26.216,27.031
short-h2-c10000,main,TTLB p50 ms,3,14.785,14.652,14.893
short-h2-c10000,main,TTLB p99 ms,3,64.83,64.034,64.973
short-h2-c10000,main,TTLB p99.9 ms,3,71.87,70.621,71.983
short-h2-c10000,main,srv CPU us/stream,3,58.87448086668275,58.76778069371267,58.911167369815566
short-h2-c10000,main,srv cores busy,3,23.14790832733865,23.131087491296164,23.180786012901983
short-h2-c10000,main,srv ctxsw/stream,3,0.2723286391362412,0.2618560524277023,0.2727195178950025
short-h2-c10000,main,srv writes/stream,3,4.015232990842933,4.014713527637279,4.015670646549678
short-h2-c10000,main,TCP segs/stream,3,2.767989136788888,2.763426678510942,2.768459555228165
short-h2-c10000,main,srv peak RSS MiB,3,283.96875,281.46484375,286.734375
short-h2-c10000,main,errors,3,0,0,0
short-h2-c10000,main,timeouts,3,0,0,0
short-h2-c10000,main,client CPU %,3,76.15165238533909,75.68260196234473,76.43469729566831
short-h2-c10000,listener-nodelay,streams/s,3,317292.8035544785,313065.45024801773,321169.41997514974
short-h2-c10000,listener-nodelay,GiB/s,3,19.364631706613604,19.10694111852927,19.600792936226156
short-h2-c10000,listener-nodelay,TTFB p50 ms,3,29.537,29.193,30.085
short-h2-c10000,listener-nodelay,TTFB p99 ms,3,56.708,55.716,57.062
short-h2-c10000,listener-nodelay,TTFB p99.9 ms,3,67.487,65.951,67.718
short-h2-c10000,listener-nodelay,TTLB p50 ms,3,30.838,30.502,31.378
short-h2-c10000,listener-nodelay,TTLB p99 ms,3,58.264,57.374,58.6
short-h2-c10000,listener-nodelay,TTLB p99.9 ms,3,69.184,68.14,69.411
short-h2-c10000,listener-nodelay,srv CPU us/stream,3,72.11855180400397,71.30403426131132,73.03453343130052
short-h2-c10000,listener-nodelay,srv cores busy,3,22.882697490181314,22.864589092324,22.90067532559356
short-h2-c10000,listener-nodelay,srv ctxsw/stream,3,0.8301236164932102,0.7787261246858378,0.876797112097882
short-h2-c10000,listener-nodelay,srv writes/stream,3,0.0,0.0,0.0
short-h2-c10000,listener-nodelay,TCP segs/stream,3,2.2948857936938953,2.2821420848943785,2.295158469152395
short-h2-c10000,listener-nodelay,srv peak RSS MiB,3,248.55078125,247.703125,249.80859375
short-h2-c10000,listener-nodelay,errors,3,0,0,0
short-h2-c10000,listener-nodelay,timeouts,3,0,0,0
short-h2-c10000,listener-nodelay,client CPU %,3,62.902415150566156,62.05452680019129,63.627433147622604
short-h2-c10000,inline-streaming-nodelay,streams/s,3,379749.9019082382,378554.90081326774,380670.8093383386
short-h2-c10000,inline-streaming-nodelay,GiB/s,3,23.17856920159902,23.100522866586974,23.229531843714035
short-h2-c10000,inline-streaming-nodelay,TTFB p50 ms,3,22.968,22.919,23.069
short-h2-c10000,inline-streaming-nodelay,TTFB p99 ms,3,59.741,59.407,59.915
short-h2-c10000,inline-streaming-nodelay,TTFB p99.9 ms,3,74.015,73.573,74.934
short-h2-c10000,inline-streaming-nodelay,TTLB p50 ms,3,25.097,25.062,25.211
short-h2-c10000,inline-streaming-nodelay,TTLB p99 ms,3,62.107,61.677,62.282
short-h2-c10000,inline-streaming-nodelay,TTLB p99.9 ms,3,77.332,76.177,77.38
short-h2-c10000,inline-streaming-nodelay,srv CPU us/stream,3,60.7969736617555,60.666169237883054,60.94171555143178
short-h2-c10000,inline-streaming-nodelay,srv cores busy,3,23.08764478436939,23.06978508596263,23.093839743241563
short-h2-c10000,inline-streaming-nodelay,srv ctxsw/stream,3,0.47723727719167724,0.46223674807684223,0.47815891436120117
short-h2-c10000,inline-streaming-nodelay,srv writes/stream,3,0.0,0.0,2.6336137605265544e-07
short-h2-c10000,inline-streaming-nodelay,TCP segs/stream,3,2.2562027554416115,2.2520374437765356,2.261387745900517
short-h2-c10000,inline-streaming-nodelay,srv peak RSS MiB,3,531.09765625,525.76953125,532.41796875
short-h2-c10000,inline-streaming-nodelay,errors,3,0,0,0
short-h2-c10000,inline-streaming-nodelay,timeouts,3,0,0,0
short-h2-c10000,inline-streaming-nodelay,client CPU %,3,74.11394736182689,73.32840006887432,75.06923091800752
short-h2x1-c1000,main,streams/s,3,24421.949194363984,24415.47641401682,24431.767813068363
short-h2x1-c1000,main,GiB/s,3,1.4906020632721433,1.4897873026766209,1.4912684962409752
short-h2x1-c1000,main,TTFB p50 ms,3,0.151,0.143,0.155
short-h2x1-c1000,main,TTFB p99 ms,3,0.481,0.448,0.491
short-h2x1-c1000,main,TTFB p99.9 ms,3,0.705,0.632,0.826
short-h2x1-c1000,main,TTLB p50 ms,3,41.007,41.006,41.009
short-h2x1-c1000,main,TTLB p99 ms,3,42.13,42.124,42.143
short-h2x1-c1000,main,TTLB p99.9 ms,3,42.479,42.443,42.674
short-h2x1-c1000,main,srv CPU us/stream,3,66.56835033386588,66.11536414623163,67.08001277714528
short-h2x1-c1000,main,srv cores busy,3,1.625297987496511,1.6153152256971959,1.638224664000729
short-h2x1-c1000,main,srv ctxsw/stream,3,0.7758141821310065,0.743552046390866,0.8042207393458058
short-h2x1-c1000,main,srv writes/stream,3,5.060538281922084,5.057570868108737,5.066320055676096
short-h2x1-c1000,main,TCP segs/stream,3,5.009493593155115,5.009054573153252,5.0096186145590105
short-h2x1-c1000,main,srv peak RSS MiB,3,79.86328125,79.5859375,81.28125
short-h2x1-c1000,main,errors,3,0,0,0
short-h2x1-c1000,main,timeouts,3,0,0,0
short-h2x1-c1000,main,client CPU %,3,4.948178586778758,4.9334045066624865,4.958467635537986
short-h2x1-c1000,listener-nodelay,streams/s,3,322421.4664260272,321171.56506711774,323606.2005513866
short-h2x1-c1000,listener-nodelay,GiB/s,3,19.676471627702842,19.60051943727668,19.748115168726898
short-h2x1-c1000,listener-nodelay,TTFB p50 ms,3,1.731,1.73,1.735
short-h2x1-c1000,listener-nodelay,TTFB p99 ms,3,3.986,3.984,3.995
short-h2x1-c1000,listener-nodelay,TTFB p99.9 ms,3,5.026,4.973,5.036
short-h2x1-c1000,listener-nodelay,TTLB p50 ms,3,2.983,2.969,2.992
short-h2x1-c1000,listener-nodelay,TTLB p99 ms,3,5.748,5.725,5.77
short-h2x1-c1000,listener-nodelay,TTLB p99.9 ms,3,6.883,6.831,6.892
short-h2x1-c1000,listener-nodelay,srv CPU us/stream,3,74.0986366756612,73.77479325688932,74.34967390275376
short-h2x1-c1000,listener-nodelay,srv cores busy,3,23.87900112957727,23.873980542326013,23.890991097136084
short-h2x1-c1000,listener-nodelay,srv ctxsw/stream,3,0.029906436341541658,0.02856246845736304,0.030192644003447813
short-h2x1-c1000,listener-nodelay,srv writes/stream,3,1.1833169744951597e-05,1.5509594079801824e-06,1.5143751286446219e-05
short-h2x1-c1000,listener-nodelay,TCP segs/stream,3,4.000825830688516,4.000772640371758,4.000956631762842
short-h2x1-c1000,listener-nodelay,srv peak RSS MiB,3,236.8125,235.23046875,238.11328125
short-h2x1-c1000,listener-nodelay,errors,3,0,0,0
short-h2x1-c1000,listener-nodelay,timeouts,3,0,0,0
short-h2x1-c1000,listener-nodelay,client CPU %,3,63.0928990858519,62.44534817507039,63.24789617094788
short-h2x1-c1000,inline-streaming-nodelay,streams/s,3,373607.0606954067,368719.8015107671,373616.55786377273
short-h2x1-c1000,inline-streaming-nodelay,GiB/s,3,22.799702344329567,22.50328054727146,22.800500804019347
short-h2x1-c1000,inline-streaming-nodelay,TTFB p50 ms,3,1.182,1.171,1.183
short-h2x1-c1000,inline-streaming-nodelay,TTFB p99 ms,3,2.714,2.686,2.725
short-h2x1-c1000,inline-streaming-nodelay,TTFB p99.9 ms,3,3.356,3.319,3.381
short-h2x1-c1000,inline-streaming-nodelay,TTLB p50 ms,3,2.644,2.643,2.676
short-h2x1-c1000,inline-streaming-nodelay,TTLB p99 ms,3,4.743,4.737,4.811
short-h2x1-c1000,inline-streaming-nodelay,TTLB p99.9 ms,3,5.564,5.529,5.633
short-h2x1-c1000,inline-streaming-nodelay,srv CPU us/stream,3,64.23068006782314,64.21689994782662,65.0813584791023
short-h2x1-c1000,inline-streaming-nodelay,srv cores busy,3,23.99678558046568,23.992497115189263,23.99703558660645
short-h2x1-c1000,inline-streaming-nodelay,srv ctxsw/stream,3,0.00023610677594323586,0.00022974039606484808,0.0002909824096181063
short-h2x1-c1000,inline-streaming-nodelay,srv writes/stream,3,2.712401370305172e-06,0.0,3.2123173094915143e-06
short-h2x1-c1000,inline-streaming-nodelay,TCP segs/stream,3,4.001063277029441,4.001035175626499,4.001140293536077
short-h2x1-c1000,inline-streaming-nodelay,srv peak RSS MiB,3,114.58984375,114.3359375,114.71875
short-h2x1-c1000,inline-streaming-nodelay,errors,3,0,0,0
short-h2x1-c1000,inline-streaming-nodelay,timeouts,3,0,0,0
short-h2x1-c1000,inline-streaming-nodelay,client CPU %,3,70.72394646606965,69.97812315850561,71.47041743513381
short-h3-c64,main,streams/s,3,7194.180364254798,6942.877482860587,7522.819507370419
short-h3-c64,main,GiB/s,3,0.4390700303979044,0.42370498883428936,0.4591011548093883
short-h3-c64,main,TTFB p50 ms,3,8.318,7.708,8.654
short-h3-c64,main,TTFB p99 ms,3,8.98,8.562,9.331
short-h3-c64,main,TTFB p99.9 ms,3,9.181,8.785,9.523
short-h3-c64,main,TTLB p50 ms,3,8.884,8.489,9.211
short-h3-c64,main,TTLB p99 ms,3,10.033,9.994,10.359
short-h3-c64,main,TTLB p99.9 ms,3,10.69,10.619,11.036
short-h3-c64,main,srv CPU us/stream,3,243.55659354408206,233.04972081893115,251.22081214618055
short-h3-c64,main,srv cores busy,3,1.7521900628596223,1.7441953198756668,1.7531909859638852
short-h3-c64,main,srv ctxsw/stream,3,22.988781382934356,22.734591863865994,23.03601215770444
short-h3-c64,main,srv writes/stream,3,3.083058440529523,3.0498404679606486,3.088039035782801
short-h3-c64,main,TCP segs/stream,3,0.0,0.0,0.0
short-h3-c64,main,srv peak RSS MiB,3,16.44921875,16.34375,16.47265625
short-h3-c64,main,errors,3,0,0,0
short-h3-c64,main,timeouts,3,0,0,0
short-h3-c64,main,client CPU %,3,5.020544586504169,4.97555717682422,5.853137618570244
short-h3-c64,listener-nodelay,streams/s,3,7239.688751057987,7211.69858960683,12425.102329354157
short-h3-c64,listener-nodelay,GiB/s,3,0.4418252051824184,0.44013211401424,0.7582978285339469
short-h3-c64,listener-nodelay,TTFB p50 ms,3,8.249,7.59,8.268
short-h3-c64,listener-nodelay,TTFB p99 ms,3,8.925,8.516,8.966
short-h3-c64,listener-nodelay,TTFB p99.9 ms,3,9.123,8.705,9.175
short-h3-c64,listener-nodelay,TTLB p50 ms,3,8.828,8.121,8.861
short-h3-c64,listener-nodelay,TTLB p99 ms,3,9.985,9.43,10.098
short-h3-c64,listener-nodelay,TTLB p99.9 ms,3,10.667,9.969,10.698
short-h3-c64,listener-nodelay,srv CPU us/stream,3,241.16268426964734,233.74679040865442,242.16386467557226
short-h3-c64,listener-nodelay,srv cores busy,3,1.7531910070044694,1.739192590013213,2.90432778998563
short-h3-c64,listener-nodelay,srv ctxsw/stream,3,22.81656936027403,17.59062920064071,23.08530301565155
short-h3-c64,listener-nodelay,srv writes/stream,3,3.0639738081752754,2.168846639889888,3.0777850199004284
short-h3-c64,listener-nodelay,TCP segs/stream,3,0.0,0.0,0.0
short-h3-c64,listener-nodelay,srv peak RSS MiB,3,17.52734375,16.609375,18.55859375
short-h3-c64,listener-nodelay,errors,3,0,0,0
short-h3-c64,listener-nodelay,timeouts,3,0,0,0
short-h3-c64,listener-nodelay,client CPU %,3,5.210576994806693,5.1180576031633604,7.473343460973698
short-h3-c64,inline-streaming-nodelay,streams/s,3,7541.3440189271205,7203.196685078484,7566.240876449677
short-h3-c64,inline-streaming-nodelay,GiB/s,3,0.4602450797087324,0.43959947830350743,0.4617546836590074
short-h3-c64,inline-streaming-nodelay,TTFB p50 ms,3,7.826,7.772,8.299
short-h3-c64,inline-streaming-nodelay,TTFB p99 ms,3,8.532,8.518,8.978
short-h3-c64,inline-streaming-nodelay,TTFB p99.9 ms,3,8.748,8.714,9.181
short-h3-c64,inline-streaming-nodelay,TTLB p50 ms,3,8.471,8.444,8.879
short-h3-c64,inline-streaming-nodelay,TTLB p99 ms,3,9.808,9.7,10.067
short-h3-c64,inline-streaming-nodelay,TTLB p99.9 ms,3,10.458,10.308,10.689
short-h3-c64,inline-streaming-nodelay,srv CPU us/stream,3,233.27365559313043,231.58061701958917,241.16961012995668
short-h3-c64,inline-streaming-nodelay,srv cores busy,3,1.7521947306870533,1.7371921362297744,1.759196887380519
short-h3-c64,inline-streaming-nodelay,srv ctxsw/stream,3,22.654691093663256,22.570784430740666,23.10234088637121
short-h3-c64,inline-streaming-nodelay,srv writes/stream,3,3.063697887752135,3.0565081891121277,3.0770993002332556
short-h3-c64,inline-streaming-nodelay,TCP segs/stream,3,0.0,0.0,0.0
short-h3-c64,inline-streaming-nodelay,srv peak RSS MiB,3,16.234375,16.11328125,16.98828125
short-h3-c64,inline-streaming-nodelay,errors,3,0,0,0
short-h3-c64,inline-streaming-nodelay,timeouts,3,0,0,0
short-h3-c64,inline-streaming-nodelay,client CPU %,3,5.49811103421922,5.218077127679245,5.698137729306713
short-h3-c1000,main,streams/s,3,91937.77493814575,91465.03846962868,92517.90794890834
short-h3-c1000,main,GiB/s,3,5.610773595890111,5.581938340541811,5.646036366206242
short-h3-c1000,main,TTFB p50 ms,3,0.991,0.985,0.991
short-h3-c1000,main,TTFB p99 ms,3,4.077,3.815,4.094
short-h3-c1000,main,TTFB p99.9 ms,3,6.212,5.961,6.282
short-h3-c1000,main,TTLB p50 ms,3,11.157,11.078,11.194
short-h3-c1000,main,TTLB p99 ms,3,15.136,15.015,15.427
short-h3-c1000,main,TTLB p99.9 ms,3,16.94,16.844,18.08
short-h3-c1000,main,srv CPU us/stream,3,138.41342362187592,137.7287777584401,139.0630791789177
short-h3-c1000,main,srv cores busy,3,12.725422189366256,12.719409886804726,12.742378382571015
short-h3-c1000,main,srv ctxsw/stream,3,2.9931500367137147,2.99089050772961,3.009097380238784
short-h3-c1000,main,srv writes/stream,3,0.04792239365502838,0.04715563895461097,0.04949871466701074
short-h3-c1000,main,TCP segs/stream,3,0.0,0.0,5.513042669869276e-05
short-h3-c1000,main,srv peak RSS MiB,3,93.9140625,92.64453125,95.3203125
short-h3-c1000,main,errors,3,0,0,0
short-h3-c1000,main,timeouts,3,0,0,0
short-h3-c1000,main,client CPU %,3,56.15877628799032,56.033711073514056,56.53861595735782
short-h3-c1000,listener-nodelay,streams/s,3,91918.68388660124,91270.34627167719,92082.00291929397
short-h3-c1000,listener-nodelay,GiB/s,3,5.60937686698708,5.569778232815319,5.619800701165874
short-h3-c1000,listener-nodelay,TTFB p50 ms,3,0.988,0.984,0.989
short-h3-c1000,listener-nodelay,TTFB p99 ms,3,4.033,4.0,4.034
short-h3-c1000,listener-nodelay,TTFB p99.9 ms,3,6.249,6.037,6.33
short-h3-c1000,listener-nodelay,TTLB p50 ms,3,11.147,11.104,11.217
short-h3-c1000,listener-nodelay,TTLB p99 ms,3,15.3,15.185,15.433
short-h3-c1000,listener-nodelay,TTLB p99.9 ms,3,17.75,17.724,18.227
short-h3-c1000,listener-nodelay,srv CPU us/stream,3,139.26940142446486,138.8811955925558,139.82121293806446
short-h3-c1000,listener-nodelay,srv cores busy,3,12.788458657988759,12.761530520983055,12.801460084611556
short-h3-c1000,listener-nodelay,srv ctxsw/stream,3,3.034167789163535,3.0133591828090127,3.047355121773757
short-h3-c1000,listener-nodelay,srv writes/stream,3,0.05389725835126789,0.05351384521811853,0.05661444190954576
short-h3-c1000,listener-nodelay,TCP segs/stream,3,0.0,0.0,0.0
short-h3-c1000,listener-nodelay,srv peak RSS MiB,3,94.4453125,92.296875,95.2109375
short-h3-c1000,listener-nodelay,errors,3,0,0,0
short-h3-c1000,listener-nodelay,timeouts,3,0,0,0
short-h3-c1000,listener-nodelay,client CPU %,3,56.47894176783016,56.43926889697306,56.48394258673341
short-h3-c1000,inline-streaming-nodelay,streams/s,3,92001.5119066607,89810.1935341448,92821.12429828159
short-h3-c1000,inline-streaming-nodelay,GiB/s,3,5.614861414603502,5.481231368314182,5.664581137719923
short-h3-c1000,inline-streaming-nodelay,TTFB p50 ms,3,0.984,0.979,1.015
short-h3-c1000,inline-streaming-nodelay,TTFB p99 ms,3,3.997,3.754,4.355
short-h3-c1000,inline-streaming-nodelay,TTFB p99.9 ms,3,6.175,5.782,6.685
short-h3-c1000,inline-streaming-nodelay,TTLB p50 ms,3,11.128,11.035,11.414
short-h3-c1000,inline-streaming-nodelay,TTLB p99 ms,3,15.241,14.906,15.926
short-h3-c1000,inline-streaming-nodelay,TTLB p99.9 ms,3,17.829,16.633,18.53
short-h3-c1000,inline-streaming-nodelay,srv CPU us/stream,3,139.00242631903922,138.19586834650895,140.13347423889283
short-h3-c1000,inline-streaming-nodelay,srv cores busy,3,12.788433380045813,12.585414442007059,12.827495873300265
short-h3-c1000,inline-streaming-nodelay,srv ctxsw/stream,3,2.9792577985720374,2.9699699666258725,2.9802468045033796
short-h3-c1000,inline-streaming-nodelay,srv writes/stream,3,0.05088204089086782,0.043315096531072905,0.05265687105849243
short-h3-c1000,inline-streaming-nodelay,TCP segs/stream,3,0.0,0.0,0.0
short-h3-c1000,inline-streaming-nodelay,srv peak RSS MiB,3,93.6015625,92.68359375,95.80078125
short-h3-c1000,inline-streaming-nodelay,errors,3,0,0,0
short-h3-c1000,inline-streaming-nodelay,timeouts,3,0,0,0
short-h3-c1000,inline-streaming-nodelay,client CPU %,3,56.87887521753778,56.41634048582471,56.911636727752345
long256k-h1-c64,main,streams/s,3,4457.004117919065,4284.5638061743,4525.127910924857
long256k-h1-c64,main,GiB/s,3,34.811558254360676,33.47528728205397,35.348013421664504
long256k-h1-c64,main,TTFB p50 ms,3,1.296,1.138,1.674
long256k-h1-c64,main,TTFB p99 ms,3,3.431,3.305,3.562
long256k-h1-c64,main,TTFB p99.9 ms,3,4.2,4.17,4.413
long256k-h1-c64,main,TTLB p50 ms,3,6.269,6.002,6.663
long256k-h1-c64,main,TTLB p99 ms,3,54.64,54.611,56.315
long256k-h1-c64,main,TTLB p99.9 ms,3,62.341,61.566,63.997
long256k-h1-c64,main,srv CPU us/stream,3,5114.551778301357,5043.318746408522,5348.8480661049
long256k-h1-c64,main,srv cores busy,3,22.821662423063763,22.795578337199426,22.917480828758453
long256k-h1-c64,main,srv ctxsw/stream,3,1.0131282323299298,0.9347587591326066,1.056838326040615
long256k-h1-c64,main,srv writes/stream,3,144.2349152922697,144.23135746806346,144.25130132349852
long256k-h1-c64,main,TCP segs/stream,3,386.1257489060922,386.0648455112054,386.21068602506944
long256k-h1-c64,main,srv peak RSS MiB,3,334.078125,314.90625,343.92578125
long256k-h1-c64,main,errors,3,0,0,0
long256k-h1-c64,main,timeouts,3,0,0,0
long256k-h1-c64,main,client CPU %,3,45.4226376137303,43.66222645784517,46.3929122945734
long256k-h1-c64,listener-nodelay,streams/s,3,4604.524491254845,4558.8186841546085,4689.830934822165
long256k-h1-c64,listener-nodelay,GiB/s,3,35.9705683879302,35.61302025663205,36.636648849975344
long256k-h1-c64,listener-nodelay,TTFB p50 ms,3,1.63,1.567,1.688
long256k-h1-c64,listener-nodelay,TTFB p99 ms,3,3.632,3.553,3.852
long256k-h1-c64,listener-nodelay,TTFB p99.9 ms,3,4.651,4.525,4.82
long256k-h1-c64,listener-nodelay,TTLB p50 ms,3,11.013,10.836,11.061
long256k-h1-c64,listener-nodelay,TTLB p99 ms,3,47.032,45.75,47.635
long256k-h1-c64,listener-nodelay,TTLB p99.9 ms,3,65.235,61.661,65.561
long256k-h1-c64,listener-nodelay,srv CPU us/stream,3,4996.090356211989,4926.108374384236,5029.506614307966
long256k-h1-c64,listener-nodelay,srv cores busy,3,23.004620405700248,22.92860872538634,23.102615442473716
long256k-h1-c64,listener-nodelay,srv ctxsw/stream,3,0.5837315377932233,0.5333631885356024,0.5995436895333787
long256k-h1-c64,listener-nodelay,srv writes/stream,3,144.01874480199604,144.01655082536925,144.0202268389531
long256k-h1-c64,listener-nodelay,TCP segs/stream,3,400.5992180712424,400.59776671127395,400.6446164672766
long256k-h1-c64,listener-nodelay,srv peak RSS MiB,3,557.94921875,553.07421875,595.07421875
long256k-h1-c64,listener-nodelay,errors,3,0,0,0
long256k-h1-c64,listener-nodelay,timeouts,3,0,0,0
long256k-h1-c64,listener-nodelay,client CPU %,3,45.37516858562821,44.8726054255549,46.190229186608164
long256k-h1-c64,inline-streaming-nodelay,streams/s,3,5685.293024956022,5677.241251779802,5703.342942412573
long256k-h1-c64,inline-streaming-nodelay,GiB/s,3,44.41681949224027,44.35235390626376,44.556519024963784
long256k-h1-c64,inline-streaming-nodelay,TTFB p50 ms,3,0.72,0.71,0.724
long256k-h1-c64,inline-streaming-nodelay,TTFB p99 ms,3,2.625,2.602,2.632
long256k-h1-c64,inline-streaming-nodelay,TTFB p99.9 ms,3,3.364,3.329,3.394
long256k-h1-c64,inline-streaming-nodelay,TTLB p50 ms,3,8.941,8.913,8.983
long256k-h1-c64,inline-streaming-nodelay,TTLB p99 ms,3,38.108,37.141,38.357
long256k-h1-c64,inline-streaming-nodelay,TTLB p99.9 ms,3,54.187,48.949,55.467
long256k-h1-c64,inline-streaming-nodelay,srv CPU us/stream,3,4198.990272133974,4189.419047118032,4205.686502483881
long256k-h1-c64,inline-streaming-nodelay,srv cores busy,3,23.87669690395501,23.87249010602147,23.893693555189433
long256k-h1-c64,inline-streaming-nodelay,srv ctxsw/stream,3,0.2500792728041433,0.22156171637996036,0.2585184794272345
long256k-h1-c64,inline-streaming-nodelay,srv writes/stream,3,144.02812702754835,144.02741077405489,144.03234999208402
long256k-h1-c64,inline-streaming-nodelay,TCP segs/stream,3,400.59219317165554,400.568421238065,400.6104983552342
long256k-h1-c64,inline-streaming-nodelay,srv peak RSS MiB,3,143.48828125,138.15234375,156.31640625
long256k-h1-c64,inline-streaming-nodelay,errors,3,0,0,0
long256k-h1-c64,inline-streaming-nodelay,timeouts,3,0,0,0
long256k-h1-c64,inline-streaming-nodelay,client CPU %,3,54.78571462119214,54.76868619430494,55.04620540277203
long256k-h1-c1000,main,streams/s,3,5490.133871092275,5453.913110914016,5493.754986345741
long256k-h1-c1000,main,GiB/s,3,42.90165738411964,42.6047756383041,42.92602835338302
long256k-h1-c1000,main,TTFB p50 ms,3,55.614,55.445,56.116
long256k-h1-c1000,main,TTFB p99 ms,3,170.234,167.373,174.019
long256k-h1-c1000,main,TTFB p99.9 ms,3,220.323,211.457,228.616
long256k-h1-c1000,main,TTLB p50 ms,3,179.666,178.778,181.077
long256k-h1-c1000,main,TTLB p99 ms,3,334.156,332.578,334.3
long256k-h1-c1000,main,TTLB p99.9 ms,3,406.819,386.189,422.869
long256k-h1-c1000,main,srv CPU us/stream,3,4363.78540850715,4361.289617884255,4393.486512753745
long256k-h1-c1000,main,srv cores busy,3,23.959856585149534,23.957766077423344,23.96169369453155
long256k-h1-c1000,main,srv ctxsw/stream,3,0.044981937542405516,0.04486747426905911,0.047641586717882434
long256k-h1-c1000,main,srv writes/stream,3,144.03713749977246,144.00304402838648,144.04994990436288
long256k-h1-c1000,main,TCP segs/stream,3,393.58977626476855,393.2587303033063,393.76555480167974
long256k-h1-c1000,main,srv peak RSS MiB,3,5906.89453125,5820.9140625,6091.1796875
long256k-h1-c1000,main,errors,3,0,0,0
long256k-h1-c1000,main,timeouts,3,0,0,0
long256k-h1-c1000,main,client CPU %,3,56.17669759935925,55.8487783353595,56.23149228566593
long256k-h1-c1000,listener-nodelay,streams/s,3,5306.093662738486,5302.00078402424,5321.833056522505
long256k-h1-c1000,listener-nodelay,GiB/s,3,41.44523529426328,41.40818481423075,41.55379557179522
long256k-h1-c1000,listener-nodelay,TTFB p50 ms,3,57.083,56.462,58.259
long256k-h1-c1000,listener-nodelay,TTFB p99 ms,3,174.508,168.037,177.197
long256k-h1-c1000,listener-nodelay,TTFB p99.9 ms,3,213.006,205.74,243.25
long256k-h1-c1000,listener-nodelay,TTLB p50 ms,3,186.243,185.756,186.97
long256k-h1-c1000,listener-nodelay,TTLB p99 ms,3,346.879,346.584,347.108
long256k-h1-c1000,listener-nodelay,TTLB p99.9 ms,3,425.323,416.677,428.789
long256k-h1-c1000,listener-nodelay,srv CPU us/stream,3,4514.371878239563,4502.179959407653,4520.126758969329
long256k-h1-c1000,listener-nodelay,srv cores busy,3,23.959850134388795,23.95368001437178,23.965715619944326
long256k-h1-c1000,listener-nodelay,srv ctxsw/stream,3,0.04476433887093137,0.03865016788018259,0.04542455941947036
long256k-h1-c1000,listener-nodelay,srv writes/stream,3,143.96912136416796,143.93576636848832,143.9843181603996
long256k-h1-c1000,listener-nodelay,TCP segs/stream,3,401.7703337593024,401.74304024125905,401.7997887350511
long256k-h1-c1000,listener-nodelay,srv peak RSS MiB,3,5901.12890625,5744.36328125,5942.56640625
long256k-h1-c1000,listener-nodelay,errors,3,0,0,0
long256k-h1-c1000,listener-nodelay,timeouts,3,0,0,0
long256k-h1-c1000,listener-nodelay,client CPU %,3,52.59338431613612,52.54095355730814,52.65626370478649
long256k-h1-c1000,inline-streaming-nodelay,streams/s,3,5807.849197898632,5804.368353281027,5813.944614713817
long256k-h1-c1000,inline-streaming-nodelay,GiB/s,3,45.36427180521886,45.360850568260666,45.37378546949659
long256k-h1-c1000,inline-streaming-nodelay,TTFB p50 ms,3,59.214,58.393,59.244
long256k-h1-c1000,inline-streaming-nodelay,TTFB p99 ms,3,170.827,169.692,177.054
long256k-h1-c1000,inline-streaming-nodelay,TTFB p99.9 ms,3,225.257,212.466,227.506
long256k-h1-c1000,inline-streaming-nodelay,TTLB p50 ms,3,169.157,167.307,169.397
long256k-h1-c1000,inline-streaming-nodelay,TTLB p99 ms,3,322.617,315.459,325.638
long256k-h1-c1000,inline-streaming-nodelay,TTLB p99.9 ms,3,378.337,372.456,381.853
long256k-h1-c1000,inline-streaming-nodelay,srv CPU us/stream,3,4129.356660697065,4124.851633323586,4131.846925237349
long256k-h1-c1000,inline-streaming-nodelay,srv cores busy,3,23.98268076966683,23.98165894005515,23.98276153344919
long256k-h1-c1000,inline-streaming-nodelay,srv ctxsw/stream,3,0.059897132437686,0.05868669986387994,0.06006336961013914
long256k-h1-c1000,inline-streaming-nodelay,srv writes/stream,3,143.98660283785645,143.8654636781174,144.06132294915312
long256k-h1-c1000,inline-streaming-nodelay,TCP segs/stream,3,402.49330141892824,402.1296337708358,402.68159966917653
long256k-h1-c1000,inline-streaming-nodelay,srv peak RSS MiB,3,990.7265625,966.3125,1002.9296875
long256k-h1-c1000,inline-streaming-nodelay,errors,3,0,0,0
long256k-h1-c1000,inline-streaming-nodelay,timeouts,3,0,0,0
long256k-h1-c1000,inline-streaming-nodelay,client CPU %,3,56.28629164790864,56.28374039780449,56.306483500132984
long256k-h1-c5000,main,streams/s,3,5487.941177570746,5476.657366469692,5495.842644268753
long256k-h1-c5000,main,GiB/s,3,42.82927486530114,42.779031511168974,42.93077083315696
long256k-h1-c5000,main,TTFB p50 ms,3,333.008,309.131,343.956
long256k-h1-c5000,main,TTFB p99 ms,3,808.205,791.692,864.582
long256k-h1-c5000,main,TTFB p99.9 ms,3,907.3,895.604,962.966
long256k-h1-c5000,main,TTLB p50 ms,3,905.376,904.353,911.554
long256k-h1-c5000,main,TTLB p99 ms,3,1604.801,1584.417,1726.296
long256k-h1-c5000,main,TTLB p99.9 ms,3,1812.118,1797.637,1912.77
long256k-h1-c5000,main,srv CPU us/stream,3,4368.8152643376525,4363.9903916145,4377.100073046019
long256k-h1-c5000,main,srv cores busy,3,23.975801186358225,23.971877358822503,23.983804493414066
long256k-h1-c5000,main,srv ctxsw/stream,3,0.06501095690284879,0.062436308050662394,0.08027627430612505
long256k-h1-c5000,main,srv writes/stream,3,143.99774348522348,143.69735571228108,144.16015339663988
long256k-h1-c5000,main,TCP segs/stream,3,402.92613553646817,402.2434712882474,404.05089481373267
long256k-h1-c5000,main,srv peak RSS MiB,3,19447.45703125,19425.27734375,19861.19921875
long256k-h1-c5000,main,errors,3,0,0,0
long256k-h1-c5000,main,timeouts,3,0,0,0
long256k-h1-c5000,main,client CPU %,3,55.83670211285663,55.70400811651388,55.90403701557953
long256k-h1-c5000,listener-nodelay,streams/s,3,5337.696384019604,5311.308573985454,5341.116137804866
long256k-h1-c5000,listener-nodelay,GiB/s,3,41.56736512327434,41.555663174702445,41.59962402340434
long256k-h1-c5000,listener-nodelay,TTFB p50 ms,3,321.299,313.584,337.215
long256k-h1-c5000,listener-nodelay,TTFB p99 ms,3,864.975,852.973,876.913
long256k-h1-c5000,listener-nodelay,TTFB p99.9 ms,3,969.612,963.131,981.27
long256k-h1-c5000,listener-nodelay,TTLB p50 ms,3,934.038,931.177,936.895
long256k-h1-c5000,listener-nodelay,TTLB p99 ms,3,1731.83,1697.604,1760.262
long256k-h1-c5000,listener-nodelay,TTLB p99.9 ms,3,1928.096,1893.442,1928.254
long256k-h1-c5000,listener-nodelay,srv CPU us/stream,3,4493.076764535047,4489.467278344724,4513.3409908298345
long256k-h1-c5000,listener-nodelay,srv cores busy,3,23.9787661305139,23.971746701914505,23.982679599181225
long256k-h1-c5000,listener-nodelay,srv ctxsw/stream,3,0.0674336250023421,0.06673532440782698,0.08420735496262263
long256k-h1-c5000,listener-nodelay,srv writes/stream,3,143.5783728115345,143.55706282438027,144.2258647635905
long256k-h1-c5000,listener-nodelay,TCP segs/stream,3,400.5037005115137,400.3154760790188,402.171352175796
long256k-h1-c5000,listener-nodelay,srv peak RSS MiB,3,19669.1640625,19020.2578125,19942.2890625
long256k-h1-c5000,listener-nodelay,errors,3,0,0,0
long256k-h1-c5000,listener-nodelay,timeouts,3,0,0,0
long256k-h1-c5000,listener-nodelay,client CPU %,3,53.08843160231598,53.06362128669257,53.12108665660599
long256k-h1-c5000,inline-streaming-nodelay,streams/s,3,5825.246392058123,5806.044790304187,5828.883574160724
long256k-h1-c5000,inline-streaming-nodelay,GiB/s,3,45.480610559901216,45.37351192713425,45.578340149681885
long256k-h1-c5000,inline-streaming-nodelay,TTFB p50 ms,3,328.384,317.153,328.975
long256k-h1-c5000,inline-streaming-nodelay,TTFB p99 ms,3,853.511,832.941,854.272
long256k-h1-c5000,inline-streaming-nodelay,TTFB p99.9 ms,3,969.28,968.834,972.568
long256k-h1-c5000,inline-streaming-nodelay,TTLB p50 ms,3,852.342,851.567,853.786
long256k-h1-c5000,inline-streaming-nodelay,TTLB p99 ms,3,1582.775,1553.761,1603.605
long256k-h1-c5000,inline-streaming-nodelay,TTLB p99.9 ms,3,1763.579,1725.867,1839.963
long256k-h1-c5000,inline-streaming-nodelay,srv CPU us/stream,3,4118.566081791024,4115.6789403246285,4132.187273917387
long256k-h1-c5000,inline-streaming-nodelay,srv cores busy,3,23.991662208406122,23.98981337177744,23.991664394289305
long256k-h1-c5000,inline-streaming-nodelay,srv ctxsw/stream,3,0.056621913951172616,0.05543115030833362,0.056655571188360045
long256k-h1-c5000,inline-streaming-nodelay,srv writes/stream,3,144.05992696455024,143.92578031109431,144.1455509419718
long256k-h1-c5000,inline-streaming-nodelay,TCP segs/stream,3,407.1412478037689,406.6545513855029,407.1524655982979
long256k-h1-c5000,inline-streaming-nodelay,srv peak RSS MiB,3,3775.5234375,3763.82421875,3858.1953125
long256k-h1-c5000,inline-streaming-nodelay,errors,3,0,0,0
long256k-h1-c5000,inline-streaming-nodelay,timeouts,3,0,0,0
long256k-h1-c5000,inline-streaming-nodelay,client CPU %,3,56.418760445692214,56.36625975497709,56.57413465243758
long256k-h2-c64,main,streams/s,3,161.11800203660357,154.4168070341112,163.81712249327725
long256k-h2-c64,main,GiB/s,3,1.2539899040254834,1.2158183798332025,1.2923622465259037
long256k-h2-c64,main,TTFB p50 ms,3,19.622,18.827,19.952
long256k-h2-c64,main,TTFB p99 ms,3,28.518,28.202,29.136
long256k-h2-c64,main,TTFB p99.9 ms,3,31.245,28.433,31.676
long256k-h2-c64,main,TTLB p50 ms,3,398.542,387.098,411.114
long256k-h2-c64,main,TTLB p99 ms,3,437.654,418.454,446.496
long256k-h2-c64,main,TTLB p99.9 ms,3,453.943,429.096,459.36
long256k-h2-c64,main,srv CPU us/stream,3,5654.872749844817,5592.185592185592,5699.481865284974
long256k-h2-c64,main,srv cores busy,3,0.9111017992262311,0.8800957913861261,0.9160957521602073
long256k-h2-c64,main,srv ctxsw/stream,3,40.67460317460318,39.71570453134699,41.954015544041454
long256k-h2-c64,main,srv writes/stream,3,513.1230569948186,507.15890751086283,514.010989010989
long256k-h2-c64,main,TCP segs/stream,3,355.09186840471756,352.63247863247864,363.5181347150259
long256k-h2-c64,main,srv peak RSS MiB,3,640.10546875,606.2109375,645.1875
long256k-h2-c64,main,errors,3,0,0,0
long256k-h2-c64,main,timeouts,3,0,0,0
long256k-h2-c64,main,client CPU %,3,4.310481618732225,4.275465350199647,4.340453672898799
long256k-h2-c64,listener-nodelay,streams/s,3,181.12042652624706,176.319549835623,181.42035881124545
long256k-h2-c64,listener-nodelay,GiB/s,3,1.4124448586823022,1.364732613622181,1.4159250328643405
long256k-h2-c64,listener-nodelay,TTFB p50 ms,3,17.456,17.418,18.12
long256k-h2-c64,listener-nodelay,TTFB p99 ms,3,26.14,25.959,27.734
long256k-h2-c64,listener-nodelay,TTFB p99.9 ms,3,27.864,27.479,29.47
long256k-h2-c64,listener-nodelay,TTLB p50 ms,3,354.136,353.251,365.911
long256k-h2-c64,listener-nodelay,TTLB p99 ms,3,388.068,387.64,401.886
long256k-h2-c64,listener-nodelay,TTLB p99.9 ms,3,407.014,401.881,420.039
long256k-h2-c64,listener-nodelay,srv CPU us/stream,3,5748.205411374931,5518.1918412348405,6069.20022688599
long256k-h2-c64,listener-nodelay,srv cores busy,3,1.041117415868709,1.0011123438261118,1.0701186518667987
long256k-h2-c64,listener-nodelay,srv ctxsw/stream,3,40.0414066931367,37.76460859977949,41.23081170623965
long256k-h2-c64,listener-nodelay,srv writes/stream,3,0.1943677526228603,0.18798235942668137,0.20363017583664209
long256k-h2-c64,listener-nodelay,TCP segs/stream,3,256.7298787210584,253.69030062393648,257.8779679734953
long256k-h2-c64,listener-nodelay,srv peak RSS MiB,3,728.953125,641.7421875,949.61328125
long256k-h2-c64,listener-nodelay,errors,3,0,0,0
long256k-h2-c64,listener-nodelay,timeouts,3,0,0,0
long256k-h2-c64,listener-nodelay,client CPU %,3,4.430497185963712,4.400487914218611,4.455502485778193
long256k-h2-c64,inline-streaming-nodelay,streams/s,3,170.9190846369796,153.51726791397778,182.11989066094628
long256k-h2-c64,inline-streaming-nodelay,GiB/s,3,1.3433283141203949,1.1810135738086662,1.4112365901803905
long256k-h2-c64,inline-streaming-nodelay,TTFB p50 ms,3,17.108,14.68,17.506
long256k-h2-c64,inline-streaming-nodelay,TTFB p99 ms,3,22.637,17.431,24.388
long256k-h2-c64,inline-streaming-nodelay,TTFB p99.9 ms,3,26.606,18.021,26.84
long256k-h2-c64,inline-streaming-nodelay,TTLB p50 ms,3,364.482,354.012,423.126
long256k-h2-c64,inline-streaming-nodelay,TTLB p99 ms,3,425.5,393.512,447.104
long256k-h2-c64,inline-streaming-nodelay,TTLB p99.9 ms,3,437.303,404.307,455.471
long256k-h2-c64,inline-streaming-nodelay,srv CPU us/stream,3,4956.114686951433,4592.833876221498,5293.794618341571
long256k-h2-c64,inline-streaming-nodelay,srv cores busy,3,0.8470945856496297,0.7050793086602887,0.9641052970738727
long256k-h2-c64,inline-streaming-nodelay,srv ctxsw/stream,3,29.243417203042714,25.330038440417354,31.020195439739414
long256k-h2-c64,inline-streaming-nodelay,srv writes/stream,3,1.3680514921006437,0.14991762767710048,3.83257328990228
long256k-h2-c64,inline-streaming-nodelay,TCP segs/stream,3,255.51070840197693,253.87946167349327,292.84039087947883
long256k-h2-c64,inline-streaming-nodelay,srv peak RSS MiB,3,132.90625,113.69921875,144.3515625
long256k-h2-c64,inline-streaming-nodelay,errors,3,0,0,0
long256k-h2-c64,inline-streaming-nodelay,timeouts,3,0,0,0
long256k-h2-c64,inline-streaming-nodelay,client CPU %,3,4.2629759992107985,3.945443791013956,4.470488255103953
long256k-h2-c1000,main,streams/s,3,3422.9970200746698,3402.494658417675,3429.889552792859
long256k-h2-c1000,main,GiB/s,3,26.648608853734117,26.51763520594516,26.736229065021778
long256k-h2-c1000,main,TTFB p50 ms,3,13.055,12.949,13.173
long256k-h2-c1000,main,TTFB p99 ms,3,21.455,21.406,21.483
long256k-h2-c1000,main,TTFB p99.9 ms,3,23.44,23.359,23.596
long256k-h2-c1000,main,TTLB p50 ms,3,299.156,298.257,300.735
long256k-h2-c1000,main,TTLB p99 ms,3,323.585,322.052,324.893
long256k-h2-c1000,main,TTLB p99.9 ms,3,332.578,331.157,333.601
long256k-h2-c1000,main,srv CPU us/stream,3,5098.410847062254,5090.866592648864,5115.957790776285
long256k-h2-c1000,main,srv cores busy,3,17.426021176234748,17.4070190558066,17.486986100184616
long256k-h2-c1000,main,srv ctxsw/stream,3,32.209197685969734,32.198847770494694,32.21761189677795
long256k-h2-c1000,main,srv writes/stream,3,508.02618970635785,507.4580143750365,508.08578509986876
long256k-h2-c1000,main,TCP segs/stream,3,359.5464566003351,359.3989364810378,360.25338970695435
long256k-h2-c1000,main,srv peak RSS MiB,3,7608.72265625,7519.0703125,7811.984375
long256k-h2-c1000,main,errors,3,0,0,0
long256k-h2-c1000,main,timeouts,3,0,0,0
long256k-h2-c1000,main,client CPU %,3,49.48823994794743,49.41823206521366,49.85066183378337
long256k-h2-c1000,listener-nodelay,streams/s,3,3558.4086163315037,3522.797871837241,3573.6976610630163
long256k-h2-c1000,listener-nodelay,GiB/s,3,27.656176073637102,27.439102688570948,27.834983513966375
long256k-h2-c1000,listener-nodelay,TTFB p50 ms,3,15.361,15.352,15.543
long256k-h2-c1000,listener-nodelay,TTFB p99 ms,3,20.995,20.489,21.098
long256k-h2-c1000,listener-nodelay,TTFB p99.9 ms,3,22.97,22.85,23.442
long256k-h2-c1000,listener-nodelay,TTLB p50 ms,3,288.133,286.225,290.23
long256k-h2-c1000,listener-nodelay,TTLB p99 ms,3,306.795,304.378,309.598
long256k-h2-c1000,listener-nodelay,TTLB p99.9 ms,3,314.069,311.213,316.561
long256k-h2-c1000,listener-nodelay,srv CPU us/stream,3,5054.525014052839,5037.640276495116,5100.499659323189
long256k-h2-c1000,listener-nodelay,srv cores busy,3,17.986065361468736,17.9680293451703,18.003003273387442
long256k-h2-c1000,listener-nodelay,srv ctxsw/stream,3,29.590137406313875,29.437186914057033,29.73788645306352
long256k-h2-c1000,listener-nodelay,srv writes/stream,3,1.2747558482852601,1.2641255981865502,1.2843170320404722
long256k-h2-c1000,listener-nodelay,TCP segs/stream,3,265.11517715194185,264.1258572231591,266.2968404556013
long256k-h2-c1000,listener-nodelay,srv peak RSS MiB,3,9008.79296875,8973.19140625,9220.859375
long256k-h2-c1000,listener-nodelay,errors,3,0,0,0
long256k-h2-c1000,listener-nodelay,timeouts,3,0,0,0
long256k-h2-c1000,listener-nodelay,client CPU %,3,47.94300535283627,47.712888789085625,48.49039573969169
long256k-h2-c1000,inline-streaming-nodelay,streams/s,3,3476.396443383448,3472.2831671419503,3481.804063013333
long256k-h2-c1000,inline-streaming-nodelay,GiB/s,3,27.13823316418779,27.014854306659885,27.15541496066501
long256k-h2-c1000,inline-streaming-nodelay,TTFB p50 ms,3,12.722,12.674,12.786
long256k-h2-c1000,inline-streaming-nodelay,TTFB p99 ms,3,18.453,18.404,19.323
long256k-h2-c1000,inline-streaming-nodelay,TTFB p99.9 ms,3,20.771,20.685,22.128
long256k-h2-c1000,inline-streaming-nodelay,TTLB p50 ms,3,293.571,293.385,295.048
long256k-h2-c1000,inline-streaming-nodelay,TTLB p99 ms,3,316.838,315.168,317.101
long256k-h2-c1000,inline-streaming-nodelay,TTLB p99.9 ms,3,327.124,325.221,328.07
long256k-h2-c1000,inline-streaming-nodelay,srv CPU us/stream,3,5166.570771001151,5159.993106221635,5175.840317981509
long256k-h2-c1000,inline-streaming-nodelay,srv cores busy,3,17.966084962363276,17.96104825279728,17.971983211941833
long256k-h2-c1000,inline-streaming-nodelay,srv ctxsw/stream,3,22.61162176136037,22.305523590333717,22.612949681730466
long256k-h2-c1000,inline-streaming-nodelay,srv writes/stream,3,1.2017004653300396,1.1806674338319907,1.2044701748322244
long256k-h2-c1000,inline-streaming-nodelay,TCP segs/stream,3,261.82682254265524,261.45758806417234,262.0617088607595
long256k-h2-c1000,inline-streaming-nodelay,srv peak RSS MiB,3,2192.9453125,2086.9765625,2201.41796875
long256k-h2-c1000,inline-streaming-nodelay,errors,3,0,0,0
long256k-h2-c1000,inline-streaming-nodelay,timeouts,3,0,0,0
long256k-h2-c1000,inline-streaming-nodelay,client CPU %,3,47.012687859507835,46.99045323739915,47.10787211578506
long256k-h2-c5000,main,streams/s,3,4819.085594077416,4813.676975505535,4820.555601330776
long256k-h2-c5000,main,GiB/s,3,38.45682793154118,38.31518236974542,38.51297211075261
long256k-h2-c5000,main,TTFB p50 ms,3,35.371,35.238,35.465
long256k-h2-c5000,main,TTFB p99 ms,3,66.81,66.48,67.664
long256k-h2-c5000,main,TTFB p99.9 ms,3,79.669,78.294,80.453
long256k-h2-c5000,main,TTLB p50 ms,3,1026.614,1026.009,1029.969
long256k-h2-c5000,main,TTLB p99 ms,3,1161.615,1157.885,1170.634
long256k-h2-c5000,main,TTLB p99.9 ms,3,1209.247,1209.022,1211.769
long256k-h2-c5000,main,srv CPU us/stream,3,4968.04979253112,4966.483345439452,4972.0554320500305
long256k-h2-c5000,main,srv cores busy,3,23.933908343232673,23.933868754196457,23.948760255076092
long256k-h2-c5000,main,srv ctxsw/stream,3,0.865850622406639,0.8430631939400228,0.877729529824853
long256k-h2-c5000,main,srv writes/stream,3,519.0397249174129,516.3838174273859,519.1976963785411
long256k-h2-c5000,main,TCP segs/stream,3,366.78159606075087,365.68280082987553,367.7450243851821
long256k-h2-c5000,main,srv peak RSS MiB,3,38610.27734375,38488.90234375,38715.28125
long256k-h2-c5000,main,errors,3,0,0,0
long256k-h2-c5000,main,timeouts,3,0,0,0
long256k-h2-c5000,main,client CPU %,3,70.25353690068862,69.87305333754661,70.56095755632631
long256k-h2-c5000,listener-nodelay,streams/s,3,4794.3847878929255,4779.672967598696,4821.180023633575
long256k-h2-c5000,listener-nodelay,GiB/s,3,37.524114171281504,37.50495825919348,37.558492516134436
long256k-h2-c5000,listener-nodelay,TTFB p50 ms,3,50.582,48.496,50.939
long256k-h2-c5000,listener-nodelay,TTFB p99 ms,3,147.408,145.064,149.014
long256k-h2-c5000,listener-nodelay,TTFB p99.9 ms,3,181.6,179.722,198.461
long256k-h2-c5000,listener-nodelay,TTLB p50 ms,3,1010.475,998.127,1037.95
long256k-h2-c5000,listener-nodelay,TTLB p99 ms,3,2014.314,1923.601,2076.028
long256k-h2-c5000,listener-nodelay,TTLB p99.9 ms,3,2227.881,2070.707,2266.792
long256k-h2-c5000,listener-nodelay,srv CPU us/stream,3,4994.159122199508,4966.809110899058,5009.520621037434
long256k-h2-c5000,listener-nodelay,srv cores busy,3,23.943920523790005,23.943870293000856,23.94588086666778
long256k-h2-c5000,listener-nodelay,srv ctxsw/stream,3,1.0774542116900998,1.0451758699336695,1.153819026677177
long256k-h2-c5000,listener-nodelay,srv writes/stream,3,0.15241363436630329,0.1518483176368087,0.1525303517042847
long256k-h2-c5000,listener-nodelay,TCP segs/stream,3,262.395031081814,260.5960668796415,263.1010650540897
long256k-h2-c5000,listener-nodelay,srv peak RSS MiB,3,41056.58203125,39837.4296875,41705.2734375
long256k-h2-c5000,listener-nodelay,errors,3,0,0,0
long256k-h2-c5000,listener-nodelay,timeouts,3,0,0,0
long256k-h2-c5000,listener-nodelay,client CPU %,3,65.73301768623274,65.40286844905565,66.015413657126
long256k-h2-c5000,inline-streaming-nodelay,streams/s,3,4846.381245403648,4842.8670953782885,4850.295842353227
long256k-h2-c5000,inline-streaming-nodelay,GiB/s,3,37.69353130417857,37.63297773802981,37.737057908450225
long256k-h2-c5000,inline-streaming-nodelay,TTFB p50 ms,3,49.56,48.273,50.2
long256k-h2-c5000,inline-streaming-nodelay,TTFB p99 ms,3,144.654,142.584,148.44
long256k-h2-c5000,inline-streaming-nodelay,TTFB p99.9 ms,3,177.666,171.811,179.552
long256k-h2-c5000,inline-streaming-nodelay,TTLB p50 ms,3,1027.115,1024.569,1031.619
long256k-h2-c5000,inline-streaming-nodelay,TTLB p99 ms,3,1713.942,1703.07,1775.473
long256k-h2-c5000,inline-streaming-nodelay,TTLB p99.9 ms,3,1852.763,1818.77,1942.595
long256k-h2-c5000,inline-streaming-nodelay,srv CPU us/stream,3,4943.456188864584,4940.099387590985,4948.474898292134
long256k-h2-c5000,inline-streaming-nodelay,srv cores busy,3,23.96094352044428,23.957873361187914,23.964806257244398
long256k-h2-c5000,inline-streaming-nodelay,srv ctxsw/stream,3,0.3530140635648349,0.2883528003632011,0.3644967729962678
long256k-h2-c5000,inline-streaming-nodelay,srv writes/stream,3,0.14953155309752775,0.1494950746546063,0.15007113842093325
long256k-h2-c5000,inline-streaming-nodelay,TCP segs/stream,3,260.0796956512774,259.79844401337243,260.19802573157386
long256k-h2-c5000,inline-streaming-nodelay,srv peak RSS MiB,3,7850.58203125,7562.11328125,7921.796875
long256k-h2-c5000,inline-streaming-nodelay,errors,3,0,0,0
long256k-h2-c5000,inline-streaming-nodelay,timeouts,3,0,0,0
long256k-h2-c5000,inline-streaming-nodelay,client CPU %,3,65.37553116172641,65.37515537185642,65.75288600005425
long256k-h3-c64,main,streams/s,3,62.407354712993666,62.00709364871767,63.20711792420866
long256k-h3-c64,main,GiB/s,3,0.4775711419339552,0.4721850927572614,0.48300667656757096
long256k-h3-c64,main,TTFB p50 ms,3,7.006,6.778,7.23
long256k-h3-c64,main,TTFB p99 ms,3,24.769,23.033,25.484
long256k-h3-c64,main,TTFB p99.9 ms,3,39.86,28.208,46.815
long256k-h3-c64,main,TTLB p50 ms,3,1044.403,1028.77,1056.255
long256k-h3-c64,main,TTLB p99 ms,3,1216.256,1201.998,1217.583
long256k-h3-c64,main,TTLB p99.9 ms,3,1282.03,1273.114,1308.221
long256k-h3-c64,main,srv CPU us/stream,3,34919.354838709674,34683.54430379747,35080.1282051282
long256k-h3-c64,main,srv cores busy,3,2.1892580042747296,2.1652477056366735,2.1922468748396424
long256k-h3-c64,main,srv ctxsw/stream,3,2483.1139240506327,2456.5352564102564,2505.8951612903224
long256k-h3-c64,main,srv writes/stream,3,56.0400641025641,54.4003164556962,56.87741935483871
long256k-h3-c64,main,TCP segs/stream,3,0.0,0.0,0.0
long256k-h3-c64,main,srv peak RSS MiB,3,65.84375,65.09375,66.4140625
long256k-h3-c64,main,errors,3,0,0,0
long256k-h3-c64,main,timeouts,3,0,0,0
long256k-h3-c64,main,client CPU %,3,11.686377240726458,11.316274356209192,11.84385494411192
long256k-h3-c64,listener-nodelay,streams/s,3,62.70716360366292,59.706678299439815,63.407286644907394
long256k-h3-c64,listener-nodelay,GiB/s,3,0.48075957900285704,0.4619862936748446,0.4847369019647945
long256k-h3-c64,listener-nodelay,TTFB p50 ms,3,6.964,6.658,7.249
long256k-h3-c64,listener-nodelay,TTFB p99 ms,3,25.985,25.675,28.699
long256k-h3-c64,listener-nodelay,TTFB p99.9 ms,3,34.119,32.127,40.81
long256k-h3-c64,listener-nodelay,TTLB p50 ms,3,1037.249,1023.863,1076.966
long256k-h3-c64,listener-nodelay,TTLB p99 ms,3,1213.187,1200.876,1246.812
long256k-h3-c64,listener-nodelay,TTLB p99.9 ms,3,1269.006,1249.951,1278.664
long256k-h3-c64,listener-nodelay,srv CPU us/stream,3,35629.984051036685,34337.53943217666,37185.9296482412
long256k-h3-c64,listener-nodelay,srv cores busy,3,2.2202483387731387,2.177250205456836,2.234255239084258
long256k-h3-c64,listener-nodelay,srv ctxsw/stream,3,2499.2328308207707,2469.0504731861197,2559.4051036682617
long256k-h3-c64,listener-nodelay,srv writes/stream,3,56.08040201005025,55.67350157728707,59.09728867623605
long256k-h3-c64,listener-nodelay,TCP segs/stream,3,0.0,0.0,0.0
long256k-h3-c64,listener-nodelay,srv peak RSS MiB,3,65.62109375,64.03125,66.171875
long256k-h3-c64,listener-nodelay,errors,3,0,0,0
long256k-h3-c64,listener-nodelay,timeouts,3,0,0,0
long256k-h3-c64,listener-nodelay,client CPU %,3,11.378807630953213,10.756203100677977,11.833851887405764
long256k-h3-c64,inline-streaming-nodelay,streams/s,3,62.90713209610139,59.40700900526206,63.20658269379925
long256k-h3-c64,inline-streaming-nodelay,GiB/s,3,0.48523351468700004,0.46309754403041575,0.48525539124164146
long256k-h3-c64,inline-streaming-nodelay,TTFB p50 ms,3,7.152,6.874,7.182
long256k-h3-c64,inline-streaming-nodelay,TTFB p99 ms,3,28.786,25.619,31.191
long256k-h3-c64,inline-streaming-nodelay,TTFB p99.9 ms,3,37.629,34.712,47.996
long256k-h3-c64,inline-streaming-nodelay,TTLB p50 ms,3,1029.06,1028.44,1076.841
long256k-h3-c64,inline-streaming-nodelay,TTLB p99 ms,3,1218.371,1205.926,1256.767
long256k-h3-c64,inline-streaming-nodelay,TTLB p99.9 ms,3,1303.87,1256.075,1319.898
long256k-h3-c64,inline-streaming-nodelay,srv CPU us/stream,3,36060.126582278484,35866.4546899841,37255.89225589226
long256k-h3-c64,inline-streaming-nodelay,srv cores busy,3,2.256255803001665,2.2132611267448645,2.2792373727716533
long256k-h3-c64,inline-streaming-nodelay,srv ctxsw/stream,3,2557.26582278481,2500.9284578696343,2563.6717171717173
long256k-h3-c64,inline-streaming-nodelay,srv writes/stream,3,57.36868686868687,57.27662957074722,58.94462025316456
long256k-h3-c64,inline-streaming-nodelay,TCP segs/stream,3,0.0,0.0,0.0
long256k-h3-c64,inline-streaming-nodelay,srv peak RSS MiB,3,67.0390625,65.2265625,67.875
long256k-h3-c64,inline-streaming-nodelay,errors,3,0,0,0
long256k-h3-c64,inline-streaming-nodelay,timeouts,3,0,0,0
long256k-h3-c64,inline-streaming-nodelay,client CPU %,3,11.533701185383542,11.021300323871849,11.906349882417917
long1m-h1-c64,main,streams/s,3,1530.2629179112923,1494.166712696886,1534.3683673150033
long1m-h1-c64,main,GiB/s,3,23.90596005732874,23.335749545384882,23.971572691045928
long1m-h1-c64,main,TTFB p50 ms,3,0.878,0.81,0.957
long1m-h1-c64,main,TTFB p99 ms,3,5.347,5.321,5.475
long1m-h1-c64,main,TTFB p99.9 ms,3,5.914,5.901,6.152
long1m-h1-c64,main,TTLB p50 ms,3,49.327,49.196,49.977
long1m-h1-c64,main,TTLB p99 ms,3,54.249,54.213,54.324
long1m-h1-c64,main,TTLB p99.9 ms,3,59.967,59.461,60.985
long1m-h1-c64,main,srv CPU us/stream,3,9936.774866379872,9801.32017515195,10212.85140562249
long1m-h1-c64,main,srv cores busy,3,15.246673028104045,14.998596810610843,15.259702612000728
long1m-h1-c64,main,srv ctxsw/stream,3,2.892843175596402,2.867132867132867,2.9204819277108434
long1m-h1-c64,main,srv writes/stream,3,273.809881707078,273.7635876840696,273.83124755572936
long1m-h1-c64,main,TCP segs/stream,3,771.8224952617476,771.7586345381526,771.8753747881632
long1m-h1-c64,main,srv peak RSS MiB,3,433.83984375,415.796875,451.9765625
long1m-h1-c64,main,errors,3,0,0,0
long1m-h1-c64,main,timeouts,3,0,0,0
long1m-h1-c64,main,client CPU %,3,29.783268138861168,29.1357508417952,29.94818840393024
long1m-h1-c64,listener-nodelay,streams/s,3,2605.8826131811643,2522.5805286352224,2651.300326309593
long1m-h1-c64,listener-nodelay,GiB/s,3,40.70703694801254,39.40458045742178,41.415890499698065
long1m-h1-c64,listener-nodelay,TTFB p50 ms,3,1.422,1.346,1.5
long1m-h1-c64,listener-nodelay,TTFB p99 ms,3,4.752,4.332,5.128
long1m-h1-c64,listener-nodelay,TTFB p99.9 ms,3,6.008,5.563,6.499
long1m-h1-c64,listener-nodelay,TTLB p50 ms,3,21.595,21.228,22.3
long1m-h1-c64,listener-nodelay,TTLB p99 ms,3,66.13,65.63,67.772
long1m-h1-c64,listener-nodelay,TTLB p99.9 ms,3,91.23,89.522,93.478
long1m-h1-c64,listener-nodelay,srv CPU us/stream,3,9126.496776174394,8995.850622406639,9377.899369572975
long1m-h1-c64,listener-nodelay,srv cores busy,3,23.782579268286803,23.656506349185314,23.850701690619076
long1m-h1-c64,listener-nodelay,srv ctxsw/stream,3,0.21945041449186367,0.18129007921539042,0.2825423258395781
long1m-h1-c64,listener-nodelay,srv writes/stream,3,272.98038476046776,272.97252289758535,272.9849938593798
long1m-h1-c64,listener-nodelay,TCP segs/stream,3,785.5554498235597,785.4080442124655,785.6445869483214
long1m-h1-c64,listener-nodelay,srv peak RSS MiB,3,1476.2734375,1379.41796875,1610.28515625
long1m-h1-c64,listener-nodelay,errors,3,0,0,0
long1m-h1-c64,listener-nodelay,timeouts,3,0,0,0
long1m-h1-c64,listener-nodelay,client CPU %,3,50.39046494670439,48.75428724805674,51.19079864283535
long1m-h1-c64,inline-streaming-nodelay,streams/s,3,2548.8823361279374,2543.8903102885442,2569.5809798257724
long1m-h1-c64,inline-streaming-nodelay,GiB/s,3,39.82169225940307,39.74682871218359,40.15321042748656
long1m-h1-c64,inline-streaming-nodelay,TTFB p50 ms,3,1.016,1.007,1.02
long1m-h1-c64,inline-streaming-nodelay,TTFB p99 ms,3,2.614,2.556,2.631
long1m-h1-c64,inline-streaming-nodelay,TTFB p99.9 ms,3,3.362,3.267,3.39
long1m-h1-c64,inline-streaming-nodelay,TTLB p50 ms,3,22.671,22.271,22.731
long1m-h1-c64,inline-streaming-nodelay,TTLB p99 ms,3,63.128,62.914,64.066
long1m-h1-c64,inline-streaming-nodelay,TTLB p99.9 ms,3,82.02,80.481,82.575
long1m-h1-c64,inline-streaming-nodelay,srv CPU us/stream,3,9321.588323000864,9252.71474720741,9343.05708444724
long1m-h1-c64,inline-streaming-nodelay,srv cores busy,3,23.76771238559807,23.75963182115334,23.775599826177594
long1m-h1-c64,inline-streaming-nodelay,srv ctxsw/stream,3,0.4530193426639409,0.4406258513992138,0.4646864945460253
long1m-h1-c64,inline-streaming-nodelay,srv writes/stream,3,272.7805079415002,272.76029977242405,272.81201105359435
long1m-h1-c64,inline-streaming-nodelay,TCP segs/stream,3,785.1472385474643,784.7936906536922,785.1714499135085
long1m-h1-c64,inline-streaming-nodelay,srv peak RSS MiB,3,163.80078125,160.5234375,171.48046875
long1m-h1-c64,inline-streaming-nodelay,errors,3,0,0,0
long1m-h1-c64,inline-streaming-nodelay,timeouts,3,0,0,0
long1m-h1-c64,inline-streaming-nodelay,client CPU %,3,49.2129512497118,49.078100822312706,49.555418810713824
long1m-h1-c1000,main,streams/s,3,2785.1223010369695,2781.611079249759,2793.626098577674
long1m-h1-c1000,main,GiB/s,3,43.64641663386448,43.397802177812686,43.74186132281832
long1m-h1-c1000,main,TTFB p50 ms,3,61.046,60.887,62.572
long1m-h1-c1000,main,TTFB p99 ms,3,175.37,169.554,189.896
long1m-h1-c1000,main,TTFB p99.9 ms,3,225.926,202.361,291.258
long1m-h1-c1000,main,TTLB p50 ms,3,361.704,359.383,363.467
long1m-h1-c1000,main,TTLB p99 ms,3,566.457,564.689,576.624
long1m-h1-c1000,main,TTLB p99.9 ms,3,659.725,639.229,705.718
long1m-h1-c1000,main,srv CPU us/stream,3,8604.926745188164,8573.371997279204,8613.238413691439
long1m-h1-c1000,main,srv cores busy,3,23.958679399743726,23.95079576441418,23.965773376813022
long1m-h1-c1000,main,srv ctxsw/stream,3,0.05824651845487416,0.05824475725366274,0.06263258188616834
long1m-h1-c1000,main,srv writes/stream,3,273.601797157484,272.62657749973033,273.83539212869863
long1m-h1-c1000,main,TCP segs/stream,3,787.2777002112197,784.5480530687089,787.9919922436081
long1m-h1-c1000,main,srv peak RSS MiB,3,11664.73046875,11529.45703125,11950.38671875
long1m-h1-c1000,main,errors,3,0,0,0
long1m-h1-c1000,main,timeouts,3,0,0,0
long1m-h1-c1000,main,client CPU %,3,55.18638630107009,55.056157161291196,55.338959689095034
long1m-h1-c1000,listener-nodelay,streams/s,3,2708.7175925329043,2706.4065422195667,2725.8108776402705
long1m-h1-c1000,listener-nodelay,GiB/s,3,42.30400410570453,42.2081736937241,42.58420849269476
long1m-h1-c1000,listener-nodelay,TTFB p50 ms,3,62.622,62.595,62.811
long1m-h1-c1000,listener-nodelay,TTFB p99 ms,3,179.074,177.067,189.275
long1m-h1-c1000,listener-nodelay,TTFB p99.9 ms,3,238.407,225.572,242.861
long1m-h1-c1000,listener-nodelay,TTLB p50 ms,3,371.548,369.381,372.853
long1m-h1-c1000,listener-nodelay,TTLB p99 ms,3,577.735,573.781,590.213
long1m-h1-c1000,listener-nodelay,TTLB p99.9 ms,3,649.637,642.574,678.69
long1m-h1-c1000,listener-nodelay,srv CPU us/stream,3,8848.028356225077,8795.083470922766,8849.636007538524
long1m-h1-c1000,listener-nodelay,srv cores busy,3,23.966810067736862,23.95071278706411,23.973734194795423
long1m-h1-c1000,listener-nodelay,srv ctxsw/stream,3,0.054228581911575854,0.05405405405405406,0.05846051513247848
long1m-h1-c1000,listener-nodelay,srv writes/stream,3,272.90463003987594,272.52056465023463,272.9897266556595
long1m-h1-c1000,listener-nodelay,TCP segs/stream,3,789.4817973711416,788.6904031632238,789.768409466153
long1m-h1-c1000,listener-nodelay,srv peak RSS MiB,3,11805.28515625,11513.5703125,11879.31640625
long1m-h1-c1000,listener-nodelay,errors,3,0,0,0
long1m-h1-c1000,listener-nodelay,timeouts,3,0,0,0
long1m-h1-c1000,listener-nodelay,client CPU %,3,52.458650687613414,52.35593011536689,52.76101737292698
long1m-h1-c1000,inline-streaming-nodelay,streams/s,3,2735.9144189455856,2735.5086862892977,2751.5095662879817
long1m-h1-c1000,inline-streaming-nodelay,GiB/s,3,42.75786948115168,42.745482913774794,42.967760693429746
long1m-h1-c1000,inline-streaming-nodelay,TTFB p50 ms,3,62.552,62.164,63.915
long1m-h1-c1000,inline-streaming-nodelay,TTFB p99 ms,3,181.958,172.646,184.656
long1m-h1-c1000,inline-streaming-nodelay,TTFB p99.9 ms,3,220.62,220.372,227.157
long1m-h1-c1000,inline-streaming-nodelay,TTLB p50 ms,3,368.439,366.087,368.814
long1m-h1-c1000,inline-streaming-nodelay,TTLB p99 ms,3,594.25,591.659,598.442
long1m-h1-c1000,inline-streaming-nodelay,TTLB p99.9 ms,3,722.116,719.381,722.317
long1m-h1-c1000,inline-streaming-nodelay,srv CPU us/stream,3,8764.073694984647,8714.379179994185,8765.720971044166
long1m-h1-c1000,inline-streaming-nodelay,srv cores busy,3,23.977755590810208,23.977697678014817,23.978705857879568
long1m-h1-c1000,inline-streaming-nodelay,srv ctxsw/stream,3,0.07007851119511486,0.06789265867212635,0.0720134522591022
long1m-h1-c1000,inline-streaming-nodelay,srv writes/stream,3,272.9095130155016,272.7270282058738,272.9331773651119
long1m-h1-c1000,inline-streaming-nodelay,TCP segs/stream,3,789.202222547156,788.6174033149172,789.267731792922
long1m-h1-c1000,inline-streaming-nodelay,srv peak RSS MiB,3,2173.37890625,2125.546875,2191.48828125
long1m-h1-c1000,inline-streaming-nodelay,errors,3,0,0,0
long1m-h1-c1000,inline-streaming-nodelay,timeouts,3,0,0,0
long1m-h1-c1000,inline-streaming-nodelay,client CPU %,3,53.05598706041504,52.96608701102434,53.20098552583934
long1m-h2-c64,main,streams/s,3,82.20921409092452,81.90888002017317,83.3092914352882
long1m-h2-c64,main,GiB/s,3,1.2801793763792897,1.2695880838781892,1.295620527451302
long1m-h2-c64,main,TTFB p50 ms,3,38.262,37.62,38.335
long1m-h2-c64,main,TTFB p99 ms,3,47.689,47.62,47.852
long1m-h2-c64,main,TTFB p99.9 ms,3,51.225,49.636,51.464
long1m-h2-c64,main,TTLB p50 ms,3,773.84,767.515,784.842
long1m-h2-c64,main,TTLB p99 ms,3,916.037,890.054,919.593
long1m-h2-c64,main,TTLB p99.9 ms,3,993.099,985.489,1034.69
long1m-h2-c64,main,srv CPU us/stream,3,8823.529411764706,8717.948717948719,8880.778588807785
long1m-h2-c64,main,srv cores busy,3,0.7300818283013978,0.714077415560484,0.7350819832525429
long1m-h2-c64,main,srv ctxsw/stream,3,33.75750300120048,33.595848595848594,34.04136253041362
long1m-h2-c64,main,srv writes/stream,3,1027.4585834333734,1023.993894993895,1028.0620437956204
long1m-h2-c64,main,TCP segs/stream,3,702.9245742092457,700.1188475390156,716.3699633699633
long1m-h2-c64,main,srv peak RSS MiB,3,1653.234375,1645.53125,1803.18359375
long1m-h2-c64,main,errors,3,0,0,0
long1m-h2-c64,main,timeouts,3,0,0,0
long1m-h2-c64,main,client CPU %,3,4.292965414976719,4.27047628365763,4.297981722089393
long1m-h2-c64,listener-nodelay,streams/s,3,90.71001818675758,90.2100677141871,92.21012020822904
long1m-h2-c64,listener-nodelay,GiB/s,3,1.4452750974508608,1.408982402942024,1.465710499121371
long1m-h2-c64,listener-nodelay,TTFB p50 ms,3,40.269,39.535,41.382
long1m-h2-c64,listener-nodelay,TTFB p99 ms,3,47.566,44.523,49.773
long1m-h2-c64,listener-nodelay,TTFB p99.9 ms,3,50.642,50.03,53.935
long1m-h2-c64,listener-nodelay,TTLB p50 ms,3,687.074,677.286,708.5
long1m-h2-c64,listener-nodelay,TTLB p99 ms,3,805.898,792.917,825.867
long1m-h2-c64,listener-nodelay,TTLB p99.9 ms,3,838.08,836.741,870.861
long1m-h2-c64,listener-nodelay,srv CPU us/stream,3,9327.453142227123,9240.780911062906,9722.838137472283
long1m-h2-c64,listener-nodelay,srv cores busy,3,0.8520935186270189,0.8460934441675515,0.8770978867554555
long1m-h2-c64,listener-nodelay,srv ctxsw/stream,3,31.981152993348115,31.63882863340564,32.219404630650494
long1m-h2-c64,listener-nodelay,srv writes/stream,3,10.991130820399112,10.34815618221258,11.124586549062844
long1m-h2-c64,listener-nodelay,TCP segs/stream,3,525.2722342733189,515.9689578713969,526.3142227122381
long1m-h2-c64,listener-nodelay,srv peak RSS MiB,3,1735.5703125,1583.05078125,1884.28125
long1m-h2-c64,listener-nodelay,errors,3,0,0,0
long1m-h2-c64,listener-nodelay,timeouts,3,0,0,0
long1m-h2-c64,listener-nodelay,client CPU %,3,4.450488448227975,4.432994735511468,4.472994005956707
long1m-h2-c64,inline-streaming-nodelay,streams/s,3,91.31026840580589,90.71001935704608,94.91045568696715
long1m-h2-c64,inline-streaming-nodelay,GiB/s,3,1.4505992090036295,1.4272400836330204,1.457478159965459
long1m-h2-c64,inline-streaming-nodelay,TTFB p50 ms,3,39.474,39.012,40.406
long1m-h2-c64,inline-streaming-nodelay,TTFB p99 ms,3,46.556,45.374,47.531
long1m-h2-c64,inline-streaming-nodelay,TTFB p99.9 ms,3,49.348,48.015,51.914
long1m-h2-c64,inline-streaming-nodelay,TTLB p50 ms,3,683.856,682.051,695.102
long1m-h2-c64,inline-streaming-nodelay,TTLB p99 ms,3,788.926,784.932,805.578
long1m-h2-c64,inline-streaming-nodelay,TTLB p99.9 ms,3,845.564,835.199,913.33
long1m-h2-c64,inline-streaming-nodelay,srv CPU us/stream,3,9967.141292442497,9241.306638566912,10374.862183020949
long1m-h2-c64,inline-streaming-nodelay,srv cores busy,3,0.9101023466515155,0.8770966242093804,0.9411039494485156
long1m-h2-c64,inline-streaming-nodelay,srv ctxsw/stream,3,30.630887185104054,29.42781875658588,30.7651598676957
long1m-h2-c64,inline-streaming-nodelay,srv writes/stream,3,7.0826901874310915,6.697576396206533,7.19934282584885
long1m-h2-c64,inline-streaming-nodelay,TCP segs/stream,3,519.3307607497244,504.50790305584826,526.935377875137
long1m-h2-c64,inline-streaming-nodelay,srv peak RSS MiB,3,365.8984375,360.89453125,383.12109375
long1m-h2-c64,inline-streaming-nodelay,errors,3,0,0,0
long1m-h2-c64,inline-streaming-nodelay,timeouts,3,0,0,0
long1m-h2-c64,inline-streaming-nodelay,client CPU %,3,4.440489180717958,4.435489921152143,4.4480002052006755
long1m-h2-c1000,main,streams/s,3,1742.5003546075231,1741.3944117100755,1743.6990359214144
long1m-h2-c1000,main,GiB/s,3,27.064604065615722,26.997520471328468,27.12222364399342
long1m-h2-c1000,main,TTFB p50 ms,3,28.786,28.738,28.849
long1m-h2-c1000,main,TTFB p99 ms,3,38.028,37.793,38.158
long1m-h2-c1000,main,TTFB p99.9 ms,3,39.847,39.64,40.023
long1m-h2-c1000,main,TTLB p50 ms,3,583.972,582.506,585.744
long1m-h2-c1000,main,TTLB p99 ms,3,682.481,681.855,684.673
long1m-h2-c1000,main,TTLB p99.9 ms,3,721.708,719.111,726.349
long1m-h2-c1000,main,srv CPU us/stream,3,9207.91511327789,9160.30534351145,9254.537100849988
long1m-h2-c1000,main,srv cores busy,3,16.055832705868877,15.96183530938189,16.115799190383733
long1m-h2-c1000,main,srv ctxsw/stream,3,28.368282190995124,28.157420169997703,28.478505423865005
long1m-h2-c1000,main,srv writes/stream,3,1018.9003615910004,1017.0286583965081,1020.4289647261256
long1m-h2-c1000,main,TCP segs/stream,3,714.4969867416634,713.5845968297725,715.6596501290508
long1m-h2-c1000,main,srv peak RSS MiB,3,15478.796875,15282.28515625,15640.7578125
long1m-h2-c1000,main,errors,3,0,0,0
long1m-h2-c1000,main,timeouts,3,0,0,0
long1m-h2-c1000,main,client CPU %,3,49.20315743316513,49.19549225362888,49.36813516528294
long1m-h2-c1000,listener-nodelay,streams/s,3,1781.7011011377956,1780.4036470201552,1786.7007340407686
long1m-h2-c1000,listener-nodelay,GiB/s,3,28.230225246723734,28.186681761613343,28.27156170046936
long1m-h2-c1000,listener-nodelay,TTFB p50 ms,3,29.359,29.282,29.415
long1m-h2-c1000,listener-nodelay,TTFB p99 ms,3,36.228,36.075,36.724
long1m-h2-c1000,listener-nodelay,TTFB p99.9 ms,3,38.476,38.125,40.509
long1m-h2-c1000,listener-nodelay,TTLB p50 ms,3,561.044,560.41,562.365
long1m-h2-c1000,listener-nodelay,TTLB p99 ms,3,644.715,644.474,645.106
long1m-h2-c1000,listener-nodelay,TTLB p99.9 ms,3,680.578,680.373,681.804
long1m-h2-c1000,listener-nodelay,srv CPU us/stream,3,9674.783095438008,9659.275891103003,9698.34850016852
long1m-h2-c1000,listener-nodelay,srv cores busy,3,17.266975039772486,17.209942491371983,17.285942058304308
long1m-h2-c1000,listener-nodelay,srv ctxsw/stream,3,35.97103564412012,35.501875174923036,36.315357824963485
long1m-h2-c1000,listener-nodelay,srv writes/stream,3,3.2233511086163347,3.108751825637569,3.2881052336971734
long1m-h2-c1000,listener-nodelay,TCP segs/stream,3,535.3789532605654,532.716211661611,536.3362896435588
long1m-h2-c1000,listener-nodelay,srv peak RSS MiB,3,19224.265625,18882.15234375,19279.328125
long1m-h2-c1000,listener-nodelay,errors,3,0,0,0
long1m-h2-c1000,listener-nodelay,timeouts,3,0,0,0
long1m-h2-c1000,listener-nodelay,client CPU %,3,48.968001506001194,48.698070207015455,49.13304566160373
long1m-h2-c1000,inline-streaming-nodelay,streams/s,3,1786.1024018386174,1776.503683963983,1797.3057760545285
long1m-h2-c1000,inline-streaming-nodelay,GiB/s,3,27.82281097153241,27.74331863359028,27.859481468234925
long1m-h2-c1000,inline-streaming-nodelay,TTFB p50 ms,3,29.387,29.263,29.493
long1m-h2-c1000,inline-streaming-nodelay,TTFB p99 ms,3,37.079,36.344,37.516
long1m-h2-c1000,inline-streaming-nodelay,TTFB p99.9 ms,3,40.673,39.067,41.154
long1m-h2-c1000,inline-streaming-nodelay,TTLB p50 ms,3,569.549,568.738,571.531
long1m-h2-c1000,inline-streaming-nodelay,TTLB p99 ms,3,654.544,652.236,655.44
long1m-h2-c1000,inline-streaming-nodelay,TTLB p99.9 ms,3,689.889,687.917,694.037
long1m-h2-c1000,inline-streaming-nodelay,srv CPU us/stream,3,9791.701663027045,9708.419119692839,9873.3322073974
long1m-h2-c1000,inline-streaming-nodelay,srv cores busy,3,17.48898185841979,17.44899776018216,17.540011039441723
long1m-h2-c1000,inline-streaming-nodelay,srv ctxsw/stream,3,34.55418566683556,34.4738745757053,36.03796405173862
long1m-h2-c1000,inline-streaming-nodelay,srv writes/stream,3,1.3769406265650215,1.334453216865446,1.4704160333277037
long1m-h2-c1000,inline-streaming-nodelay,TCP segs/stream,3,522.8618063721373,519.9409047910523,523.711197432866
long1m-h2-c1000,inline-streaming-nodelay,srv peak RSS MiB,3,5700.453125,5693.01953125,5968.2734375
long1m-h2-c1000,inline-streaming-nodelay,errors,3,0,0,0
long1m-h2-c1000,inline-streaming-nodelay,timeouts,3,0,0,0
long1m-h2-c1000,inline-streaming-nodelay,client CPU %,3,48.295472862302944,48.16552238907021,48.36053686557048
cpu-h1-c4,main,streams/s,3,148.40230263980823,141.51525642015804,153.2122361879946
cpu-h1-c4,main,GiB/s,3,0.5797392126014973,0.5524704044767691,0.5986043923581564
cpu-h1-c4,main,TTFB p50 ms,3,1.595,1.594,1.609
cpu-h1-c4,main,TTFB p99 ms,3,3.794,3.763,3.914
cpu-h1-c4,main,TTFB p99.9 ms,3,4.233,4.169,4.252
cpu-h1-c4,main,TTLB p50 ms,3,44.581,44.391,44.675
cpu-h1-c4,main,TTLB p99 ms,3,46.065,46.022,46.104
cpu-h1-c4,main,TTLB p99.9 ms,3,47.996,47.016,47.998
cpu-h1-c4,main,srv CPU us/stream,3,5159.010600706713,5156.657963446475,5195.417789757413
cpu-h1-c4,main,srv cores busy,3,0.7710119631758231,0.7300787080333242,0.7900630978362645
cpu-h1-c4,main,srv ctxsw/stream,3,50.35509138381201,50.125795053003536,50.567385444743934
cpu-h1-c4,main,srv writes/stream,3,116.03590078328982,115.96563342318059,116.1434628975265
cpu-h1-c4,main,TCP segs/stream,3,195.34911660777385,195.2715404699739,195.3510781671159
cpu-h1-c4,main,srv peak RSS MiB,3,26.91796875,26.859375,29.015625
cpu-h1-c4,main,errors,3,0,0,0
cpu-h1-c4,main,timeouts,3,0,0,0
cpu-h1-c4,main,client CPU %,3,0.870013499303458,0.8425908376959942,0.9000718836109343
cpu-h1-c4,listener-nodelay,streams/s,3,945.1025662163859,944.8009366743084,946.8027019614083
cpu-h1-c4,listener-nodelay,GiB/s,3,3.6916321574985766,3.690953658593948,3.6979108868938875
cpu-h1-c4,listener-nodelay,TTFB p50 ms,3,1.617,1.616,1.629
cpu-h1-c4,listener-nodelay,TTFB p99 ms,3,2.05,2.034,2.087
cpu-h1-c4,listener-nodelay,TTFB p99.9 ms,3,3.73,3.674,3.749
cpu-h1-c4,listener-nodelay,TTLB p50 ms,3,4.215,4.209,4.217
cpu-h1-c4,listener-nodelay,TTLB p99 ms,3,4.569,4.566,4.608
cpu-h1-c4,listener-nodelay,TTLB p99.9 ms,3,6.237,6.149,6.292
cpu-h1-c4,listener-nodelay,srv CPU us/stream,3,5198.056406464561,5197.883597883598,5202.709854980417
cpu-h1-c4,listener-nodelay,srv cores busy,3,4.915525144230154,4.912533127253848,4.921533850588455
cpu-h1-c4,listener-nodelay,srv ctxsw/stream,3,41.987513227513226,41.92246751874934,42.59076955647296
cpu-h1-c4,listener-nodelay,srv writes/stream,3,111.22536254895734,111.11070032745326,111.27185185185185
cpu-h1-c4,listener-nodelay,TCP segs/stream,3,234.23999154959333,234.086455026455,234.27500793902826
cpu-h1-c4,listener-nodelay,srv peak RSS MiB,3,31.28125,31.27734375,31.33203125
cpu-h1-c4,listener-nodelay,errors,3,0,0,0
cpu-h1-c4,listener-nodelay,timeouts,3,0,0,0
cpu-h1-c4,listener-nodelay,client CPU %,3,5.158051054194714,5.148058422252402,5.168060858119761
cpu-h1-c4,inline-streaming-nodelay,streams/s,3,818.5881173271837,808.9887370846832,830.1861957421454
cpu-h1-c4,inline-streaming-nodelay,GiB/s,3,3.1971214994923733,3.1596299835560573,3.2424325954962954
cpu-h1-c4,inline-streaming-nodelay,TTFB p50 ms,3,0.483,0.482,0.514
cpu-h1-c4,inline-streaming-nodelay,TTFB p99 ms,3,0.74,0.734,0.767
cpu-h1-c4,inline-streaming-nodelay,TTFB p99.9 ms,3,1.156,1.147,1.157
cpu-h1-c4,inline-streaming-nodelay,TTLB p50 ms,3,4.9,4.812,4.939
cpu-h1-c4,inline-streaming-nodelay,TTLB p99 ms,3,5.067,4.965,5.113
cpu-h1-c4,inline-streaming-nodelay,TTLB p99.9 ms,3,5.456,5.4,5.532
cpu-h1-c4,inline-streaming-nodelay,srv CPU us/stream,3,4836.896762370189,4765.690880616793,4893.064655705279
cpu-h1-c4,inline-streaming-nodelay,srv cores busy,3,3.958434196292713,3.9564107822622905,3.959426214414564
cpu-h1-c4,inline-streaming-nodelay,srv ctxsw/stream,3,5.8373854612095295,5.823093089380641,5.850138537525599
cpu-h1-c4,inline-streaming-nodelay,srv writes/stream,3,79.07481026382364,78.92706144146372,79.377031154551
cpu-h1-c4,inline-streaming-nodelay,TCP segs/stream,3,203.51328965261467,203.03710396337792,203.72803909590715
cpu-h1-c4,inline-streaming-nodelay,srv peak RSS MiB,3,12.4140625,12.20703125,12.42578125
cpu-h1-c4,inline-streaming-nodelay,errors,3,0,0,0
cpu-h1-c4,inline-streaming-nodelay,timeouts,3,0,0,0
cpu-h1-c4,inline-streaming-nodelay,client CPU %,3,4.417958703398298,4.39547315290528,4.465489814665731
cpu-h1-c64,main,streams/s,3,2374.4611259010603,2365.1465239524846,2383.961819083573
cpu-h1-c64,main,GiB/s,3,9.27424237090524,9.236993165949766,9.31189771256697
cpu-h1-c64,main,TTFB p50 ms,3,1.686,1.68,1.697
cpu-h1-c64,main,TTFB p99 ms,3,2.045,2.035,2.046
cpu-h1-c64,main,TTFB p99.9 ms,3,2.723,2.654,2.798
cpu-h1-c64,main,TTLB p50 ms,3,44.613,44.611,44.617
cpu-h1-c64,main,TTLB p99 ms,3,46.024,46.023,46.027
cpu-h1-c64,main,TTLB p99.9 ms,3,46.199,46.133,46.509
cpu-h1-c64,main,srv CPU us/stream,3,5071.603066296016,5069.849393799555,5165.968962746839
cpu-h1-c64,main,srv cores busy,3,12.08632738332214,12.042324326920506,12.218273535087109
cpu-h1-c64,main,srv ctxsw/stream,3,33.161933129168936,30.412448729333164,33.23772218010277
cpu-h1-c64,main,srv writes/stream,3,102.50207660359945,102.4807514110016,103.32073237769039
cpu-h1-c64,main,TCP segs/stream,3,194.71351854201023,194.52303933956702,194.72492343835214
cpu-h1-c64,main,srv peak RSS MiB,3,67.82421875,67.52734375,69.6875
cpu-h1-c64,main,errors,3,0,0,0
cpu-h1-c64,main,timeouts,3,0,0,0
cpu-h1-c64,main,client CPU %,3,13.241456198690102,13.143943536227656,13.263882521002929
cpu-h1-c64,listener-nodelay,streams/s,3,4782.81493746571,4777.132583403193,4803.343504561888
cpu-h1-c64,listener-nodelay,GiB/s,3,18.683179092412928,18.659768515719986,18.762221257375614
cpu-h1-c64,listener-nodelay,TTFB p50 ms,3,2.071,2.059,2.074
cpu-h1-c64,listener-nodelay,TTFB p99 ms,3,5.911,5.893,5.933
cpu-h1-c64,listener-nodelay,TTFB p99.9 ms,3,6.261,6.189,6.273
cpu-h1-c64,listener-nodelay,TTLB p50 ms,3,10.265,10.219,10.296
cpu-h1-c64,listener-nodelay,TTLB p99 ms,3,44.248,44.243,44.798
cpu-h1-c64,listener-nodelay,TTLB p99.9 ms,3,60.357,59.557,60.574
cpu-h1-c64,listener-nodelay,srv CPU us/stream,3,5013.278129770194,4992.296160572999,5019.260561905959
cpu-h1-c64,listener-nodelay,srv cores busy,3,23.977673174871573,23.97758152473504,23.979713335737568
cpu-h1-c64,listener-nodelay,srv ctxsw/stream,3,0.26510488632081397,0.2631578947368421,0.26599067210793703
cpu-h1-c64,listener-nodelay,srv writes/stream,3,75.88311063714113,75.83234779711835,75.91992212033664
cpu-h1-c64,listener-nodelay,TCP segs/stream,3,205.84187524831148,205.72184975431,205.86729054138928
cpu-h1-c64,listener-nodelay,srv peak RSS MiB,3,69.0546875,68.46484375,69.171875
cpu-h1-c64,listener-nodelay,errors,3,0,0,0
cpu-h1-c64,listener-nodelay,timeouts,3,0,0,0
cpu-h1-c64,listener-nodelay,client CPU %,3,24.917777983396256,24.89768058637242,24.92782061530879
cpu-h1-c64,inline-streaming-nodelay,streams/s,3,4778.023568177763,4769.721658734149,4779.343016049258
cpu-h1-c64,inline-streaming-nodelay,GiB/s,3,18.662189020625007,18.632186863968894,18.666564045061193
cpu-h1-c64,inline-streaming-nodelay,TTFB p50 ms,3,0.749,0.741,0.752
cpu-h1-c64,inline-streaming-nodelay,TTFB p99 ms,3,1.164,1.153,1.165
cpu-h1-c64,inline-streaming-nodelay,TTFB p99.9 ms,3,1.361,1.339,1.372
cpu-h1-c64,inline-streaming-nodelay,TTLB p50 ms,3,12.834,12.819,12.838
cpu-h1-c64,inline-streaming-nodelay,TTLB p99 ms,3,25.546,25.472,25.615
cpu-h1-c64,inline-streaming-nodelay,TTLB p99.9 ms,3,30.641,30.621,31.435
cpu-h1-c64,inline-streaming-nodelay,srv CPU us/stream,3,5018.942961800105,5017.36837699841,5027.887276692108
cpu-h1-c64,inline-streaming-nodelay,srv cores busy,3,23.98062775882081,23.979724511553748,23.981622841312205
cpu-h1-c64,inline-streaming-nodelay,srv ctxsw/stream,3,0.20043956043956043,0.19787385725069195,0.20385870929940572
cpu-h1-c64,inline-streaming-nodelay,srv writes/stream,3,76.08144304009375,76.07939298796441,76.09548771282395
cpu-h1-c64,inline-streaming-nodelay,TCP segs/stream,3,205.88530593454425,205.8381489557997,205.9627838827839
cpu-h1-c64,inline-streaming-nodelay,srv peak RSS MiB,3,31.75,31.5,32.15625
cpu-h1-c64,inline-streaming-nodelay,errors,3,0,0,0
cpu-h1-c64,inline-streaming-nodelay,timeouts,3,0,0,0
cpu-h1-c64,inline-streaming-nodelay,client CPU %,3,24.735310359177674,24.697706335143877,24.8727202995719
cpu-h1-c1000,main,streams/s,3,4884.6501151575485,4877.846426112346,4892.740938991845
cpu-h1-c1000,main,GiB/s,3,19.071614165949885,19.063985598170987,19.11268368714579
cpu-h1-c1000,main,TTFB p50 ms,3,67.136,66.451,67.989
cpu-h1-c1000,main,TTFB p99 ms,3,260.518,256.807,275.921
cpu-h1-c1000,main,TTFB p99.9 ms,3,362.572,340.913,381.349
cpu-h1-c1000,main,TTLB p50 ms,3,191.035,190.868,192.206
cpu-h1-c1000,main,TTLB p99 ms,3,450.241,429.218,461.236
cpu-h1-c1000,main,TTLB p99.9 ms,3,543.841,539.496,550.173
cpu-h1-c1000,main,srv CPU us/stream,3,4911.447349562867,4903.928702833081,4919.32011563775
cpu-h1-c1000,main,srv cores busy,3,23.993652726248587,23.9907018616325,23.995688044966176
cpu-h1-c1000,main,srv ctxsw/stream,3,0.04043170761620539,0.03860742623992783,0.0443684609242235
cpu-h1-c1000,main,srv writes/stream,3,74.95128980826622,74.88927335640139,75.02304553749
cpu-h1-c1000,main,TCP segs/stream,3,200.42960222394834,200.1356237587273,200.47358169479014
cpu-h1-c1000,main,srv peak RSS MiB,3,1792.2109375,1783.1484375,1836.2109375
cpu-h1-c1000,main,errors,3,0,0,0
cpu-h1-c1000,main,timeouts,3,0,0,0
cpu-h1-c1000,main,client CPU %,3,26.74295668791994,26.703007324728517,26.805502806035342
cpu-h1-c1000,listener-nodelay,streams/s,3,4815.149307417842,4781.126990638402,4816.332455185586
cpu-h1-c1000,listener-nodelay,GiB/s,3,18.782379417986526,18.72285379192164,18.790452466087224
cpu-h1-c1000,listener-nodelay,TTFB p50 ms,3,69.783,69.692,70.027
cpu-h1-c1000,listener-nodelay,TTFB p99 ms,3,271.593,267.959,274.18
cpu-h1-c1000,listener-nodelay,TTFB p99.9 ms,3,386.781,379.53,387.182
cpu-h1-c1000,listener-nodelay,TTLB p50 ms,3,194.269,193.445,195.687
cpu-h1-c1000,listener-nodelay,TTLB p99 ms,3,445.625,442.374,461.555
cpu-h1-c1000,listener-nodelay,TTLB p99.9 ms,3,594.144,580.142,598.269
cpu-h1-c1000,listener-nodelay,srv CPU us/stream,3,4982.760769326632,4981.934465717015,5018.616910011296
cpu-h1-c1000,listener-nodelay,srv cores busy,3,23.9946447641293,23.99273706745192,23.994652656840515
cpu-h1-c1000,listener-nodelay,srv ctxsw/stream,3,0.03637618708948667,0.0342206902279995,0.03780168653678395
cpu-h1-c1000,listener-nodelay,srv writes/stream,3,74.8599817268159,74.85321729738712,75.13414634146342
cpu-h1-c1000,listener-nodelay,TCP segs/stream,3,206.68271507498028,206.67704223597326,207.38557921599798
cpu-h1-c1000,listener-nodelay,srv peak RSS MiB,3,1813.62109375,1762.90625,1874.5
cpu-h1-c1000,listener-nodelay,errors,3,0,0,0
cpu-h1-c1000,listener-nodelay,timeouts,3,0,0,0
cpu-h1-c1000,listener-nodelay,client CPU %,3,25.200285942011458,25.160370269880016,25.332792258894433
cpu-h1-c1000,inline-streaming-nodelay,streams/s,3,4982.657308725184,4977.662389238658,4984.564938128675
cpu-h1-c1000,inline-streaming-nodelay,GiB/s,3,19.463888117512035,19.446282786252752,19.471367285348652
cpu-h1-c1000,inline-streaming-nodelay,TTFB p50 ms,3,12.237,12.206,12.338
cpu-h1-c1000,inline-streaming-nodelay,TTFB p99 ms,3,31.925,30.806,32.729
cpu-h1-c1000,inline-streaming-nodelay,TTFB p99.9 ms,3,40.054,37.426,40.347
cpu-h1-c1000,inline-streaming-nodelay,TTLB p50 ms,3,201.812,201.714,202.404
cpu-h1-c1000,inline-streaming-nodelay,TTLB p99 ms,3,277.081,276.506,278.069
cpu-h1-c1000,inline-streaming-nodelay,TTLB p99.9 ms,3,295.47,294.357,295.961
cpu-h1-c1000,inline-streaming-nodelay,srv CPU us/stream,3,4816.242146885851,4814.606741573034,4820.678708484861
cpu-h1-c1000,inline-streaming-nodelay,srv cores busy,3,23.997684133771056,23.995711097828682,23.998719954922894
cpu-h1-c1000,inline-streaming-nodelay,srv ctxsw/stream,3,0.05923205074165513,0.05764446227929374,0.060336340439211586
cpu-h1-c1000,inline-streaming-nodelay,srv writes/stream,3,75.65205435458942,75.61280096308187,75.65238793675032
cpu-h1-c1000,inline-streaming-nodelay,TCP segs/stream,3,206.9203954109823,206.9107404508139,206.9413723916533
cpu-h1-c1000,inline-streaming-nodelay,srv peak RSS MiB,3,153.05859375,152.21484375,153.40234375
cpu-h1-c1000,inline-streaming-nodelay,errors,3,0,0,0
cpu-h1-c1000,inline-streaming-nodelay,timeouts,3,0,0,0
cpu-h1-c1000,inline-streaming-nodelay,client CPU %,3,26.06791568854939,25.885433790352213,26.08794748413542
cpu-h2-c4,main,streams/s,3,305.33300478795275,300.0223891707919,306.7215871266463
cpu-h2-c4,main,GiB/s,3,1.19148926695023,1.1724004176272593,1.1973071671085076
cpu-h2-c4,main,TTFB p50 ms,3,2.951,2.944,3.068
cpu-h2-c4,main,TTFB p99 ms,3,7.834,7.803,8.681
cpu-h2-c4,main,TTFB p99.9 ms,3,9.039,8.922,9.323
cpu-h2-c4,main,TTLB p50 ms,3,13.067,12.969,13.269
cpu-h2-c4,main,TTLB p99 ms,3,16.972,16.762,17.158
cpu-h2-c4,main,TTLB p99.9 ms,3,18.185,17.913,18.464
cpu-h2-c4,main,srv CPU us/stream,3,5773.333333333333,5761.546020307894,5868.9272905119005
cpu-h2-c4,main,srv cores busy,3,1.7591901586046803,1.7321292601460385,1.8001266932766982
cpu-h2-c4,main,srv ctxsw/stream,3,84.71079230518421,84.65902391090731,85.58033333333333
cpu-h2-c4,main,srv writes/stream,3,269.02433333333335,268.80117916803147,270.1949788066515
cpu-h2-c4,main,TCP segs/stream,3,176.77958917508965,176.58827382902064,177.18566666666666
cpu-h2-c4,main,srv peak RSS MiB,3,27.89453125,27.390625,29.58203125
cpu-h2-c4,main,errors,3,0,0,0
cpu-h2-c4,main,timeouts,3,0,0,0
cpu-h2-c4,main,client CPU %,3,3.722777812294243,3.7077609529574214,3.730403235699521
cpu-h2-c4,listener-nodelay,streams/s,3,323.53526579692124,320.9343001421686,337.8270718399673
cpu-h2-c4,listener-nodelay,GiB/s,3,1.2639134030960413,1.2538235787187293,1.3180743741535876
cpu-h2-c4,listener-nodelay,TTFB p50 ms,3,2.161,2.103,2.319
cpu-h2-c4,listener-nodelay,TTFB p99 ms,3,6.878,6.809,6.937
cpu-h2-c4,listener-nodelay,TTFB p99.9 ms,3,7.138,7.127,7.476
cpu-h2-c4,listener-nodelay,TTLB p50 ms,3,12.461,11.946,12.552
cpu-h2-c4,listener-nodelay,TTLB p99 ms,3,14.148,13.719,14.208
cpu-h2-c4,listener-nodelay,TTLB p99.9 ms,3,15.777,15.398,16.636
cpu-h2-c4,listener-nodelay,srv CPU us/stream,3,5867.0788253477585,5814.09117821196,6073.543159862886
cpu-h2-c4,listener-nodelay,srv cores busy,3,1.9492083233938502,1.8982069072103758,1.964157398145932
cpu-h2-c4,listener-nodelay,srv ctxsw/stream,3,95.21788040260509,95.07387944358578,96.47429105640387
cpu-h2-c4,listener-nodelay,srv writes/stream,3,9.43635287152161,8.964142194744976,9.755063882829543
cpu-h2-c4,listener-nodelay,TCP segs/stream,3,130.67171561051003,130.5023682652457,130.71798067933935
cpu-h2-c4,listener-nodelay,srv peak RSS MiB,3,29.42578125,28.25,30.0546875
cpu-h2-c4,listener-nodelay,errors,3,0,0,0
cpu-h2-c4,listener-nodelay,timeouts,3,0,0,0
cpu-h2-c4,listener-nodelay,client CPU %,3,3.7678019335615063,3.7579016291187233,3.767910707542198
cpu-h2-c4,inline-streaming-nodelay,streams/s,3,350.938866725147,299.43222100300545,353.23752958003524
cpu-h2-c4,inline-streaming-nodelay,GiB/s,3,1.3712181475493814,1.1697563060957363,1.3795304177550785
cpu-h2-c4,inline-streaming-nodelay,TTFB p50 ms,3,1.826,1.618,2.398
cpu-h2-c4,inline-streaming-nodelay,TTFB p99 ms,3,6.254,4.754,6.447
cpu-h2-c4,inline-streaming-nodelay,TTFB p99.9 ms,3,7.549,7.357,7.695
cpu-h2-c4,inline-streaming-nodelay,TTLB p50 ms,3,11.376,11.357,13.526
cpu-h2-c4,inline-streaming-nodelay,TTLB p99 ms,3,15.769,15.526,16.146
cpu-h2-c4,inline-streaming-nodelay,TTLB p99.9 ms,3,17.755,16.778,17.92
cpu-h2-c4,inline-streaming-nodelay,srv CPU us/stream,3,5628.384155029923,5537.742150968603,5702.151755379388
cpu-h2-c4,inline-streaming-nodelay,srv cores busy,3,1.9752187568599755,1.6581784316064896,2.0142139993606767
cpu-h2-c4,inline-streaming-nodelay,srv ctxsw/stream,3,62.2995469988675,61.41949273297236,79.39746158984636
cpu-h2-c4,inline-streaming-nodelay,srv writes/stream,3,10.557993730407523,10.538221970554927,25.079492317969272
cpu-h2-c4,inline-streaming-nodelay,TCP segs/stream,3,131.12995155314906,131.09456398640995,168.97227788911155
cpu-h2-c4,inline-streaming-nodelay,srv peak RSS MiB,3,13.42578125,13.17578125,13.44921875
cpu-h2-c4,inline-streaming-nodelay,errors,3,0,0,0
cpu-h2-c4,inline-streaming-nodelay,timeouts,3,0,0,0
cpu-h2-c4,inline-streaming-nodelay,client CPU %,3,4.002925289196181,3.8504143315349735,4.00544360568314
cpu-h2-c64,main,streams/s,3,311.63412805059204,308.65547526588045,319.03542626799657
cpu-h2-c64,main,GiB/s,3,1.2184500886215153,1.2039135808907613,1.2458246793194363
cpu-h2-c64,main,TTFB p50 ms,3,14.105,13.744,14.329
cpu-h2-c64,main,TTFB p99 ms,3,19.367,19.061,19.784
cpu-h2-c64,main,TTFB p99.9 ms,3,21.464,21.247,22.981
cpu-h2-c64,main,TTLB p50 ms,3,202.657,198.36,205.54
cpu-h2-c64,main,TTLB p99 ms,3,290.904,285.518,294.799
cpu-h2-c64,main,TTLB p99.9 ms,3,326.948,322.962,332.238
cpu-h2-c64,main,srv CPU us/stream,3,6556.482670089858,6506.8049254698635,6570.532915360502
cpu-h2-c64,main,srv cores busy,3,2.0432237599722707,2.0083609667332727,2.09623276945994
cpu-h2-c64,main,srv ctxsw/stream,3,56.07272727272727,51.96277278562259,56.95333765392093
cpu-h2-c64,main,srv writes/stream,3,254.19843260188088,253.9089436163318,254.4878048780488
cpu-h2-c64,main,TCP segs/stream,3,177.69929396662388,174.96520376175548,178.5405055087492
cpu-h2-c64,main,srv peak RSS MiB,3,201.1484375,199.5703125,202.19140625
cpu-h2-c64,main,errors,3,0,0,0
cpu-h2-c64,main,timeouts,3,0,0,0
cpu-h2-c64,main,client CPU %,3,4.1754572676868476,4.170749617170193,4.2404708695182
cpu-h2-c64,listener-nodelay,streams/s,3,359.3399883241187,349.93884104173486,366.24017988051855
cpu-h2-c64,listener-nodelay,GiB/s,3,1.4042578343384755,1.3676200573894954,1.4323745518426403
cpu-h2-c64,listener-nodelay,TTFB p50 ms,3,12.992,12.717,13.328
cpu-h2-c64,listener-nodelay,TTFB p99 ms,3,18.242,17.919,18.464
cpu-h2-c64,listener-nodelay,TTFB p99.9 ms,3,19.592,19.126,20.568
cpu-h2-c64,listener-nodelay,TTLB p50 ms,3,174.957,171.805,180.496
cpu-h2-c64,listener-nodelay,TTLB p99 ms,3,253.839,252.413,258.922
cpu-h2-c64,listener-nodelay,TTLB p99.9 ms,3,287.111,285.273,287.384
cpu-h2-c64,listener-nodelay,srv CPU us/stream,3,6654.833424358274,6650.471563303801,6679.654884497634
cpu-h2-c64,listener-nodelay,srv cores busy,3,2.400267108204522,2.3272583112435465,2.4372673904118614
cpu-h2-c64,listener-nodelay,srv ctxsw/stream,3,55.67436682438074,53.671620462989424,56.27771709448389
cpu-h2-c64,listener-nodelay,srv writes/stream,3,0.2017719348385253,0.19788477595324241,0.2026215182960131
cpu-h2-c64,listener-nodelay,TCP segs/stream,3,129.12717919405546,129.09518508210408,129.21682140906609
cpu-h2-c64,listener-nodelay,srv peak RSS MiB,3,205.46484375,203.7734375,205.54296875
cpu-h2-c64,listener-nodelay,errors,3,0,0,0
cpu-h2-c64,listener-nodelay,timeouts,3,0,0,0
cpu-h2-c64,listener-nodelay,client CPU %,3,4.347983855382983,4.345476738342034,4.365484541718128
cpu-h2-c64,inline-streaming-nodelay,streams/s,3,362.6395682560436,360.23956936273004,363.7393574714529
cpu-h2-c64,inline-streaming-nodelay,GiB/s,3,1.4166111718811831,1.4097678845467088,1.4203776872049674
cpu-h2-c64,inline-streaming-nodelay,TTFB p50 ms,3,12.539,12.37,12.683
cpu-h2-c64,inline-streaming-nodelay,TTFB p99 ms,3,16.775,16.449,16.918
cpu-h2-c64,inline-streaming-nodelay,TTFB p99.9 ms,3,17.94,17.748,18.399
cpu-h2-c64,inline-streaming-nodelay,TTLB p50 ms,3,175.129,174.882,176.0
cpu-h2-c64,inline-streaming-nodelay,TTLB p99 ms,3,237.712,234.518,238.925
cpu-h2-c64,inline-streaming-nodelay,TTLB p99.9 ms,3,261.967,256.37,271.914
cpu-h2-c64,inline-streaming-nodelay,srv CPU us/stream,3,5303.821831179544,5284.059569773855,5366.463076068851
cpu-h2-c64,inline-streaming-nodelay,srv cores busy,3,1.9292087450163118,1.9162090810220067,1.9332123475240341
cpu-h2-c64,inline-streaming-nodelay,srv ctxsw/stream,3,20.191091558977178,20.182018753447323,20.385896724042198
cpu-h2-c64,inline-streaming-nodelay,srv writes/stream,3,0.5535024820739106,0.5323068463018972,0.5588561910049972
cpu-h2-c64,inline-streaming-nodelay,TCP segs/stream,3,129.06563706563708,128.9879021171295,129.3567462520822
cpu-h2-c64,inline-streaming-nodelay,srv peak RSS MiB,3,38.25,37.484375,39.01171875
cpu-h2-c64,inline-streaming-nodelay,errors,3,0,0,0
cpu-h2-c64,inline-streaming-nodelay,timeouts,3,0,0,0
cpu-h2-c64,inline-streaming-nodelay,client CPU %,3,4.427983145211344,4.422985828724802,4.430479388502986
cpu-h2-c1000,main,streams/s,3,4527.71284769546,4526.901113014437,4539.321294749625
cpu-h2-c1000,main,GiB/s,3,17.67651390984635,17.668075191045926,17.721787663404378
cpu-h2-c1000,main,TTFB p50 ms,3,9.4,9.372,9.484
cpu-h2-c1000,main,TTFB p99 ms,3,16.99,16.805,17.021
cpu-h2-c1000,main,TTFB p99.9 ms,3,20.016,19.815,20.601
cpu-h2-c1000,main,TTLB p50 ms,3,222.467,222.046,222.767
cpu-h2-c1000,main,TTLB p99 ms,3,279.737,279.715,280.029
cpu-h2-c1000,main,TTLB p99.9 ms,3,303.022,300.907,303.526
cpu-h2-c1000,main,srv CPU us/stream,3,5294.000706838664,5279.809641314885,5294.494521032167
cpu-h2-c1000,main,srv cores busy,3,23.967653140109356,23.966752337045033,23.969715016062267
cpu-h2-c1000,main,srv ctxsw/stream,3,0.7542410319844496,0.7468934520137481,0.7597207493814069
cpu-h2-c1000,main,srv writes/stream,3,253.22005816515377,253.14731353835276,253.22607792896272
cpu-h2-c1000,main,TCP segs/stream,3,182.1061514056579,181.76758261176886,182.11010957935667
cpu-h2-c1000,main,srv peak RSS MiB,3,2284.0625,2276.11328125,2289.890625
cpu-h2-c1000,main,errors,3,0,0,0
cpu-h2-c1000,main,timeouts,3,0,0,0
cpu-h2-c1000,main,client CPU %,3,33.68636853582537,33.63122286538816,33.77882608033976
cpu-h2-c1000,listener-nodelay,streams/s,3,4561.211178585753,4549.009585512581,4565.91360272729
cpu-h2-c1000,listener-nodelay,GiB/s,3,17.820832645493848,17.77522118067869,17.832982825084173
cpu-h2-c1000,listener-nodelay,TTFB p50 ms,3,15.289,15.245,15.324
cpu-h2-c1000,listener-nodelay,TTFB p99 ms,3,25.77,25.61,25.874
cpu-h2-c1000,listener-nodelay,TTFB p99.9 ms,3,29.606,29.476,29.703
cpu-h2-c1000,listener-nodelay,TTLB p50 ms,3,220.686,220.297,221.063
cpu-h2-c1000,listener-nodelay,TTLB p99 ms,3,290.066,289.473,290.487
cpu-h2-c1000,listener-nodelay,TTLB p99.9 ms,3,316.431,312.49,317.887
cpu-h2-c1000,listener-nodelay,srv CPU us/stream,3,5252.263906856404,5246.856792394971,5265.911839067825
cpu-h2-c1000,listener-nodelay,srv cores busy,3,23.95668484483591,23.954683432383717,23.956694799958274
cpu-h2-c1000,listener-nodelay,srv ctxsw/stream,3,1.2908764005525468,1.2853200157707978,1.308629218423656
cpu-h2-c1000,listener-nodelay,srv writes/stream,3,0.12713015288912252,0.1258140197776657,0.12753655051115753
cpu-h2-c1000,listener-nodelay,TCP segs/stream,3,131.43310553292153,131.32501589668252,131.4757832252391
cpu-h2-c1000,listener-nodelay,srv peak RSS MiB,3,2388.296875,2373.34765625,2398.63671875
cpu-h2-c1000,listener-nodelay,errors,3,0,0,0
cpu-h2-c1000,listener-nodelay,timeouts,3,0,0,0
cpu-h2-c1000,listener-nodelay,client CPU %,3,31.54353354447989,31.518545404553937,31.588540152965777
cpu-h2-c1000,inline-streaming-nodelay,streams/s,3,4551.512514874015,4544.599118778498,4562.118201426051
cpu-h2-c1000,inline-streaming-nodelay,GiB/s,3,17.773383479570924,17.750170271551468,17.82517840784628
cpu-h2-c1000,inline-streaming-nodelay,TTFB p50 ms,3,14.177,14.152,14.232
cpu-h2-c1000,inline-streaming-nodelay,TTFB p99 ms,3,22.833,22.791,23.341
cpu-h2-c1000,inline-streaming-nodelay,TTFB p99.9 ms,3,27.522,27.242,28.736
cpu-h2-c1000,inline-streaming-nodelay,TTLB p50 ms,3,220.415,219.86,220.803
cpu-h2-c1000,inline-streaming-nodelay,TTLB p99 ms,3,298.475,298.37,301.15
cpu-h2-c1000,inline-streaming-nodelay,TTLB p99.9 ms,3,328.735,328.384,329.343
cpu-h2-c1000,inline-streaming-nodelay,srv CPU us/stream,3,5259.942869698967,5247.939319537005,5269.690367729583
cpu-h2-c1000,inline-streaming-nodelay,srv cores busy,3,23.941719489639215,23.94069579895719,23.948630201419405
cpu-h2-c1000,inline-streaming-nodelay,srv ctxsw/stream,3,0.6917528937215013,0.6452982988930701,0.6971215117556581
cpu-h2-c1000,inline-streaming-nodelay,srv writes/stream,3,0.12892406173272536,0.1279021148302194,0.12944407822456602
cpu-h2-c1000,inline-streaming-nodelay,TCP segs/stream,3,130.99199842160647,130.97552186332675,131.08116018573534
cpu-h2-c1000,inline-streaming-nodelay,srv peak RSS MiB,3,482.23828125,475.61328125,485.9609375
cpu-h2-c1000,inline-streaming-nodelay,errors,3,0,0,0
cpu-h2-c1000,inline-streaming-nodelay,timeouts,3,0,0,0
cpu-h2-c1000,inline-streaming-nodelay,client CPU %,3,31.341029100167972,31.326058261173166,31.420950862486187
echo-h1-c64,main,streams/s,3,1543.8734974158926,1543.3696320649342,1544.6311897385249
echo-h1-c64,main,GiB/s,3,1.5074417376844367,1.5069878360616575,1.50835716955741
echo-h1-c64,main,TTFB p50 ms,3,0.553,0.549,0.573
echo-h1-c64,main,TTFB p99 ms,3,0.658,0.646,0.683
echo-h1-c64,main,TTFB p99.9 ms,3,0.691,0.675,0.713
echo-h1-c64,main,TTLB p50 ms,3,42.0,42.0,42.0
echo-h1-c64,main,TTLB p99 ms,3,43.029,43.027,43.029
echo-h1-c64,main,TTLB p99.9 ms,3,43.06,43.06,43.066
echo-h1-c64,main,srv CPU us/stream,3,1338.1285640228098,1307.8966120360174,1339.6788396788397
echo-h1-c64,main,srv cores busy,3,2.0652269895114626,2.019226916682443,2.0693097200006525
echo-h1-c64,main,srv ctxsw/stream,3,36.91118740687958,36.906104199066874,37.24371924371924
echo-h1-c64,main,srv writes/stream,3,91.71688698807672,91.71399883397034,91.8991193991194
echo-h1-c64,main,TCP segs/stream,3,75.19167962674962,74.83799533799534,75.24493100991126
echo-h1-c64,main,srv peak RSS MiB,3,23.66796875,23.4609375,24.22265625
echo-h1-c64,main,errors,3,0,0,0
echo-h1-c64,main,timeouts,3,0,0,0
echo-h1-c64,main,client CPU %,3,4.590687102369741,4.590504543272451,4.6430217735008625
echo-h1-c64,listener-nodelay,streams/s,3,17861.10247071185,17854.434567284814,17886.172841090876
echo-h1-c64,listener-nodelay,GiB/s,3,17.440706581246502,17.43379500607014,17.465120618164693
echo-h1-c64,listener-nodelay,TTFB p50 ms,3,0.479,0.476,0.479
echo-h1-c64,listener-nodelay,TTFB p99 ms,3,0.852,0.827,0.865
echo-h1-c64,listener-nodelay,TTFB p99.9 ms,3,1.023,0.991,1.048
echo-h1-c64,listener-nodelay,TTLB p50 ms,3,3.477,3.448,3.526
echo-h1-c64,listener-nodelay,TTLB p99 ms,3,6.719,6.384,6.924
echo-h1-c64,listener-nodelay,TTLB p99.9 ms,3,7.893,7.494,8.101
echo-h1-c64,listener-nodelay,srv CPU us/stream,3,1342.2848855765408,1340.799928428045,1342.9081967029458
echo-h1-c64,listener-nodelay,srv cores busy,3,23.97686652790319,23.974687886170326,23.98177926518629
echo-h1-c64,listener-nodelay,srv ctxsw/stream,3,0.08638662805352812,0.07909260180831018,0.11670240941592802
echo-h1-c64,listener-nodelay,srv writes/stream,3,81.00228135606488,81.0014171843404,81.00296767474285
echo-h1-c64,listener-nodelay,TCP segs/stream,3,144.90733575600115,144.5594069111543,144.9969246425596
echo-h1-c64,listener-nodelay,srv peak RSS MiB,3,32.87109375,30.88671875,34.18359375
echo-h1-c64,listener-nodelay,errors,3,0,0,0
echo-h1-c64,listener-nodelay,timeouts,3,0,0,0
echo-h1-c64,listener-nodelay,client CPU %,3,55.036378204395575,54.92865824412605,55.126590598899796
echo-h1-c64,inline-streaming-nodelay,streams/s,3,18070.172169888327,18022.193349334775,18157.063889848177
echo-h1-c64,inline-streaming-nodelay,GiB/s,3,17.644322235124875,17.597194702405268,17.728760816064995
echo-h1-c64,inline-streaming-nodelay,TTFB p50 ms,3,0.476,0.473,0.48
echo-h1-c64,inline-streaming-nodelay,TTFB p99 ms,3,0.724,0.7,0.755
echo-h1-c64,inline-streaming-nodelay,TTFB p99.9 ms,3,0.862,0.829,0.895
echo-h1-c64,inline-streaming-nodelay,TTLB p50 ms,3,3.451,3.413,3.476
echo-h1-c64,inline-streaming-nodelay,TTLB p99 ms,3,6.613,6.01,6.749
echo-h1-c64,inline-streaming-nodelay,TTLB p99.9 ms,3,7.782,6.965,8.106
echo-h1-c64,inline-streaming-nodelay,srv CPU us/stream,3,1327.643747820745,1321.6193885981822,1331.3614392976654
echo-h1-c64,inline-streaming-nodelay,srv cores busy,3,23.994053276871156,23.990751103396658,23.99672767683928
echo-h1-c64,inline-streaming-nodelay,srv ctxsw/stream,3,0.028840337626734887,0.026675846874139354,0.03399361305283898
echo-h1-c64,inline-streaming-nodelay,srv writes/stream,3,80.99802995577112,80.99623244285321,80.99869936517952
echo-h1-c64,inline-streaming-nodelay,TCP segs/stream,3,144.94009884824635,144.84768383365463,145.39120083907235
echo-h1-c64,inline-streaming-nodelay,srv peak RSS MiB,3,30.6171875,28.89453125,32.0234375
echo-h1-c64,inline-streaming-nodelay,errors,3,0,0,0
echo-h1-c64,inline-streaming-nodelay,timeouts,3,0,0,0
echo-h1-c64,inline-streaming-nodelay,client CPU %,3,55.96641786501906,55.852107258841635,56.376408233034525
echo-h1-c1000,main,streams/s,3,18508.180013441764,18438.26053821126,18567.39173736726
echo-h1-c1000,main,GiB/s,3,18.078058905874784,18.012499462761166,18.12953596339752
echo-h1-c1000,main,TTFB p50 ms,3,0.714,0.709,0.719
echo-h1-c1000,main,TTFB p99 ms,3,2.286,2.224,2.396
echo-h1-c1000,main,TTFB p99.9 ms,3,2.815,2.799,3.371
echo-h1-c1000,main,TTLB p50 ms,3,53.933,53.92,53.978
echo-h1-c1000,main,TTLB p99 ms,3,81.047,78.746,84.225
echo-h1-c1000,main,TTLB p99.9 ms,3,92.271,89.005,95.827
echo-h1-c1000,main,srv CPU us/stream,3,1287.6434002129051,1283.3619709888878,1292.3015171321483
echo-h1-c1000,main,srv cores busy,3,23.828684456190437,23.827792066808236,23.831935844260688
echo-h1-c1000,main,srv ctxsw/stream,3,0.5135684879123025,0.5024588883562345,0.5352941494334239
echo-h1-c1000,main,srv writes/stream,3,81.02763443010068,80.99729064437417,81.03812628484333
echo-h1-c1000,main,TCP segs/stream,3,86.46598111953485,86.4323495984444,86.522333899252
echo-h1-c1000,main,srv peak RSS MiB,3,153.62109375,151.41796875,156.59765625
echo-h1-c1000,main,errors,3,0,0,0
echo-h1-c1000,main,timeouts,3,0,0,0
echo-h1-c1000,main,client CPU %,3,56.59447184468931,56.37160544997466,56.608877357992085
echo-h1-c1000,listener-nodelay,streams/s,3,15375.131940820696,15324.366093348906,15387.562175926605
echo-h1-c1000,listener-nodelay,GiB/s,3,15.013094133178072,14.964975536117917,15.024973433553145
echo-h1-c1000,listener-nodelay,TTFB p50 ms,3,1.378,1.358,1.381
echo-h1-c1000,listener-nodelay,TTFB p99 ms,3,6.037,5.92,6.043
echo-h1-c1000,listener-nodelay,TTFB p99.9 ms,3,8.266,8.089,9.04
echo-h1-c1000,listener-nodelay,TTLB p50 ms,3,58.016,57.653,58.668
echo-h1-c1000,listener-nodelay,TTLB p99 ms,3,196.394,192.584,197.793
echo-h1-c1000,listener-nodelay,TTLB p99.9 ms,3,252.934,245.427,268.499
echo-h1-c1000,listener-nodelay,srv CPU us/stream,3,1559.8472676653678,1558.7099793315915,1565.073812538342
echo-h1-c1000,listener-nodelay,srv cores busy,3,23.98376406645087,23.98285754788369,23.984746721202136
echo-h1-c1000,listener-nodelay,srv ctxsw/stream,3,0.08752876028545802,0.08675420620521321,0.09315501551391048
echo-h1-c1000,listener-nodelay,srv writes/stream,3,81.0010667846201,80.99721171469797,81.00825577904533
echo-h1-c1000,listener-nodelay,TCP segs/stream,3,153.79393493914773,153.6676155935993,153.81788991424432
echo-h1-c1000,listener-nodelay,srv peak RSS MiB,3,218.7578125,218.5546875,219.24609375
echo-h1-c1000,listener-nodelay,errors,3,0,0,0
echo-h1-c1000,listener-nodelay,timeouts,3,0,0,0
echo-h1-c1000,listener-nodelay,client CPU %,3,55.10881103348514,55.081347982143434,55.244082310309636
echo-h1-c1000,inline-streaming-nodelay,streams/s,3,14275.910759576549,14239.007818319109,14281.382313656468
echo-h1-c1000,inline-streaming-nodelay,GiB/s,3,13.93903151013884,13.904924122344624,13.94212324792856
echo-h1-c1000,inline-streaming-nodelay,TTFB p50 ms,3,0.856,0.843,0.861
echo-h1-c1000,inline-streaming-nodelay,TTFB p99 ms,3,2.714,2.699,2.789
echo-h1-c1000,inline-streaming-nodelay,TTFB p99.9 ms,3,3.539,3.471,4.192
echo-h1-c1000,inline-streaming-nodelay,TTLB p50 ms,3,66.298,64.988,66.652
echo-h1-c1000,inline-streaming-nodelay,TTLB p99 ms,3,187.875,184.212,193.992
echo-h1-c1000,inline-streaming-nodelay,TTLB p99.9 ms,3,229.68,225.328,290.884
echo-h1-c1000,inline-streaming-nodelay,srv CPU us/stream,3,1680.9230575229608,1680.2291380710944,1685.3246060061242
echo-h1-c1000,inline-streaming-nodelay,srv cores busy,3,23.99670756291235,23.99599469533878,23.99735024132677
echo-h1-c1000,inline-streaming-nodelay,srv ctxsw/stream,3,0.03354980629522989,0.03286091524566677,0.03918877279475615
echo-h1-c1000,inline-streaming-nodelay,srv writes/stream,3,80.99513811535417,80.98166615311354,81.00427002275472
echo-h1-c1000,inline-streaming-nodelay,TCP segs/stream,3,155.9984198106582,155.90373679935013,156.0902180842493
echo-h1-c1000,inline-streaming-nodelay,srv peak RSS MiB,3,186.66015625,183.0,193.08984375
echo-h1-c1000,inline-streaming-nodelay,errors,3,0,0,0
echo-h1-c1000,inline-streaming-nodelay,timeouts,3,0,0,0
echo-h1-c1000,inline-streaming-nodelay,client CPU %,3,56.720827840482336,56.70639821693466,57.12712945433047
echo-h2-c64,main,streams/s,3,507.65106888528817,499.8555451978213,510.25957117210373
echo-h2-c64,main,GiB/s,3,0.6484693271763462,0.636614914427233,0.6495062279752927
echo-h2-c64,main,TTFB p50 ms,3,4.227,3.962,4.411
echo-h2-c64,main,TTFB p99 ms,3,8.657,8.476,8.782
echo-h2-c64,main,TTFB p99.9 ms,3,9.193,8.927,9.265
echo-h2-c64,main,TTLB p50 ms,3,93.78,93.523,95.481
echo-h2-c64,main,TTLB p99 ms,3,102.465,102.269,104.063
echo-h2-c64,main,TTLB p99.9 ms,3,105.369,105.231,107.401
echo-h2-c64,main,srv CPU us/stream,3,2978.723404255319,2969.423755390043,3029.2116846738695
echo-h2-c64,main,srv cores busy,3,1.5141682581622677,1.512152120083837,1.5151768920535813
echo-h2-c64,main,srv ctxsw/stream,3,257.0415681639086,256.27695021560174,261.2124849939976
echo-h2-c64,main,srv writes/stream,3,122.42080378250591,119.16895335162681,122.52641056422569
echo-h2-c64,main,TCP segs/stream,3,153.8324186593493,153.14105594956658,155.54341736694678
echo-h2-c64,main,srv peak RSS MiB,3,40.6015625,38.7734375,40.90234375
echo-h2-c64,main,errors,3,3415,3350,3476
echo-h2-c64,main,timeouts,3,0,0,0
echo-h2-c64,main,client CPU %,3,3.605362693718408,3.580397862761505,3.620422672761693
echo-h2-c64,listener-nodelay,streams/s,3,467.0468462465237,463.9511318686628,467.8379689810218
echo-h2-c64,listener-nodelay,GiB/s,3,0.5893466668336874,0.5882324559799855,0.5912562576529171
echo-h2-c64,listener-nodelay,TTFB p50 ms,3,3.653,3.309,3.678
echo-h2-c64,listener-nodelay,TTFB p99 ms,3,8.377,8.316,8.384
echo-h2-c64,listener-nodelay,TTFB p99.9 ms,3,8.795,8.579,8.885
echo-h2-c64,listener-nodelay,TTLB p50 ms,3,103.48,103.286,103.547
echo-h2-c64,listener-nodelay,TTLB p99 ms,3,112.908,111.807,113.451
echo-h2-c64,listener-nodelay,TTLB p99.9 ms,3,115.618,115.555,117.452
echo-h2-c64,listener-nodelay,srv CPU us/stream,3,3206.4985036340317,3169.164882226981,3235.6111230868723
echo-h2-c64,listener-nodelay,srv cores busy,3,1.5001217474808308,1.4801484634793471,1.5011654428429895
echo-h2-c64,listener-nodelay,srv ctxsw/stream,3,263.17315091919625,261.18072805139184,263.87885320112093
echo-h2-c64,listener-nodelay,srv writes/stream,3,59.9719767191205,59.29250535331906,60.39589568191535
echo-h2-c64,listener-nodelay,TCP segs/stream,3,163.56776400171015,162.11113490364025,163.96270748006035
echo-h2-c64,listener-nodelay,srv peak RSS MiB,3,35.24609375,33.3125,37.1953125
echo-h2-c64,listener-nodelay,errors,3,3138,3093,3158
echo-h2-c64,listener-nodelay,timeouts,3,0,0,0
echo-h2-c64,listener-nodelay,client CPU %,3,3.200352709591983,3.190258916309234,3.3528362998746695
echo-h2-c64,inline-streaming-nodelay,streams/s,3,458.56307447962485,448.63455867896266,464.15305761450776
echo-h2-c64,inline-streaming-nodelay,GiB/s,3,0.5875908982699659,0.5739473799911979,0.5902613925988907
echo-h2-c64,inline-streaming-nodelay,TTFB p50 ms,3,3.243,3.182,3.244
echo-h2-c64,inline-streaming-nodelay,TTFB p99 ms,3,8.38,8.36,8.653
echo-h2-c64,inline-streaming-nodelay,TTFB p99.9 ms,3,9.014,8.789,9.014
echo-h2-c64,inline-streaming-nodelay,TTLB p50 ms,3,103.783,103.236,106.393
echo-h2-c64,inline-streaming-nodelay,TTLB p99 ms,3,112.67,112.509,115.211
echo-h2-c64,inline-streaming-nodelay,TTLB p99.9 ms,3,116.213,116.068,118.683
echo-h2-c64,inline-streaming-nodelay,srv CPU us/stream,3,3291.1668484187567,3244.990303813833,3348.194382523406
echo-h2-c64,inline-streaming-nodelay,srv cores busy,3,1.5061721714446212,1.5021157091747703,1.5092075886363225
echo-h2-c64,inline-streaming-nodelay,srv ctxsw/stream,3,267.56030534351146,265.5061409179056,269.7806509139545
echo-h2-c64,inline-streaming-nodelay,srv writes/stream,3,59.9694605439144,56.296918767507,62.03009814612868
echo-h2-c64,inline-streaming-nodelay,TCP segs/stream,3,164.9175211769951,164.45507433742728,165.64601962922575
echo-h2-c64,inline-streaming-nodelay,srv peak RSS MiB,3,33.3515625,31.31640625,33.6953125
echo-h2-c64,inline-streaming-nodelay,errors,3,3166,3033,3167
echo-h2-c64,inline-streaming-nodelay,timeouts,3,0,0,0
echo-h2-c64,inline-streaming-nodelay,client CPU %,3,3.202940558388219,3.1202403546107083,3.360384127525848
echo-h2-c1000,main,streams/s,3,9456.70478142743,9445.964290965609,9531.974284004124
echo-h2-c1000,main,GiB/s,3,11.896982819264986,11.877353162873739,11.979937128614024
echo-h2-c1000,main,TTFB p50 ms,3,3.57,3.514,3.633
echo-h2-c1000,main,TTFB p99 ms,3,7.264,7.202,7.292
echo-h2-c1000,main,TTFB p99.9 ms,3,7.867,7.762,7.877
echo-h2-c1000,main,TTLB p50 ms,3,81.241,80.682,81.272
echo-h2-c1000,main,TTLB p99 ms,3,89.642,88.811,89.737
echo-h2-c1000,main,TTLB p99.9 ms,3,93.538,92.523,93.886
echo-h2-c1000,main,srv CPU us/stream,3,2178.0743686281144,2169.889517254404,2180.8595114823875
echo-h2-c1000,main,srv cores busy,3,20.60032106907533,20.597406296110023,20.683331077599103
echo-h2-c1000,main,srv ctxsw/stream,3,30.035299473790086,29.835885612758577,30.049732973801007
echo-h2-c1000,main,srv writes/stream,3,85.56787512162104,85.4928600656811,85.61207635866975
echo-h2-c1000,main,TCP segs/stream,3,157.21669698379796,156.14208521755552,157.2432212093299
echo-h2-c1000,main,srv peak RSS MiB,3,63.15625,63.12109375,63.98046875
echo-h2-c1000,main,errors,3,62803,62715,62894
echo-h2-c1000,main,timeouts,3,0,0,0
echo-h2-c1000,main,client CPU %,3,51.801051668221355,51.72082746321151,51.80583868379834
echo-h2-c1000,listener-nodelay,streams/s,3,9494.965780474464,9483.880362870254,9512.497329349422
echo-h2-c1000,listener-nodelay,GiB/s,3,11.93584748344828,11.908692903066457,11.971937005874429
echo-h2-c1000,listener-nodelay,TTFB p50 ms,3,3.463,3.449,3.566
echo-h2-c1000,listener-nodelay,TTFB p99 ms,3,6.584,6.522,6.618
echo-h2-c1000,listener-nodelay,TTFB p99.9 ms,3,7.163,7.049,7.184
echo-h2-c1000,listener-nodelay,TTLB p50 ms,3,81.036,80.732,81.096
echo-h2-c1000,listener-nodelay,TTLB p99 ms,3,90.03,89.894,90.694
echo-h2-c1000,listener-nodelay,TTLB p99.9 ms,3,94.549,94.451,95.564
echo-h2-c1000,listener-nodelay,srv CPU us/stream,3,2178.01795739849,2177.7323153498965,2181.5060196547256
echo-h2-c1000,listener-nodelay,srv cores busy,3,20.713325006520677,20.653352741134853,20.718390003028222
echo-h2-c1000,listener-nodelay,srv ctxsw/stream,3,29.4210359809339,28.992911237742128,29.744590701684295
echo-h2-c1000,listener-nodelay,srv writes/stream,3,2.239176146518914,2.2262400067411705,2.266682836293078
echo-h2-c1000,listener-nodelay,TCP segs/stream,3,160.1262169606998,159.11312059729195,160.269288701166
echo-h2-c1000,listener-nodelay,srv peak RSS MiB,3,65.15625,61.41796875,66.39453125
echo-h2-c1000,listener-nodelay,errors,3,63217,62817,63601
echo-h2-c1000,listener-nodelay,timeouts,3,0,0,0
echo-h2-c1000,listener-nodelay,client CPU %,3,49.82574772885046,49.61556919383375,49.89568390175865
echo-h2-c1000,inline-streaming-nodelay,streams/s,3,9484.252773871682,9459.970427817807,9500.565292685931
echo-h2-c1000,inline-streaming-nodelay,GiB/s,3,11.914894469084981,11.885031931307156,11.938305478560864
echo-h2-c1000,inline-streaming-nodelay,TTFB p50 ms,3,3.462,3.412,3.515
echo-h2-c1000,inline-streaming-nodelay,TTFB p99 ms,3,6.586,6.556,6.603
echo-h2-c1000,inline-streaming-nodelay,TTFB p99.9 ms,3,7.165,7.146,7.243
echo-h2-c1000,inline-streaming-nodelay,TTLB p50 ms,3,81.14,80.988,81.319
echo-h2-c1000,inline-streaming-nodelay,TTLB p99 ms,3,90.578,90.065,90.834
echo-h2-c1000,inline-streaming-nodelay,TTLB p99.9 ms,3,95.443,94.736,95.458
echo-h2-c1000,inline-streaming-nodelay,srv CPU us/stream,3,2219.5039649063606,2215.274488130954,2219.7084227552887
echo-h2-c1000,inline-streaming-nodelay,srv cores busy,3,21.046359915709534,20.99837603764314,21.050336635782347
echo-h2-c1000,inline-streaming-nodelay,srv ctxsw/stream,3,31.91481656929312,31.889638330038377,32.177197570440356
echo-h2-c1000,inline-streaming-nodelay,srv writes/stream,3,1.913457167323896,1.8808358334649191,1.9229057702041505
echo-h2-c1000,inline-streaming-nodelay,TCP segs/stream,3,160.17153492491985,159.8677541786043,160.34132322753828
echo-h2-c1000,inline-streaming-nodelay,srv peak RSS MiB,3,63.40625,63.2421875,64.2734375
echo-h2-c1000,inline-streaming-nodelay,errors,3,63035,62405,63319
echo-h2-c1000,inline-streaming-nodelay,timeouts,3,0,0,0
echo-h2-c1000,inline-streaming-nodelay,client CPU %,3,49.29302719756385,49.23807145519461,49.37298051439495
echo-h2old-c64,main,streams/s,3,656.307566381792,655.1762174355857,659.8387055446124
echo-h2old-c64,main,GiB/s,3,0.6413628922073836,0.6402440893287206,0.6449124594559015
echo-h2old-c64,main,TTFB p50 ms,3,8.02,7.989,8.055
echo-h2old-c64,main,TTFB p99 ms,3,8.972,8.882,9.082
echo-h2old-c64,main,TTFB p99.9 ms,3,9.242,9.145,9.359
echo-h2old-c64,main,TTLB p50 ms,3,96.994,96.464,97.232
echo-h2old-c64,main,TTLB p99 ms,3,108.902,108.606,109.117
echo-h2old-c64,main,TTLB p99.9 ms,3,113.282,112.96,113.794
echo-h2old-c64,main,srv CPU us/stream,3,2309.571057853763,2277.963019096696,2319.4148125571473
echo-h2old-c64,main,srv cores busy,3,1.5131760295833325,1.5030881697992609,1.5222494910592614
echo-h2old-c64,main,srv ctxsw/stream,3,200.3775386480752,198.86345626333434,201.37505724316898
echo-h2old-c64,main,srv writes/stream,3,97.18790003047852,97.07296595939552,97.2423461655047
echo-h2old-c64,main,TCP segs/stream,3,127.89543581132652,127.161231331911,128.11745983631403
echo-h2old-c64,main,srv peak RSS MiB,3,31.828125,30.08203125,31.93359375
echo-h2old-c64,main,errors,3,0,0,0
echo-h2old-c64,main,timeouts,3,0,0,0
echo-h2old-c64,main,client CPU %,3,3.5979185501824453,3.5555827468565537,3.6152120650860473
echo-h2old-c64,listener-nodelay,streams/s,3,612.1657071122557,593.1613678226374,612.9825893510006
echo-h2old-c64,listener-nodelay,GiB/s,3,0.5981345027402253,0.5796007297669038,0.5988468197465873
echo-h2old-c64,listener-nodelay,TTFB p50 ms,3,7.614,7.61,7.865
echo-h2old-c64,listener-nodelay,TTFB p99 ms,3,8.224,8.206,8.639
echo-h2old-c64,listener-nodelay,TTFB p99.9 ms,3,8.465,8.416,9.09
echo-h2old-c64,listener-nodelay,TTLB p50 ms,3,103.915,103.836,107.302
echo-h2old-c64,listener-nodelay,TTLB p99 ms,3,116.999,116.482,121.196
echo-h2old-c64,listener-nodelay,TTLB p99.9 ms,3,121.943,121.59,126.186
echo-h2old-c64,listener-nodelay,srv CPU us/stream,3,2455.4811305342264,2437.5917767988253,2530.7705277356263
echo-h2old-c64,listener-nodelay,srv cores busy,3,1.501155307876882,1.4942013191228503,1.503161342574286
echo-h2old-c64,listener-nodelay,srv ctxsw/stream,3,203.91030180408026,203.2788383096753,204.93465120078417
echo-h2old-c64,listener-nodelay,srv writes/stream,3,48.034471491586345,46.26319339065925,48.849567629303316
echo-h2old-c64,listener-nodelay,TCP segs/stream,3,128.42747593408387,127.25543753161355,128.45564450253227
echo-h2old-c64,listener-nodelay,srv peak RSS MiB,3,26.94140625,25.73046875,28.55859375
echo-h2old-c64,listener-nodelay,errors,3,0,0,0
echo-h2old-c64,listener-nodelay,timeouts,3,0,0,0
echo-h2old-c64,listener-nodelay,client CPU %,3,3.2054318793766634,3.157838948222427,3.2153326547795973
echo-h2old-c64,inline-streaming-nodelay,streams/s,3,595.8220612651337,589.6574565173919,598.0908930093834
echo-h2old-c64,inline-streaming-nodelay,GiB/s,3,0.5821892165596918,0.575724091170668,0.5835190250621086
echo-h2old-c64,inline-streaming-nodelay,TTFB p50 ms,3,7.822,7.802,7.931
echo-h2old-c64,inline-streaming-nodelay,TTFB p99 ms,3,8.53,8.463,8.578
echo-h2old-c64,inline-streaming-nodelay,TTFB p99.9 ms,3,8.942,8.927,9.034
echo-h2old-c64,inline-streaming-nodelay,TTLB p50 ms,3,106.838,106.553,108.009
echo-h2old-c64,inline-streaming-nodelay,TTLB p99 ms,3,120.874,120.303,121.361
echo-h2old-c64,inline-streaming-nodelay,TTLB p99.9 ms,3,125.886,124.465,126.825
echo-h2old-c64,inline-streaming-nodelay,srv CPU us/stream,3,2521.7391304347825,2502.5176233635448,2522.0488466757124
echo-h2old-c64,inline-streaming-nodelay,srv cores busy,3,1.4910552087047908,1.487144908143422,1.508229208458445
echo-h2old-c64,inline-streaming-nodelay,srv ctxsw/stream,3,205.21550855991944,204.98795986622073,207.61448439620082
echo-h2old-c64,inline-streaming-nodelay,srv writes/stream,3,47.83779264214047,47.46607869742198,49.399462907015774
echo-h2old-c64,inline-streaming-nodelay,TCP segs/stream,3,127.67757801899593,127.57240802675585,128.0204766700235
echo-h2old-c64,inline-streaming-nodelay,srv peak RSS MiB,3,25.99609375,25.94921875,29.8515625
echo-h2old-c64,inline-streaming-nodelay,errors,3,0,0,0
echo-h2old-c64,inline-streaming-nodelay,timeouts,3,0,0,0
echo-h2old-c64,inline-streaming-nodelay,client CPU %,3,3.172617471238061,3.1503069674860655,3.1904848640467103
echo-h2old-c1000,main,streams/s,3,12256.504377235853,12210.801539926711,12276.931222543448
echo-h2old-c1000,main,GiB/s,3,11.96900730991899,11.922173295277949,11.98692345890654
echo-h2old-c1000,main,TTFB p50 ms,3,6.321,6.313,6.33
echo-h2old-c1000,main,TTFB p99 ms,3,7.706,7.693,7.74
echo-h2old-c1000,main,TTFB p99.9 ms,3,8.004,7.99,8.038
echo-h2old-c1000,main,TTLB p50 ms,3,82.858,82.745,83.195
echo-h2old-c1000,main,TTLB p99 ms,3,93.721,93.485,93.859
echo-h2old-c1000,main,TTLB p99.9 ms,3,97.979,97.825,98.15
echo-h2old-c1000,main,srv CPU us/stream,3,1684.7378925502017,1682.4016123899437,1697.1349943486166
echo-h2old-c1000,main,srv cores busy,3,20.68341123485162,20.620362726526004,20.7233786024556
echo-h2old-c1000,main,srv ctxsw/stream,3,22.6782615779398,22.408734253935492,23.35075193184878
echo-h2old-c1000,main,srv writes/stream,3,66.68224512239827,66.65035136861762,66.78973651785788
echo-h2old-c1000,main,TCP segs/stream,3,130.3021872836137,130.2213786099235,130.35767150002857
echo-h2old-c1000,main,srv peak RSS MiB,3,61.48828125,60.60546875,62.01953125
echo-h2old-c1000,main,errors,3,0,0,0
echo-h2old-c1000,main,timeouts,3,0,0,0
echo-h2old-c1000,main,client CPU %,3,51.39338876755044,51.168373039338576,51.398491943673505
echo-h2old-c1000,listener-nodelay,streams/s,3,12231.701641699654,12180.691378450916,12295.209210485576
echo-h2old-c1000,listener-nodelay,GiB/s,3,11.94326405846923,11.895404211254267,12.00530549288198
echo-h2old-c1000,listener-nodelay,TTFB p50 ms,3,5.959,5.929,5.991
echo-h2old-c1000,listener-nodelay,TTFB p99 ms,3,6.991,6.925,7.0
echo-h2old-c1000,listener-nodelay,TTFB p99.9 ms,3,7.371,7.301,7.388
echo-h2old-c1000,listener-nodelay,TTLB p50 ms,3,82.955,82.503,83.286
echo-h2old-c1000,listener-nodelay,TTLB p99 ms,3,95.116,94.454,95.301
echo-h2old-c1000,listener-nodelay,TTLB p99.9 ms,3,99.941,99.561,99.95
echo-h2old-c1000,listener-nodelay,srv CPU us/stream,3,1701.0212341479767,1695.0007320763311,1706.7483352902054
echo-h2old-c1000,listener-nodelay,srv cores busy,3,20.806384222293776,20.78937473285486,20.840388612804702
echo-h2old-c1000,listener-nodelay,srv ctxsw/stream,3,22.028020571858416,21.757520050757293,22.094315765273866
echo-h2old-c1000,listener-nodelay,srv writes/stream,3,1.7494583125516137,1.694716035725325,1.7605281091688356
echo-h2old-c1000,listener-nodelay,TCP segs/stream,3,123.98823797361271,123.8917033923943,124.29738983357008
echo-h2old-c1000,listener-nodelay,srv peak RSS MiB,3,62.37890625,59.87890625,62.44921875
echo-h2old-c1000,listener-nodelay,errors,3,0,0,0
echo-h2old-c1000,listener-nodelay,timeouts,3,0,0,0
echo-h2old-c1000,listener-nodelay,client CPU %,3,48.41804826772725,48.20300614262626,48.45305342733736
echo-h2old-c1000,inline-streaming-nodelay,streams/s,3,12238.695711873808,12162.296653687537,12291.165755931659
echo-h2old-c1000,inline-streaming-nodelay,GiB/s,3,11.953515017590602,11.875326482156739,12.002556808776077
echo-h2old-c1000,inline-streaming-nodelay,TTFB p50 ms,3,5.943,5.923,5.987
echo-h2old-c1000,inline-streaming-nodelay,TTFB p99 ms,3,6.971,6.908,7.028
echo-h2old-c1000,inline-streaming-nodelay,TTFB p99.9 ms,3,7.345,7.274,7.435
echo-h2old-c1000,inline-streaming-nodelay,TTLB p50 ms,3,82.895,82.57,83.466
echo-h2old-c1000,inline-streaming-nodelay,TTLB p99 ms,3,94.942,94.343,95.434
echo-h2old-c1000,inline-streaming-nodelay,TTLB p99.9 ms,3,99.826,99.214,99.977
echo-h2old-c1000,inline-streaming-nodelay,srv CPU us/stream,3,1726.606359245912,1717.8612984857239,1742.4697185241223
echo-h2old-c1000,inline-streaming-nodelay,srv cores busy,3,21.13140984499699,21.114517965388025,21.1924336267578
echo-h2old-c1000,inline-streaming-nodelay,srv ctxsw/stream,3,24.077536473632392,23.5768240837438,24.18337378343262
echo-h2old-c1000,inline-streaming-nodelay,srv writes/stream,3,1.4907373358502285,1.4497035581248099,1.505699895034053
echo-h2old-c1000,inline-streaming-nodelay,TCP segs/stream,3,124.33286187699923,124.08689825369976,124.60782606572984
echo-h2old-c1000,inline-streaming-nodelay,srv peak RSS MiB,3,62.73828125,60.5,62.765625
echo-h2old-c1000,inline-streaming-nodelay,errors,3,0,0,0
echo-h2old-c1000,inline-streaming-nodelay,timeouts,3,0,0,0
echo-h2old-c1000,inline-streaming-nodelay,client CPU %,3,48.15324240898636,47.98551040169133,48.202997113173474
echosf2m-h1-c16,main,streams/s,3,379.6394498537921,374.4422932195749,382.7408541415119
echosf2m-h1-c16,main,GiB/s,3,0.7414832973288619,0.7312120498990081,0.7474796979217503
echosf2m-h1-c16,main,TTFB p50 ms,3,0.951,0.947,0.96
echosf2m-h1-c16,main,TTFB p99 ms,3,1.053,1.052,1.054
echosf2m-h1-c16,main,TTFB p99.9 ms,3,1.08,1.08,1.093
echosf2m-h1-c16,main,TTLB p50 ms,3,43.0,42.999,43.0
echosf2m-h1-c16,main,TTLB p99 ms,3,44.017,44.013,44.022
echosf2m-h1-c16,main,TTLB p99.9 ms,3,44.367,44.139,44.405
echosf2m-h1-c16,main,srv CPU us/stream,3,2610.3997909589757,2592.2023182297153,2678.9529914529912
echosf2m-h1-c16,main,srv cores busy,3,0.9991066456424624,0.9841022620024537,1.0031133015470983
echosf2m-h1-c16,main,srv ctxsw/stream,3,94.32852564102564,91.69388830347735,96.65351450222106
echosf2m-h1-c16,main,srv writes/stream,3,202.822708113804,200.49725633655606,204.76816239316238
echosf2m-h1-c16,main,TCP segs/stream,3,139.43509615384616,138.93440463645942,141.32087797230207
echosf2m-h1-c16,main,srv peak RSS MiB,3,14.015625,13.91796875,14.0625
echosf2m-h1-c16,main,errors,3,0,0,0
echosf2m-h1-c16,main,timeouts,3,0,0,0
echosf2m-h1-c16,main,client CPU %,3,2.215250212289953,2.2102296738063236,2.252740459769416
echosf2m-h1-c16,listener-nodelay,streams/s,3,5836.848723710329,5834.045842876516,5856.061809942114
echosf2m-h1-c16,listener-nodelay,GiB/s,3,11.398525101186161,11.392705447237752,11.43649899533575
echosf2m-h1-c16,listener-nodelay,TTFB p50 ms,3,1.032,1.027,1.033
echosf2m-h1-c16,listener-nodelay,TTFB p99 ms,3,1.205,1.204,1.213
echosf2m-h1-c16,listener-nodelay,TTFB p99.9 ms,3,1.236,1.232,1.242
echosf2m-h1-c16,listener-nodelay,TTLB p50 ms,3,2.739,2.729,2.74
echosf2m-h1-c16,listener-nodelay,TTLB p99 ms,3,2.888,2.879,2.892
echosf2m-h1-c16,listener-nodelay,TTLB p99.9 ms,3,2.942,2.939,2.958
echosf2m-h1-c16,listener-nodelay,srv CPU us/stream,3,2765.326753709606,2761.041090275643,2770.9397606884495
echosf2m-h1-c16,listener-nodelay,srv cores busy,3,16.165789591705696,16.14079393303194,16.16882728444413
echosf2m-h1-c16,listener-nodelay,srv ctxsw/stream,3,30.995422909452465,30.848839998629245,31.109779007411962
echosf2m-h1-c16,listener-nodelay,srv writes/stream,3,171.40978719029505,171.38682415058113,171.58624517539366
echosf2m-h1-c16,listener-nodelay,TCP segs/stream,3,253.70005485651592,252.81196669065488,254.16038186972708
echosf2m-h1-c16,listener-nodelay,srv peak RSS MiB,3,16.09765625,15.50390625,16.9453125
echosf2m-h1-c16,listener-nodelay,errors,3,0,0,0
echosf2m-h1-c16,listener-nodelay,timeouts,3,0,0,0
echosf2m-h1-c16,listener-nodelay,client CPU %,3,35.188976804797846,35.09638525407895,35.25391821918185
echosf2m-h1-c16,inline-streaming-nodelay,streams/s,3,5889.454009733092,5839.461685754105,5930.08210057752
echosf2m-h1-c16,inline-streaming-nodelay,GiB/s,3,11.501464044183535,11.404251534653627,11.58076229613517
echosf2m-h1-c16,inline-streaming-nodelay,TTFB p50 ms,3,0.992,0.987,1.001
echosf2m-h1-c16,inline-streaming-nodelay,TTFB p99 ms,3,1.191,1.189,1.199
echosf2m-h1-c16,inline-streaming-nodelay,TTFB p99.9 ms,3,1.226,1.217,1.228
echosf2m-h1-c16,inline-streaming-nodelay,TTLB p50 ms,3,2.711,2.696,2.728
echosf2m-h1-c16,inline-streaming-nodelay,TTLB p99 ms,3,2.883,2.828,2.931
echosf2m-h1-c16,inline-streaming-nodelay,TTLB p99.9 ms,3,2.937,2.871,3.004
echosf2m-h1-c16,inline-streaming-nodelay,srv CPU us/stream,3,2721.097676946067,2705.5013998043646,2740.460368568884
echosf2m-h1-c16,inline-streaming-nodelay,srv cores busy,3,16.025779624365416,16.00281332358557,16.043845424067285
echosf2m-h1-c16,inline-streaming-nodelay,srv ctxsw/stream,3,27.601022025837352,27.250667945468248,27.657519358782775
echosf2m-h1-c16,inline-streaming-nodelay,srv writes/stream,3,177.1623420730879,177.0826710968007,177.61469963234055
echosf2m-h1-c16,inline-streaming-nodelay,TCP segs/stream,3,256.1889349273197,253.8041285796202,257.80353839830104
echosf2m-h1-c16,inline-streaming-nodelay,srv peak RSS MiB,3,16.3125,15.53125,16.42578125
echosf2m-h1-c16,inline-streaming-nodelay,errors,3,0,0,0
echosf2m-h1-c16,inline-streaming-nodelay,timeouts,3,0,0,0
echosf2m-h1-c16,inline-streaming-nodelay,client CPU %,3,35.316421803881916,35.106478013321826,35.52408611537652
echosf2m-h2old-c16,main,streams/s,3,680.4760470769744,648.8710363246695,691.0875798703868
echosf2m-h2old-c16,main,GiB/s,3,1.3287083662218444,1.267137013120983,1.3498414723264185
echosf2m-h2old-c16,main,TTFB p50 ms,3,1.911,1.895,1.969
echosf2m-h2old-c16,main,TTFB p99 ms,3,2.787,2.713,2.819
echosf2m-h2old-c16,main,TTFB p99.9 ms,3,2.935,2.932,3.018
echosf2m-h2old-c16,main,TTLB p50 ms,3,42.716,42.687,42.96
echosf2m-h2old-c16,main,TTLB p99 ms,3,44.437,44.415,44.443
echosf2m-h2old-c16,main,TTLB p99.9 ms,3,44.948,44.681,44.951
echosf2m-h2old-c16,main,srv CPU us/stream,3,2934.876989869754,2874.779541446208,2956.2268803945744
echosf2m-h2old-c16,main,srv cores busy,3,1.9562186185810726,1.9182099994924724,2.028257036146374
echosf2m-h2old-c16,main,srv ctxsw/stream,3,118.92298647854203,118.07583230579532,120.24341534008683
echosf2m-h2old-c16,main,srv writes/stream,3,143.33392122281012,142.02620221948212,144.3671490593343
echosf2m-h2old-c16,main,TCP segs/stream,3,270.2940813810111,269.5411522633745,270.44442836468886
echosf2m-h2old-c16,main,srv peak RSS MiB,3,29.69140625,28.66015625,30.921875
echosf2m-h2old-c16,main,errors,3,0,0,0
echosf2m-h2old-c16,main,timeouts,3,0,0,0
echosf2m-h2old-c16,main,client CPU %,3,4.668021678030245,4.4454866776559125,4.835612805605384
echosf2m-h2old-c16,listener-nodelay,streams/s,3,5970.064694465946,5933.18014061233,6010.708525491001
echosf2m-h2old-c16,listener-nodelay,GiB/s,3,11.658837438152586,11.587410762789029,11.739324777738595
echosf2m-h2old-c16,listener-nodelay,TTFB p50 ms,3,1.912,1.894,1.914
echosf2m-h2old-c16,listener-nodelay,TTFB p99 ms,3,2.716,2.703,2.718
echosf2m-h2old-c16,listener-nodelay,TTFB p99.9 ms,3,2.924,2.907,2.961
echosf2m-h2old-c16,listener-nodelay,TTLB p50 ms,3,2.643,2.628,2.664
echosf2m-h2old-c16,listener-nodelay,TTLB p99 ms,3,3.319,3.285,3.36
echosf2m-h2old-c16,listener-nodelay,TTLB p99.9 ms,3,4.096,3.983,4.099
echosf2m-h2old-c16,listener-nodelay,srv CPU us/stream,3,2760.5789526585586,2735.773710482529,2777.0754319426887
echosf2m-h2old-c16,listener-nodelay,srv cores busy,3,16.47688880178477,16.443938365411483,16.480834941552637
echosf2m-h2old-c16,listener-nodelay,srv ctxsw/stream,3,26.568411293721027,25.88320434214494,26.607171381031613
echosf2m-h2old-c16,listener-nodelay,srv writes/stream,3,4.822671723556679,4.672496398297986,4.945257903494176
echosf2m-h2old-c16,listener-nodelay,TCP segs/stream,3,241.4271618588133,240.97727770754318,241.86743760399335
echosf2m-h2old-c16,listener-nodelay,srv peak RSS MiB,3,43.81640625,43.6328125,44.99609375
echosf2m-h2old-c16,listener-nodelay,errors,3,0,0,0
echosf2m-h2old-c16,listener-nodelay,timeouts,3,0,0,0
echosf2m-h2old-c16,listener-nodelay,client CPU %,3,39.21186576678956,38.87195602448374,39.34213754101535
echosf2m-h2old-c16,inline-streaming-nodelay,streams/s,3,6006.999016454548,5968.142830679577,6077.285313586586
echosf2m-h2old-c16,inline-streaming-nodelay,GiB/s,3,11.73111212360183,11.655895636985194,11.868544183547694
echosf2m-h2old-c16,inline-streaming-nodelay,TTFB p50 ms,3,1.958,1.942,1.963
echosf2m-h2old-c16,inline-streaming-nodelay,TTFB p99 ms,3,2.63,2.616,3.222
echosf2m-h2old-c16,inline-streaming-nodelay,TTFB p99.9 ms,3,2.963,2.806,4.087
echosf2m-h2old-c16,inline-streaming-nodelay,TTLB p50 ms,3,2.619,2.599,2.635
echosf2m-h2old-c16,inline-streaming-nodelay,TTLB p99 ms,3,3.211,3.21,3.829
echosf2m-h2old-c16,inline-streaming-nodelay,TTLB p99.9 ms,3,4.052,3.839,4.639
echosf2m-h2old-c16,inline-streaming-nodelay,srv CPU us/stream,3,2661.170043403214,2634.8616002369745,2680.6852804555215
echosf2m-h2old-c16,inline-streaming-nodelay,srv cores busy,3,16.012805706453417,15.882242915756153,16.102873843120502
echosf2m-h2old-c16,inline-streaming-nodelay,srv ctxsw/stream,3,23.236152040357624,22.75729848928677,23.32290985873008
echosf2m-h2old-c16,inline-streaming-nodelay,srv writes/stream,3,4.042888300617685,4.036515677106899,4.073906460849817
echosf2m-h2old-c16,inline-streaming-nodelay,TCP segs/stream,3,238.77999210084587,238.09221983583905,239.63787642652457
echosf2m-h2old-c16,inline-streaming-nodelay,srv peak RSS MiB,3,37.21875,35.88671875,38.359375
echosf2m-h2old-c16,inline-streaming-nodelay,errors,3,0,0,0
echosf2m-h2old-c16,inline-streaming-nodelay,timeouts,3,0,0,0
echosf2m-h2old-c16,inline-streaming-nodelay,client CPU %,3,40.017012574446774,39.66461565232961,40.105663786008925
echosf2m-h2oldmux-c16,main,streams/s,3,0.0,0.0,0.0
echosf2m-h2oldmux-c16,main,GiB/s,3,0.0,0.0,0.0
echosf2m-h2oldmux-c16,main,srv CPU us/stream,3,160000.0,150000.0,170000.0
echosf2m-h2oldmux-c16,main,srv cores busy,3,0.016002969326954164,0.015002037629257937,0.01700172596421471
echosf2m-h2oldmux-c16,main,srv ctxsw/stream,3,12635.0,11670.0,12737.0
echosf2m-h2oldmux-c16,main,srv writes/stream,3,6175.0,5589.0,6258.0
echosf2m-h2oldmux-c16,main,TCP segs/stream,3,7018.0,6558.0,7109.0
echosf2m-h2oldmux-c16,main,srv peak RSS MiB,3,30.30078125,28.53515625,30.32421875
echosf2m-h2oldmux-c16,main,errors,3,32,32,32
echosf2m-h2oldmux-c16,main,timeouts,3,32,32,32
echosf2m-h2oldmux-c16,main,client CPU %,3,0.025002538182668694,0.022503056443886903,0.02500463957336588
echosf2m-h2oldmux-c16,listener-nodelay,streams/s,3,0.0,0.0,0.0
echosf2m-h2oldmux-c16,listener-nodelay,GiB/s,3,0.0,0.0,0.0
echosf2m-h2oldmux-c16,listener-nodelay,srv CPU us/stream,3,170000.0,160000.0,170000.0
echosf2m-h2oldmux-c16,listener-nodelay,srv cores busy,3,0.017001107696971333,0.016001910077597558,0.017002050003476914
echosf2m-h2oldmux-c16,listener-nodelay,srv ctxsw/stream,3,12694.0,12421.0,12775.0
echosf2m-h2oldmux-c16,listener-nodelay,srv writes/stream,3,2921.0,2568.0,3089.0
echosf2m-h2oldmux-c16,listener-nodelay,TCP segs/stream,3,7177.0,7166.0,7189.0
echosf2m-h2oldmux-c16,listener-nodelay,srv peak RSS MiB,3,26.6171875,24.0,27.91015625
echosf2m-h2oldmux-c16,listener-nodelay,errors,3,32,32,32
echosf2m-h2oldmux-c16,listener-nodelay,timeouts,3,32,32,32
echosf2m-h2oldmux-c16,listener-nodelay,client CPU %,3,0.025002984496246185,0.025001628966134313,0.025003014710995464
echosf2m-h2oldmux-c16,inline-streaming-nodelay,streams/s,3,0.0,0.0,0.0
echosf2m-h2oldmux-c16,inline-streaming-nodelay,GiB/s,3,0.0,0.0,0.0
echosf2m-h2oldmux-c16,inline-streaming-nodelay,srv CPU us/stream,3,150000.0,150000.0,160000.0
echosf2m-h2oldmux-c16,inline-streaming-nodelay,srv cores busy,3,0.015002607534203526,0.015001220407784932,0.01600182631564051
echosf2m-h2oldmux-c16,inline-streaming-nodelay,srv ctxsw/stream,3,12596.0,12189.0,12919.0
echosf2m-h2oldmux-c16,inline-streaming-nodelay,srv writes/stream,3,2523.0,2407.0,2804.0
echosf2m-h2oldmux-c16,inline-streaming-nodelay,TCP segs/stream,3,7547.0,7465.0,7562.0
echosf2m-h2oldmux-c16,inline-streaming-nodelay,srv peak RSS MiB,3,18.515625,17.22265625,19.5390625
echosf2m-h2oldmux-c16,inline-streaming-nodelay,errors,3,32,32,32
echosf2m-h2oldmux-c16,inline-streaming-nodelay,timeouts,3,32,32,32
echosf2m-h2oldmux-c16,inline-streaming-nodelay,client CPU %,3,0.025002853618188298,0.022501830611677393,0.027504780479373134
echosf4m-h1-c16,main,streams/s,3,357.837499258681,357.73933540749437,359.34007072996724
echosf4m-h1-c16,main,GiB/s,3,1.3981263212874468,1.397014891648188,1.4037644831262026
echosf4m-h1-c16,main,TTFB p50 ms,3,1.578,1.578,1.601
echosf4m-h1-c16,main,TTFB p99 ms,3,1.763,1.763,2.285
echosf4m-h1-c16,main,TTFB p99.9 ms,3,2.295,1.805,2.387
echosf4m-h1-c16,main,TTLB p50 ms,3,45.003,45.002,45.004
echosf4m-h1-c16,main,TTLB p99 ms,3,46.048,46.039,46.54
echosf4m-h1-c16,main,TTLB p99.9 ms,3,46.989,46.605,47.006
echosf4m-h1-c16,main,srv CPU us/stream,3,5076.8800670953315,5006.957973838018,5108.999441028507
echosf4m-h1-c16,main,srv cores busy,3,1.8161997011462394,1.7992006324609269,1.8281915836916405
echosf4m-h1-c16,main,srv ctxsw/stream,3,172.53771221820205,168.92929010620458,176.26446743080794
echosf4m-h1-c16,main,srv writes/stream,3,390.77122182020594,388.19340413638906,391.0206877271456
echosf4m-h1-c16,main,TCP segs/stream,3,258.3865850264403,257.6858580212409,262.1666200726866
echosf4m-h1-c16,main,srv peak RSS MiB,3,14.46875,13.90234375,14.72265625
echosf4m-h1-c16,main,errors,3,0,0,0
echosf4m-h1-c16,main,timeouts,3,0,0,0
echosf4m-h1-c16,main,client CPU %,3,4.057925246624087,4.017941794799018,4.085455577322338
echosf4m-h1-c16,listener-nodelay,streams/s,3,3003.1387564542392,2993.9342754563954,3008.6365909177453
echosf4m-h1-c16,listener-nodelay,GiB/s,3,11.729645556396,11.694323667899832,11.750603918513281
echosf4m-h1-c16,listener-nodelay,TTFB p50 ms,3,1.659,1.647,1.683
echosf4m-h1-c16,listener-nodelay,TTFB p99 ms,3,2.021,1.903,2.434
echosf4m-h1-c16,listener-nodelay,TTFB p99.9 ms,3,2.508,2.477,2.51
echosf4m-h1-c16,listener-nodelay,TTLB p50 ms,3,5.334,5.319,5.35
echosf4m-h1-c16,listener-nodelay,TTLB p99 ms,3,5.568,5.568,5.587
echosf4m-h1-c16,listener-nodelay,TTLB p99.9 ms,3,5.725,5.651,6.27
echosf4m-h1-c16,listener-nodelay,srv CPU us/stream,3,5434.594378579992,5421.001894757836,5449.625868519508
echosf4m-h1-c16,listener-nodelay,srv cores busy,3,16.31582167617438,16.309824660002857,16.320841003921917
echosf4m-h1-c16,listener-nodelay,srv ctxsw/stream,3,59.71282784296779,59.29349274010923,59.81196552645644
echosf4m-h1-c16,listener-nodelay,srv writes/stream,3,342.24704982880695,342.0759291328094,342.4238041154463
echosf4m-h1-c16,listener-nodelay,TCP segs/stream,3,434.9181430664713,434.5767044510188,435.7205705505078
echosf4m-h1-c16,listener-nodelay,srv peak RSS MiB,3,16.48046875,16.0390625,16.9921875
echosf4m-h1-c16,listener-nodelay,errors,3,0,0,0
echosf4m-h1-c16,listener-nodelay,timeouts,3,0,0,0
echosf4m-h1-c16,listener-nodelay,client CPU %,3,35.544009392694704,35.34644646255934,35.64398766755591
echosf4m-h1-c16,inline-streaming-nodelay,streams/s,3,3018.139460104938,3013.9265447756716,3038.643868133337
echosf4m-h1-c16,inline-streaming-nodelay,GiB/s,3,11.788859630549394,11.772642544059233,11.867688631609678
echosf4m-h1-c16,inline-streaming-nodelay,TTFB p50 ms,3,1.673,1.663,1.68
echosf4m-h1-c16,inline-streaming-nodelay,TTFB p99 ms,3,1.902,1.901,1.918
echosf4m-h1-c16,inline-streaming-nodelay,TTFB p99.9 ms,3,2.446,2.438,2.52
echosf4m-h1-c16,inline-streaming-nodelay,TTLB p50 ms,3,5.271,5.27,5.301
echosf4m-h1-c16,inline-streaming-nodelay,TTLB p99 ms,3,5.614,5.58,5.692
echosf4m-h1-c16,inline-streaming-nodelay,TTLB p99.9 ms,3,5.703,5.689,5.803
echosf4m-h1-c16,inline-streaming-nodelay,srv CPU us/stream,3,5349.5924183179795,5327.979462199256,5364.680116803823
echosf4m-h1-c16,inline-streaming-nodelay,srv cores busy,3,16.16875180826529,16.145815973203696,16.189832122352126
echosf4m-h1-c16,inline-streaming-nodelay,srv ctxsw/stream,3,53.62777520047717,53.314682552743314,53.65147995752588
echosf4m-h1-c16,inline-streaming-nodelay,srv writes/stream,3,353.06189939691166,352.4450844222098,353.33239315104856
echosf4m-h1-c16,inline-streaming-nodelay,TCP segs/stream,3,437.44171250579893,431.7780995951683,437.5672617467481
echosf4m-h1-c16,inline-streaming-nodelay,srv peak RSS MiB,3,15.5625,15.46875,16.515625
echosf4m-h1-c16,inline-streaming-nodelay,errors,3,0,0,0
echosf4m-h1-c16,inline-streaming-nodelay,timeouts,3,0,0,0
echosf4m-h1-c16,inline-streaming-nodelay,client CPU %,3,35.68901406118521,35.688866720971546,35.89906251740979
echosf3m-h2old-c16,main,streams/s,3,702.5766404323062,699.8780680390751,807.3744906311542
echosf3m-h2old-c16,main,GiB/s,3,2.057597499486712,2.048873561542447,2.3660996506350966
echosf3m-h2old-c16,main,TTFB p50 ms,3,3.07,2.981,3.117
echosf3m-h2old-c16,main,TTFB p99 ms,3,44.358,44.189,44.622
echosf3m-h2old-c16,main,TTFB p99.9 ms,3,45.124,45.074,45.173
echosf3m-h2old-c16,main,TTLB p50 ms,3,4.132,3.951,4.264
echosf3m-h2old-c16,main,TTLB p99 ms,3,85.802,85.026,85.859
echosf3m-h2old-c16,main,TTLB p99.9 ms,3,86.979,86.114,87.018
echosf3m-h2old-c16,main,srv CPU us/stream,3,4232.637896541869,4085.222346091911,4304.626334519573
echosf3m-h2old-c16,main,srv cores busy,3,3.0243299084231943,2.962330433740698,3.2983043107909653
echosf3m-h2old-c16,main,srv ctxsw/stream,3,150.09964412811388,141.51653660349314,150.34752786510433
echosf3m-h2old-c16,main,srv writes/stream,3,211.94362989323844,210.63867211693298,211.96027436410404
echosf3m-h2old-c16,main,TCP segs/stream,3,403.35995998856816,402.74690391459075,404.0357983401462
echosf3m-h2old-c16,main,srv peak RSS MiB,3,41.30078125,40.5625,46.53125
echosf3m-h2old-c16,main,errors,3,0,0,0
echosf3m-h2old-c16,main,timeouts,3,0,0,0
echosf3m-h2old-c16,main,client CPU %,3,7.218287405437965,7.083290107011645,8.080745552210734
echosf3m-h2old-c16,listener-nodelay,streams/s,3,4005.951815682079,4004.0591714915795,4063.053196203947
echosf3m-h2old-c16,listener-nodelay,GiB/s,3,11.734311443298095,11.72922134779017,11.902809277287005
echosf3m-h2old-c16,listener-nodelay,TTFB p50 ms,3,3.025,2.991,3.038
echosf3m-h2old-c16,listener-nodelay,TTFB p99 ms,3,3.542,3.474,3.555
echosf3m-h2old-c16,listener-nodelay,TTFB p99.9 ms,3,4.143,4.087,4.207
echosf3m-h2old-c16,listener-nodelay,TTLB p50 ms,3,3.966,3.912,3.97
echosf3m-h2old-c16,listener-nodelay,TTLB p99 ms,3,4.552,4.495,4.592
echosf3m-h2old-c16,listener-nodelay,TTLB p99.9 ms,3,5.351,5.349,5.375
echosf3m-h2old-c16,listener-nodelay,srv CPU us/stream,3,4106.3537635750845,4068.3306257076747,4117.294435008493
echosf3m-h2old-c16,listener-nodelay,srv cores busy,3,16.485890544226994,16.449855315026547,16.529843751995973
echosf3m-h2old-c16,listener-nodelay,srv ctxsw/stream,3,38.31487224929848,37.915426116495155,40.08108850330795
echosf3m-h2old-c16,listener-nodelay,srv writes/stream,3,6.794909663762123,6.607253471875312,6.875870677818
echosf3m-h2old-c16,listener-nodelay,TCP segs/stream,3,362.27165551004094,362.02126716880815,362.7200099862689
echosf3m-h2old-c16,listener-nodelay,srv peak RSS MiB,3,45.73046875,45.0078125,47.06640625
echosf3m-h2old-c16,listener-nodelay,errors,3,0,0,0
echosf3m-h2old-c16,listener-nodelay,timeouts,3,0,0,0
echosf3m-h2old-c16,listener-nodelay,client CPU %,3,39.47202651384852,39.169417765869085,39.52690886303611
echosf3m-h2old-c16,inline-streaming-nodelay,streams/s,3,0.0,0.0,0.0
echosf3m-h2old-c16,inline-streaming-nodelay,GiB/s,3,0.0,0.0,0.0
echosf3m-h2old-c16,inline-streaming-nodelay,srv CPU us/stream,3,60000.0,60000.0,60000.0
echosf3m-h2old-c16,inline-streaming-nodelay,srv cores busy,3,0.006000690626685054,0.006000641751833561,0.00600092443220721
echosf3m-h2old-c16,inline-streaming-nodelay,srv ctxsw/stream,3,2154.0,2034.0,2199.0
echosf3m-h2old-c16,inline-streaming-nodelay,srv writes/stream,3,376.0,323.0,390.0
echosf3m-h2old-c16,inline-streaming-nodelay,TCP segs/stream,3,4394.0,4348.0,4400.0
echosf3m-h2old-c16,inline-streaming-nodelay,srv peak RSS MiB,3,36.30859375,35.421875,37.0234375
echosf3m-h2old-c16,inline-streaming-nodelay,errors,3,32,32,32
echosf3m-h2old-c16,inline-streaming-nodelay,timeouts,3,32,32,32
echosf3m-h2old-c16,inline-streaming-nodelay,client CPU %,3,0.015001726566712635,0.012501336982986588,0.015002311080518024
echosf4m-h2old-c16,main,streams/s,3,0.0,0.0,0.0
echosf4m-h2old-c16,main,GiB/s,3,0.0,0.0,0.0
echosf4m-h2old-c16,main,srv CPU us/stream,3,40000.0,30000.0,50000.0
echosf4m-h2old-c16,main,srv cores busy,3,0.00400012277696843,0.003000403577684346,0.005000717240371993
echosf4m-h2old-c16,main,srv ctxsw/stream,3,933.0,744.0,1838.0
echosf4m-h2old-c16,main,srv writes/stream,3,1451.0,1146.0,1730.0
echosf4m-h2old-c16,main,TCP segs/stream,3,2985.0,2000.0,3326.0
echosf4m-h2old-c16,main,srv peak RSS MiB,3,43.6015625,42.1171875,45.24609375
echosf4m-h2old-c16,main,errors,3,32,32,32
echosf4m-h2old-c16,main,timeouts,3,32,32,32
echosf4m-h2old-c16,main,client CPU %,3,0.007501075860557989,0.007501008944210866,0.012500383678026345
echosf4m-h2old-c16,listener-nodelay,streams/s,3,0.0,0.0,0.0
echosf4m-h2old-c16,listener-nodelay,GiB/s,3,0.0,0.0,0.0
echosf4m-h2old-c16,listener-nodelay,srv CPU us/stream,3,20000.0,20000.0,30000.0
echosf4m-h2old-c16,listener-nodelay,srv cores busy,3,0.002000203084419547,0.0020000976839708463,0.003000353035339762
echosf4m-h2old-c16,listener-nodelay,srv ctxsw/stream,3,1077.0,378.0,1447.0
echosf4m-h2old-c16,listener-nodelay,srv writes/stream,3,126.0,72.0,228.0
echosf4m-h2old-c16,listener-nodelay,TCP segs/stream,3,1729.0,756.0,2090.0
echosf4m-h2old-c16,listener-nodelay,srv peak RSS MiB,3,41.8671875,41.8046875,43.48828125
echosf4m-h2old-c16,listener-nodelay,errors,3,32,32,32
echosf4m-h2old-c16,listener-nodelay,timeouts,3,32,32,32
echosf4m-h2old-c16,listener-nodelay,client CPU %,3,0.005000507711048869,0.002500122104963558,0.010001176784465873
echosf4m-h2old-c16,inline-streaming-nodelay,streams/s,3,0.0,0.0,0.0
echosf4m-h2old-c16,inline-streaming-nodelay,GiB/s,3,0.0,0.0,0.0
echosf4m-h2old-c16,inline-streaming-nodelay,srv CPU us/stream,3,10000.0,0.0,40000.0
echosf4m-h2old-c16,inline-streaming-nodelay,srv cores busy,3,0.001000138913794362,0.0,0.004000552355063498
echosf4m-h2old-c16,inline-streaming-nodelay,srv ctxsw/stream,3,440.0,325.0,636.0
echosf4m-h2old-c16,inline-streaming-nodelay,srv writes/stream,3,88.0,79.0,107.0
echosf4m-h2old-c16,inline-streaming-nodelay,TCP segs/stream,3,1170.0,410.0,2214.0
echosf4m-h2old-c16,inline-streaming-nodelay,srv peak RSS MiB,3,32.25390625,31.69140625,33.05078125
echosf4m-h2old-c16,inline-streaming-nodelay,errors,3,32,32,32
echosf4m-h2old-c16,inline-streaming-nodelay,timeouts,3,32,32,32
echosf4m-h2old-c16,inline-streaming-nodelay,client CPU %,3,0.00500069456897181,0.0,0.007501035665744058
echosf8m-h1-c16,main,streams/s,3,0.0,0.0,0.0
echosf8m-h1-c16,main,GiB/s,3,0.0,0.0,0.0
echosf8m-h1-c16,main,srv CPU us/stream,3,170000.0,160000.0,170000.0
echosf8m-h1-c16,main,srv cores busy,3,0.0170020203483778,0.016001908565236676,0.017003056682007366
echosf8m-h1-c16,main,srv ctxsw/stream,3,2082.0,2069.0,2108.0
echosf8m-h1-c16,main,srv writes/stream,3,8432.0,8343.0,8469.0
echosf8m-h1-c16,main,TCP segs/stream,3,5809.0,5787.0,5881.0
echosf8m-h1-c16,main,srv peak RSS MiB,3,56.5546875,56.546875,56.8984375
echosf8m-h1-c16,main,errors,3,32,32,32
echosf8m-h1-c16,main,timeouts,3,32,32,32
echosf8m-h1-c16,main,client CPU %,3,0.02250404560853916,0.022502673990500023,0.025002982133182305
echosf8m-h1-c16,listener-nodelay,streams/s,3,160.816130517237,112.61478883308358,215.81262462849676
echosf8m-h1-c16,listener-nodelay,GiB/s,3,1.2567092627067582,0.8796589063481302,1.6856518455985876
echosf8m-h1-c16,listener-nodelay,TTFB p50 ms,3,4.368,4.171,4.415
echosf8m-h1-c16,listener-nodelay,TTFB p99 ms,3,5.821,5.215,6.16
echosf8m-h1-c16,listener-nodelay,TTFB p99.9 ms,3,6.654,6.536,7.186
echosf8m-h1-c16,listener-nodelay,TTLB p50 ms,3,9.175,8.942,9.219
echosf8m-h1-c16,listener-nodelay,TTLB p99 ms,3,10.628,9.978,10.852
echosf8m-h1-c16,listener-nodelay,TTLB p99.9 ms,3,11.966,11.824,12.05
echosf8m-h1-c16,listener-nodelay,srv CPU us/stream,3,9680.259499536607,9360.56838365897,9707.711442786069
echosf8m-h1-c16,listener-nodelay,srv cores busy,3,1.56115659040676,1.0541384318833933,2.089122209679934
echosf8m-h1-c16,listener-nodelay,srv ctxsw/stream,3,345.87064676616916,324.8911028730306,371.61101243339255
echosf8m-h1-c16,listener-nodelay,srv writes/stream,3,755.2978855721393,744.1758436944938,766.1538461538462
echosf8m-h1-c16,listener-nodelay,TCP segs/stream,3,477.08063021316036,472.24156305506216,487.55970149253733
echosf8m-h1-c16,listener-nodelay,srv peak RSS MiB,3,56.12890625,56.015625,57.9453125
echosf8m-h1-c16,listener-nodelay,errors,3,30,29,30
echosf8m-h1-c16,listener-nodelay,timeouts,3,30,29,30
echosf8m-h1-c16,listener-nodelay,client CPU %,3,3.525353607420774,2.4928273638229204,4.717775980931109
echosf8m-h1-c16,inline-streaming-nodelay,streams/s,3,0.0,0.0,0.0
echosf8m-h1-c16,inline-streaming-nodelay,GiB/s,3,0.0,0.0,0.0
echosf8m-h1-c16,inline-streaming-nodelay,srv CPU us/stream,3,190000.0,190000.0,200000.0
echosf8m-h1-c16,inline-streaming-nodelay,srv cores busy,3,0.01900211896619037,0.019001549203907214,0.02000210156480553
echosf8m-h1-c16,inline-streaming-nodelay,srv ctxsw/stream,3,2417.0,2352.0,2477.0
echosf8m-h1-c16,inline-streaming-nodelay,srv writes/stream,3,12867.0,12792.0,13084.0
echosf8m-h1-c16,inline-streaming-nodelay,TCP segs/stream,3,7828.0,7825.0,7902.0
echosf8m-h1-c16,inline-streaming-nodelay,srv peak RSS MiB,3,30.23828125,30.2265625,30.4296875
echosf8m-h1-c16,inline-streaming-nodelay,errors,3,32,32,32
echosf8m-h1-c16,inline-streaming-nodelay,timeouts,3,32,32,32
echosf8m-h1-c16,inline-streaming-nodelay,client CPU %,3,0.02500278811340838,0.025002038426193703,0.03000315234720829
echosf16m-h1-c16,main,streams/s,3,0.0,0.0,0.0
echosf16m-h1-c16,main,GiB/s,3,0.0,0.0,0.0
echosf16m-h1-c16,main,srv CPU us/stream,3,160000.0,160000.0,160000.0
echosf16m-h1-c16,main,srv cores busy,3,0.016001585597116817,0.016001546906342992,0.016002896730745633
echosf16m-h1-c16,main,srv ctxsw/stream,3,2224.0,1954.0,2407.0
echosf16m-h1-c16,main,srv writes/stream,3,8413.0,8408.0,8457.0
echosf16m-h1-c16,main,TCP segs/stream,3,5844.0,5746.0,5925.0
echosf16m-h1-c16,main,srv peak RSS MiB,3,56.83203125,56.58203125,57.0
echosf16m-h1-c16,main,errors,3,32,32,32
echosf16m-h1-c16,main,timeouts,3,32,32,32
echosf16m-h1-c16,main,client CPU %,3,0.022502175337044836,0.02000362091343204,0.025002477495495033
echosf16m-h1-c16,listener-nodelay,streams/s,3,0.0,0.0,0.0
echosf16m-h1-c16,listener-nodelay,GiB/s,3,0.0,0.0,0.0
echosf16m-h1-c16,listener-nodelay,srv CPU us/stream,3,220000.0,210000.0,220000.0
echosf16m-h1-c16,listener-nodelay,srv cores busy,3,0.022002156959455364,0.021002150046806094,0.022002433753004477
echosf16m-h1-c16,listener-nodelay,srv ctxsw/stream,3,2870.0,2854.0,2996.0
echosf16m-h1-c16,listener-nodelay,srv writes/stream,3,12510.0,12461.0,12586.0
echosf16m-h1-c16,listener-nodelay,TCP segs/stream,3,8400.0,8239.0,8474.0
echosf16m-h1-c16,listener-nodelay,srv peak RSS MiB,3,56.9140625,56.859375,57.24609375
echosf16m-h1-c16,listener-nodelay,errors,3,32,32,32
echosf16m-h1-c16,listener-nodelay,timeouts,3,32,32,32
echosf16m-h1-c16,listener-nodelay,client CPU %,3,0.02750281553748417,0.027502696199319207,0.027503042191255593
echosf16m-h1-c16,inline-streaming-nodelay,streams/s,3,0.0,0.0,0.0
echosf16m-h1-c16,inline-streaming-nodelay,GiB/s,3,0.0,0.0,0.0
echosf16m-h1-c16,inline-streaming-nodelay,srv CPU us/stream,3,190000.0,190000.0,210000.0
echosf16m-h1-c16,inline-streaming-nodelay,srv cores busy,3,0.019002125095059157,0.019002087193057703,0.02100176433511985
echosf16m-h1-c16,inline-streaming-nodelay,srv ctxsw/stream,3,2340.0,2219.0,2374.0
echosf16m-h1-c16,inline-streaming-nodelay,srv writes/stream,3,12860.0,12650.0,12879.0
echosf16m-h1-c16,inline-streaming-nodelay,TCP segs/stream,3,7813.0,7809.0,8049.0
echosf16m-h1-c16,inline-streaming-nodelay,srv peak RSS MiB,3,30.33984375,30.3125,30.46875
echosf16m-h1-c16,inline-streaming-nodelay,errors,3,32,32,32
echosf16m-h1-c16,inline-streaming-nodelay,timeouts,3,32,32,32
echosf16m-h1-c16,inline-streaming-nodelay,client CPU %,3,0.025002746306654874,0.02500210039895221,0.025002796177709417
echosf16m-h2old-c16,main,streams/s,3,0.0,0.0,0.0
echosf16m-h2old-c16,main,GiB/s,3,0.0,0.0,0.0
echosf16m-h2old-c16,main,srv CPU us/stream,3,40000.0,30000.0,40000.0
echosf16m-h2old-c16,main,srv cores busy,3,0.004000375497246237,0.0030002386020754742,0.004000719353344047
echosf16m-h2old-c16,main,srv ctxsw/stream,3,807.0,709.0,842.0
echosf16m-h2old-c16,main,srv writes/stream,3,1309.0,1125.0,1582.0
echosf16m-h2old-c16,main,TCP segs/stream,3,2679.0,2005.0,3369.0
echosf16m-h2old-c16,main,srv peak RSS MiB,3,43.3359375,41.9140625,43.34375
echosf16m-h2old-c16,main,errors,3,32,32,32
echosf16m-h2old-c16,main,timeouts,3,32,32,32
echosf16m-h2old-c16,main,client CPU %,3,0.007500704057336694,0.0050008991916800595,0.01000079534025158
echosf16m-h2old-c16,listener-nodelay,streams/s,3,0.0,0.0,0.0
echosf16m-h2old-c16,listener-nodelay,GiB/s,3,0.0,0.0,0.0
echosf16m-h2old-c16,listener-nodelay,srv CPU us/stream,3,30000.0,20000.0,30000.0
echosf16m-h2old-c16,listener-nodelay,srv cores busy,3,0.003000339884802864,0.002000173617870274,0.0030004972670111666
echosf16m-h2old-c16,listener-nodelay,srv ctxsw/stream,3,902.0,652.0,1583.0
echosf16m-h2old-c16,listener-nodelay,srv writes/stream,3,149.0,125.0,258.0
echosf16m-h2old-c16,listener-nodelay,TCP segs/stream,3,2169.0,1391.0,2377.0
echosf16m-h2old-c16,listener-nodelay,srv peak RSS MiB,3,42.85546875,41.0390625,43.40625
echosf16m-h2old-c16,listener-nodelay,errors,3,32,32,32
echosf16m-h2old-c16,listener-nodelay,timeouts,3,32,32,32
echosf16m-h2old-c16,listener-nodelay,client CPU %,3,0.005000566474671441,0.005000434044675685,0.007501243167527916
echosf16m-h2old-c16,inline-streaming-nodelay,streams/s,3,0.0,0.0,0.0
echosf16m-h2old-c16,inline-streaming-nodelay,GiB/s,3,0.0,0.0,0.0
echosf16m-h2old-c16,inline-streaming-nodelay,srv CPU us/stream,3,20000.0,10000.0,30000.0
echosf16m-h2old-c16,inline-streaming-nodelay,srv cores busy,3,0.0020003652190803117,0.0010000671774125017,0.0030002209374699234
echosf16m-h2old-c16,inline-streaming-nodelay,srv ctxsw/stream,3,721.0,441.0,910.0
echosf16m-h2old-c16,inline-streaming-nodelay,srv writes/stream,3,119.0,81.0,180.0
echosf16m-h2old-c16,inline-streaming-nodelay,TCP segs/stream,3,1723.0,874.0,2302.0
echosf16m-h2old-c16,inline-streaming-nodelay,srv peak RSS MiB,3,32.81640625,31.35546875,33.19140625
echosf16m-h2old-c16,inline-streaming-nodelay,errors,3,32,32,32
echosf16m-h2old-c16,inline-streaming-nodelay,timeouts,3,32,32,32
echosf16m-h2old-c16,inline-streaming-nodelay,client CPU %,3,0.007501369571551168,0.005000335887062508,0.010000736458233078
echosf64m-h1-c16,main,streams/s,3,0.0,0.0,0.0
echosf64m-h1-c16,main,GiB/s,3,0.0,0.0,0.0
echosf64m-h1-c16,main,srv CPU us/stream,3,160000.0,160000.0,160000.0
echosf64m-h1-c16,main,srv cores busy,3,0.016001671227344322,0.016001454713049857,0.016001696827932482
echosf64m-h1-c16,main,srv ctxsw/stream,3,2193.0,1907.0,2319.0
echosf64m-h1-c16,main,srv writes/stream,3,8369.0,8357.0,8456.0
echosf64m-h1-c16,main,TCP segs/stream,3,5824.0,5765.0,5875.0
echosf64m-h1-c16,main,srv peak RSS MiB,3,56.61328125,56.52734375,56.6953125
echosf64m-h1-c16,main,errors,3,32,32,32
echosf64m-h1-c16,main,timeouts,3,32,32,32
echosf64m-h1-c16,main,client CPU %,3,0.022502386164280054,0.022502350163452953,0.0250022729891404
echosf64m-h1-c16,listener-nodelay,streams/s,3,0.0,0.0,0.0
echosf64m-h1-c16,listener-nodelay,GiB/s,3,0.0,0.0,0.0
echosf64m-h1-c16,listener-nodelay,srv CPU us/stream,3,220000.0,220000.0,220000.0
echosf64m-h1-c16,listener-nodelay,srv cores busy,3,0.022002322899640592,0.02200213915357878,0.022002563292022752
echosf64m-h1-c16,listener-nodelay,srv ctxsw/stream,3,2764.0,2191.0,2860.0
echosf64m-h1-c16,listener-nodelay,srv writes/stream,3,12471.0,12346.0,12567.0
echosf64m-h1-c16,listener-nodelay,TCP segs/stream,3,8367.0,8238.0,8468.0
echosf64m-h1-c16,listener-nodelay,srv peak RSS MiB,3,56.96484375,56.81640625,57.16015625
echosf64m-h1-c16,listener-nodelay,errors,3,32,32,32
echosf64m-h1-c16,listener-nodelay,timeouts,3,32,32,32
echosf64m-h1-c16,listener-nodelay,client CPU %,3,0.02750290362455074,0.025002430856339523,0.027503204115028438
echosf64m-h1-c16,inline-streaming-nodelay,streams/s,3,0.0,0.0,0.0
echosf64m-h1-c16,inline-streaming-nodelay,GiB/s,3,0.0,0.0,0.0
echosf64m-h1-c16,inline-streaming-nodelay,srv CPU us/stream,3,200000.0,190000.0,210000.0
echosf64m-h1-c16,inline-streaming-nodelay,srv cores busy,3,0.0200023531148249,0.0190020776852739,0.021002360033096683
echosf64m-h1-c16,inline-streaming-nodelay,srv ctxsw/stream,3,2316.0,2195.0,2594.0
echosf64m-h1-c16,inline-streaming-nodelay,srv writes/stream,3,12741.0,12506.0,12960.0
echosf64m-h1-c16,inline-streaming-nodelay,TCP segs/stream,3,7762.0,7622.0,7910.0
echosf64m-h1-c16,inline-streaming-nodelay,srv peak RSS MiB,3,30.43359375,30.421875,30.44140625
echosf64m-h1-c16,inline-streaming-nodelay,errors,3,32,32,32
echosf64m-h1-c16,inline-streaming-nodelay,timeouts,3,32,32,32
echosf64m-h1-c16,inline-streaming-nodelay,client CPU %,3,0.027503090519531374,0.027503007176054327,0.03000352967223735
echosf64m-h2old-c16,main,streams/s,3,0.0,0.0,0.0
echosf64m-h2old-c16,main,GiB/s,3,0.0,0.0,0.0
echosf64m-h2old-c16,main,srv CPU us/stream,3,30000.0,20000.0,30000.0
echosf64m-h2old-c16,main,srv cores busy,3,0.0030004198889606887,0.002000215457408447,0.003000537510288518
echosf64m-h2old-c16,main,srv ctxsw/stream,3,887.0,755.0,1366.0
echosf64m-h2old-c16,main,srv writes/stream,3,1199.0,1133.0,1523.0
echosf64m-h2old-c16,main,TCP segs/stream,3,2314.0,1993.0,2959.0
echosf64m-h2old-c16,main,srv peak RSS MiB,3,42.71484375,42.62890625,44.06640625
echosf64m-h2old-c16,main,errors,3,32,32,32
echosf64m-h2old-c16,main,timeouts,3,32,32,32
echosf64m-h2old-c16,main,client CPU %,3,0.007501343775721296,0.007500807965281677,0.010001399629868964
echosf64m-h2old-c16,listener-nodelay,streams/s,3,0.0,0.0,0.0
echosf64m-h2old-c16,listener-nodelay,GiB/s,3,0.0,0.0,0.0
echosf64m-h2old-c16,listener-nodelay,srv CPU us/stream,3,30000.0,20000.0,30000.0
echosf64m-h2old-c16,listener-nodelay,srv cores busy,3,0.0030002285748141552,0.0020003481810044552,0.003000443345508732
echosf64m-h2old-c16,listener-nodelay,srv ctxsw/stream,3,972.0,556.0,1453.0
echosf64m-h2old-c16,listener-nodelay,srv writes/stream,3,111.0,82.0,242.0
echosf64m-h2old-c16,listener-nodelay,TCP segs/stream,3,1367.0,1076.0,2373.0
echosf64m-h2old-c16,listener-nodelay,srv peak RSS MiB,3,40.875,40.44140625,43.37109375
echosf64m-h2old-c16,listener-nodelay,errors,3,32,32,32
echosf64m-h2old-c16,listener-nodelay,timeouts,3,32,32,32
echosf64m-h2old-c16,listener-nodelay,client CPU %,3,0.005000870452511138,0.00500073890918122,0.010000761916047183
echosf64m-h2old-c16,inline-streaming-nodelay,streams/s,3,0.0,0.0,0.0
echosf64m-h2old-c16,inline-streaming-nodelay,GiB/s,3,0.0,0.0,0.0
echosf64m-h2old-c16,inline-streaming-nodelay,srv CPU us/stream,3,20000.0,10000.0,30000.0
echosf64m-h2old-c16,inline-streaming-nodelay,srv cores busy,3,0.0020001845624300738,0.0010000807287165996,0.0030000770014763584
echosf64m-h2old-c16,inline-streaming-nodelay,srv ctxsw/stream,3,520.0,472.0,683.0
echosf64m-h2old-c16,inline-streaming-nodelay,srv writes/stream,3,110.0,49.0,145.0
echosf64m-h2old-c16,inline-streaming-nodelay,TCP segs/stream,3,1174.0,1158.0,1396.0
echosf64m-h2old-c16,inline-streaming-nodelay,srv peak RSS MiB,3,32.6640625,31.31640625,33.13671875
echosf64m-h2old-c16,inline-streaming-nodelay,errors,3,32,32,32
echosf64m-h2old-c16,inline-streaming-nodelay,timeouts,3,32,32,32
echosf64m-h2old-c16,inline-streaming-nodelay,client CPU %,3,0.005000128335793931,0.002500201821791499,0.005000461406075184
slow64k-h1-c64,main,plateau KiB/stream,3,2793.6875,2766.625,2803.25
slow64k-h1-c64,main,peak KiB/stream,3,2836.375,2804.125,2859.1875
slow64k-h1-c64,main,srv RSS baseline MiB,3,15.96875,15.96484375,16.01953125
slow64k-h1-c64,main,srv RSS plateau MiB,3,190.5703125,188.8828125,191.22265625
slow64k-h1-c64,main,srv peak RSS MiB,3,193.29296875,191.22265625,194.66796875
slow64k-h1-c64,main,TTFB p50 ms,3,3.561,3.416,5.102
slow64k-h1-c64,main,TTFB p99 ms,3,6.055,5.999,7.533
slow64k-h1-c64,main,drain s,3,0.029964413,0.029041452,0.030924307
slow64k-h1-c64,main,srv CPU us/stream,3,12187.5,11875.0,12343.75
slow64k-h1-c64,main,errors,3,0,0,0
slow64k-h1-c64,listener-nodelay,plateau KiB/stream,3,2814.8125,2783.0625,3027.1875
slow64k-h1-c64,listener-nodelay,peak KiB/stream,3,2814.8125,2804.125,3027.1875
slow64k-h1-c64,listener-nodelay,srv RSS baseline MiB,3,15.953125,15.9140625,15.97265625
slow64k-h1-c64,listener-nodelay,srv RSS plateau MiB,3,191.87890625,189.85546875,205.171875
slow64k-h1-c64,listener-nodelay,srv peak RSS MiB,3,191.171875,190.76953125,201.7890625
slow64k-h1-c64,listener-nodelay,TTFB p50 ms,3,4.651,4.583,4.68
slow64k-h1-c64,listener-nodelay,TTFB p99 ms,3,7.194,7.105,7.363
slow64k-h1-c64,listener-nodelay,drain s,3,0.030454342,0.030178512,0.032041966
slow64k-h1-c64,listener-nodelay,srv CPU us/stream,3,12500.0,12187.5,12656.25
slow64k-h1-c64,listener-nodelay,errors,3,0,0,0
slow64k-h1-c64,inline-streaming-nodelay,plateau KiB/stream,3,448.5,440.0625,491.6875
slow64k-h1-c64,inline-streaming-nodelay,peak KiB/stream,3,448.5,440.0625,491.6875
slow64k-h1-c64,inline-streaming-nodelay,srv RSS baseline MiB,3,16.26171875,16.1953125,16.30859375
slow64k-h1-c64,inline-streaming-nodelay,srv RSS plateau MiB,3,44.2265625,43.8125,46.9921875
slow64k-h1-c64,inline-streaming-nodelay,srv peak RSS MiB,3,41.87109375,41.8046875,44.03515625
slow64k-h1-c64,inline-streaming-nodelay,TTFB p50 ms,3,3.253,3.241,3.309
slow64k-h1-c64,inline-streaming-nodelay,TTFB p99 ms,3,4.907,4.821,4.927
slow64k-h1-c64,inline-streaming-nodelay,drain s,3,0.024698707,0.023293689,0.02714643
slow64k-h1-c64,inline-streaming-nodelay,srv CPU us/stream,3,9062.5,8906.25,9218.75
slow64k-h1-c64,inline-streaming-nodelay,errors,3,0,0,0
slow64k-h1-c1000,main,plateau KiB/stream,3,2543.292,2499.316,2576.996
slow64k-h1-c1000,main,peak KiB/stream,3,2642.108,2637.756,2714.016
slow64k-h1-c1000,main,srv RSS baseline MiB,3,39.4375,39.30078125,39.59765625
slow64k-h1-c1000,main,srv RSS plateau MiB,3,2523.28125,2480.17578125,2555.8984375
slow64k-h1-c1000,main,srv peak RSS MiB,3,2619.78125,2615.37109375,2689.70703125
slow64k-h1-c1000,main,TTFB p50 ms,3,36.779,36.108,37.952
slow64k-h1-c1000,main,TTFB p99 ms,3,100.403,98.17,101.065
slow64k-h1-c1000,main,drain s,3,0.335517855,0.333120834,0.338041341
slow64k-h1-c1000,main,srv CPU us/stream,3,10010.0,9970.0,10040.0
slow64k-h1-c1000,main,errors,3,0,0,0
slow64k-h1-c1000,listener-nodelay,plateau KiB/stream,3,2602.12,2571.78,2691.26
slow64k-h1-c1000,listener-nodelay,peak KiB/stream,3,2736.496,2726.9,2854.488
slow64k-h1-c1000,listener-nodelay,srv RSS baseline MiB,3,39.74609375,39.71875,39.98046875
slow64k-h1-c1000,listener-nodelay,srv RSS plateau MiB,3,2581.11328125,2551.25,2667.90234375
slow64k-h1-c1000,listener-nodelay,srv peak RSS MiB,3,2712.10546875,2702.96875,2827.3046875
slow64k-h1-c1000,listener-nodelay,TTFB p50 ms,3,37.11,35.276,37.939
slow64k-h1-c1000,listener-nodelay,TTFB p99 ms,3,115.199,113.483,121.663
slow64k-h1-c1000,listener-nodelay,drain s,3,0.323517215,0.322694698,0.327160711
slow64k-h1-c1000,listener-nodelay,srv CPU us/stream,3,10080.0,10050.0,10140.0
slow64k-h1-c1000,listener-nodelay,errors,3,0,0,0
slow64k-h1-c1000,inline-streaming-nodelay,plateau KiB/stream,3,379.836,378.444,389.788
slow64k-h1-c1000,inline-streaming-nodelay,peak KiB/stream,3,388.96,381.592,392.788
slow64k-h1-c1000,inline-streaming-nodelay,srv RSS baseline MiB,3,40.140625,40.13671875,40.296875
slow64k-h1-c1000,inline-streaming-nodelay,srv RSS plateau MiB,3,411.07421875,409.87109375,420.7890625
slow64k-h1-c1000,inline-streaming-nodelay,srv peak RSS MiB,3,419.984375,411.9296875,423.46484375
slow64k-h1-c1000,inline-streaming-nodelay,TTFB p50 ms,3,28.559,28.533,28.81
slow64k-h1-c1000,inline-streaming-nodelay,TTFB p99 ms,3,60.64,59.239,66.426
slow64k-h1-c1000,inline-streaming-nodelay,drain s,3,0.263075594,0.262701924,0.263332735
slow64k-h1-c1000,inline-streaming-nodelay,srv CPU us/stream,3,7870.0,7820.0,7890.0
slow64k-h1-c1000,inline-streaming-nodelay,errors,3,0,0,0
slow64k-h1-c5000,main,plateau KiB/stream,3,2474.5976,2460.612,2480.5536
slow64k-h1-c5000,main,peak KiB/stream,3,2536.5696,2522.9944,2555.2784
slow64k-h1-c5000,main,srv RSS baseline MiB,3,138.8359375,138.80078125,139.484375
slow64k-h1-c5000,main,srv RSS plateau MiB,3,12221.83203125,12153.5078125,12251.5625
slow64k-h1-c5000,main,srv peak RSS MiB,3,12520.3515625,12453.92578125,12611.41796875
slow64k-h1-c5000,main,TTFB p50 ms,3,188.133,178.191,188.203
slow64k-h1-c5000,main,TTFB p99 ms,3,390.908,380.522,390.918
slow64k-h1-c5000,main,drain s,3,1.7390835390000001,1.7365545230000001,1.745257139
slow64k-h1-c5000,main,srv CPU us/stream,3,9900.0,9864.0,9922.0
slow64k-h1-c5000,main,errors,3,0,0,0
slow64k-h1-c5000,listener-nodelay,plateau KiB/stream,3,2466.312,2459.1312,2470.58
slow64k-h1-c5000,listener-nodelay,peak KiB/stream,3,2560.9616,2554.7704,2564.8248
slow64k-h1-c5000,listener-nodelay,srv RSS baseline MiB,3,140.12890625,139.21484375,140.17578125
slow64k-h1-c5000,listener-nodelay,srv RSS plateau MiB,3,12181.75390625,12147.60546875,12203.5546875
slow64k-h1-c5000,listener-nodelay,srv peak RSS MiB,3,12638.578125,12607.3515625,12659.4140625
slow64k-h1-c5000,listener-nodelay,TTFB p50 ms,3,183.729,171.996,194.567
slow64k-h1-c5000,listener-nodelay,TTFB p99 ms,3,410.765,375.42,446.121
slow64k-h1-c5000,listener-nodelay,drain s,3,1.761096331,1.757060703,1.7673504740000001
slow64k-h1-c5000,listener-nodelay,srv CPU us/stream,3,10054.0,10020.0,10056.0
slow64k-h1-c5000,listener-nodelay,errors,3,0,0,0
slow64k-h1-c5000,inline-streaming-nodelay,plateau KiB/stream,3,399.38,379.8472,401.9688
slow64k-h1-c5000,inline-streaming-nodelay,peak KiB/stream,3,425.492,415.3024,426.8736
slow64k-h1-c5000,inline-streaming-nodelay,srv RSS baseline MiB,3,141.18359375,141.09375,141.859375
slow64k-h1-c5000,inline-streaming-nodelay,srv RSS plateau MiB,3,2091.28125,1996.58203125,2103.83203125
slow64k-h1-c5000,inline-streaming-nodelay,srv peak RSS MiB,3,2213.01171875,2169.54296875,2221.5234375
slow64k-h1-c5000,inline-streaming-nodelay,TTFB p50 ms,3,149.579,147.78,150.381
slow64k-h1-c5000,inline-streaming-nodelay,TTFB p99 ms,3,336.167,332.969,343.419
slow64k-h1-c5000,inline-streaming-nodelay,drain s,3,1.505341083,1.503189884,1.510690491
slow64k-h1-c5000,inline-streaming-nodelay,srv CPU us/stream,3,8062.0,8050.0,8088.0
slow64k-h1-c5000,inline-streaming-nodelay,errors,3,0,0,0
slow64k-h2-c64,main,plateau KiB/stream,3,3505.375,3355.4375,3550.9375
slow64k-h2-c64,main,peak KiB/stream,3,4750.25,4732.125,4899.875
slow64k-h2-c64,main,srv RSS baseline MiB,3,16.9609375,16.87109375,17.89453125
slow64k-h2-c64,main,srv RSS plateau MiB,3,235.95703125,226.67578125,239.828125
slow64k-h2-c64,main,srv peak RSS MiB,3,313.76171875,313.65234375,323.203125
slow64k-h2-c64,main,TTFB p50 ms,3,7.868,6.435,8.638
slow64k-h2-c64,main,TTFB p99 ms,3,10.113,8.78,11.596
slow64k-h2-c64,main,drain s,3,0.687014321,0.639678654,0.696577842
slow64k-h2-c64,main,srv CPU us/stream,3,14843.75,14687.5,15000.0
slow64k-h2-c64,main,errors,3,0,0,0
slow64k-h2-c64,listener-nodelay,plateau KiB/stream,3,3639.0,3634.0,3761.4375
slow64k-h2-c64,listener-nodelay,peak KiB/stream,3,4736.125,4568.875,4949.625
slow64k-h2-c64,listener-nodelay,srv RSS baseline MiB,3,15.09765625,15.0625,15.14453125
slow64k-h2-c64,listener-nodelay,srv RSS plateau MiB,3,242.58203125,242.1875,250.1875
slow64k-h2-c64,listener-nodelay,srv peak RSS MiB,3,308.16796875,300.6171875,324.44921875
slow64k-h2-c64,listener-nodelay,TTFB p50 ms,3,7.878,7.766,7.902
slow64k-h2-c64,listener-nodelay,TTFB p99 ms,3,12.524,12.089,12.539
slow64k-h2-c64,listener-nodelay,drain s,3,0.671459052,0.633049083,0.671595856
slow64k-h2-c64,listener-nodelay,srv CPU us/stream,3,15468.75,14687.5,15937.5
slow64k-h2-c64,listener-nodelay,errors,3,0,0,0
slow64k-h2-c64,inline-streaming-nodelay,plateau KiB/stream,3,624.0,594.0,678.4375
slow64k-h2-c64,inline-streaming-nodelay,peak KiB/stream,3,1031.75,1009.125,1157.875
slow64k-h2-c64,inline-streaming-nodelay,srv RSS baseline MiB,3,14.28515625,14.125,16.16015625
slow64k-h2-c64,inline-streaming-nodelay,srv RSS plateau MiB,3,53.28515625,53.125,56.6875
slow64k-h2-c64,inline-streaming-nodelay,srv peak RSS MiB,3,77.953125,77.35546875,86.4921875
slow64k-h2-c64,inline-streaming-nodelay,TTFB p50 ms,3,6.827,6.607,7.081
slow64k-h2-c64,inline-streaming-nodelay,TTFB p99 ms,3,13.207,8.749,39.177
slow64k-h2-c64,inline-streaming-nodelay,drain s,3,0.642583971,0.629179488,0.670708164
slow64k-h2-c64,inline-streaming-nodelay,srv CPU us/stream,3,12656.25,12500.0,13281.25
slow64k-h2-c64,inline-streaming-nodelay,errors,3,0,0,0
slow64k-h2-c1000,main,plateau KiB/stream,3,2797.976,2795.332,2809.236
slow64k-h2-c1000,main,peak KiB/stream,3,4033.012,4019.956,4374.096
slow64k-h2-c1000,main,srv RSS baseline MiB,3,62.7578125,59.90625,64.08203125
slow64k-h2-c1000,main,srv RSS plateau MiB,3,2792.57421875,2792.3046875,2807.4765625
slow64k-h2-c1000,main,srv peak RSS MiB,3,3998.39453125,3988.49609375,4335.66015625
slow64k-h2-c1000,main,TTFB p50 ms,3,50.856,49.356,56.319
slow64k-h2-c1000,main,TTFB p99 ms,3,71.989,71.022,73.627
slow64k-h2-c1000,main,drain s,3,0.683013267,0.675465104,0.76889388
slow64k-h2-c1000,main,srv CPU us/stream,3,12870.0,12850.0,12960.0
slow64k-h2-c1000,main,errors,3,0,0,0
slow64k-h2-c1000,listener-nodelay,plateau KiB/stream,3,2832.704,2823.36,2842.224
slow64k-h2-c1000,listener-nodelay,peak KiB/stream,3,4300.596,4113.292,4367.26
slow64k-h2-c1000,listener-nodelay,srv RSS baseline MiB,3,59.43359375,58.37890625,61.62109375
slow64k-h2-c1000,listener-nodelay,srv RSS plateau MiB,3,2824.69140625,2818.80859375,2835.04296875
slow64k-h2-c1000,listener-nodelay,srv peak RSS MiB,3,4258.1796875,4076.3203125,4326.5234375
slow64k-h2-c1000,listener-nodelay,TTFB p50 ms,3,46.184,44.081,47.672
slow64k-h2-c1000,listener-nodelay,TTFB p99 ms,3,78.067,77.553,78.958
slow64k-h2-c1000,listener-nodelay,drain s,3,0.693665995,0.657288108,0.694172362
slow64k-h2-c1000,listener-nodelay,srv CPU us/stream,3,13060.0,12960.0,13140.0
slow64k-h2-c1000,listener-nodelay,errors,3,0,0,0
slow64k-h2-c1000,inline-streaming-nodelay,plateau KiB/stream,3,661.604,660.516,716.424
slow64k-h2-c1000,inline-streaming-nodelay,peak KiB/stream,3,1175.988,1095.3,1217.252
slow64k-h2-c1000,inline-streaming-nodelay,srv RSS baseline MiB,3,61.4140625,59.60546875,63.71875
slow64k-h2-c1000,inline-streaming-nodelay,srv RSS plateau MiB,3,708.75390625,705.703125,761.046875
slow64k-h2-c1000,inline-streaming-nodelay,srv peak RSS MiB,3,1209.83984375,1129.234375,1252.44140625
slow64k-h2-c1000,inline-streaming-nodelay,TTFB p50 ms,3,13.04,12.454,13.988
slow64k-h2-c1000,inline-streaming-nodelay,TTFB p99 ms,3,80.393,61.177,94.296
slow64k-h2-c1000,inline-streaming-nodelay,drain s,3,0.630499286,0.61261652,0.633448209
slow64k-h2-c1000,inline-streaming-nodelay,srv CPU us/stream,3,12170.0,12080.0,12360.0
slow64k-h2-c1000,inline-streaming-nodelay,errors,3,0,0,0
slow64k-h2-c5000,main,plateau KiB/stream,3,2745.4712,2715.0768,2750.8584
slow64k-h2-c5000,main,peak KiB/stream,3,2878.5776,2861.712,2886.6032
slow64k-h2-c5000,main,srv RSS baseline MiB,3,190.5859375,186.421875,190.72265625
slow64k-h2-c5000,main,srv RSS plateau MiB,3,13596.20703125,13447.93359375,13618.34765625
slow64k-h2-c5000,main,srv peak RSS MiB,3,14246.140625,14163.33984375,14280.36328125
slow64k-h2-c5000,main,TTFB p50 ms,3,198.119,192.834,208.788
slow64k-h2-c5000,main,TTFB p99 ms,3,387.901,371.744,397.165
slow64k-h2-c5000,main,drain s,3,2.08983853,2.085901067,2.092701241
slow64k-h2-c5000,main,srv CPU us/stream,3,12048.0,11986.0,12086.0
slow64k-h2-c5000,main,errors,3,0,0,0
slow64k-h2-c5000,listener-nodelay,plateau KiB/stream,3,2718.3992,2713.8432,2720.6864
slow64k-h2-c5000,listener-nodelay,peak KiB/stream,3,2930.3624,2925.5456,2949.008
slow64k-h2-c5000,listener-nodelay,srv RSS baseline MiB,3,121.66015625,111.21484375,125.84375
slow64k-h2-c5000,listener-nodelay,srv RSS plateau MiB,3,13399.27734375,13362.40234375,13406.26171875
slow64k-h2-c5000,listener-nodelay,srv peak RSS MiB,3,14417.0859375,14402.1953125,14522.16796875
slow64k-h2-c5000,listener-nodelay,TTFB p50 ms,3,206.853,201.819,219.413
slow64k-h2-c5000,listener-nodelay,TTFB p99 ms,3,398.893,398.625,404.891
slow64k-h2-c5000,listener-nodelay,drain s,3,2.0979638,2.036265285,2.109537926
slow64k-h2-c5000,listener-nodelay,srv CPU us/stream,3,12092.0,12088.0,12142.0
slow64k-h2-c5000,listener-nodelay,errors,3,0,0,0
slow64k-h2-c5000,inline-streaming-nodelay,plateau KiB/stream,3,645.1704,641.9048,648.1056
slow64k-h2-c5000,inline-streaming-nodelay,peak KiB/stream,3,680.4328,670.4152,684.4264
slow64k-h2-c5000,inline-streaming-nodelay,srv RSS baseline MiB,3,273.00390625,266.58984375,276.55859375
slow64k-h2-c5000,inline-streaming-nodelay,srv RSS plateau MiB,3,3416.8359375,3407.3046875,3441.13671875
slow64k-h2-c5000,inline-streaming-nodelay,srv peak RSS MiB,3,3595.4296875,3550.0703125,3608.515625
slow64k-h2-c5000,inline-streaming-nodelay,TTFB p50 ms,3,39.215,39.204,42.735
slow64k-h2-c5000,inline-streaming-nodelay,TTFB p99 ms,3,104.466,100.073,125.573
slow64k-h2-c5000,inline-streaming-nodelay,drain s,3,2.034662431,2.021704514,2.045731939
slow64k-h2-c5000,inline-streaming-nodelay,srv CPU us/stream,3,10726.0,10714.0,10816.0
slow64k-h2-c5000,inline-streaming-nodelay,errors,3,0,0,0
slow64k-h3-c1000,main,plateau KiB/stream,3,243.976,228.256,255.48
slow64k-h3-c1000,main,peak KiB/stream,3,278.376,264.488,279.884
slow64k-h3-c1000,main,srv RSS baseline MiB,3,84.484375,80.31640625,85.69921875
slow64k-h3-c1000,main,srv RSS plateau MiB,3,322.7421875,303.22265625,335.19140625
slow64k-h3-c1000,main,srv peak RSS MiB,3,355.98046875,335.96484375,357.55078125
slow64k-h3-c1000,main,TTFB p50 ms,3,24.89,22.791,30.665
slow64k-h3-c1000,main,TTFB p99 ms,3,75.595,70.338,79.122
slow64k-h3-c1000,main,drain s,3,2.109983326,2.093136405,2.252091943
slow64k-h3-c1000,main,srv CPU us/stream,3,32200.000000000004,31700.0,32259.999999999996
slow64k-h3-c1000,main,errors,3,0,0,0
slow64k-h3-c1000,listener-nodelay,plateau KiB/stream,3,232.868,227.272,246.284
slow64k-h3-c1000,listener-nodelay,peak KiB/stream,3,270.388,262.32,287.0
slow64k-h3-c1000,listener-nodelay,srv RSS baseline MiB,3,85.76953125,84.234375,87.71875
slow64k-h3-c1000,listener-nodelay,srv RSS plateau MiB,3,313.1796875,309.6640625,324.74609375
slow64k-h3-c1000,listener-nodelay,srv peak RSS MiB,3,347.48828125,340.65625,367.9921875
slow64k-h3-c1000,listener-nodelay,TTFB p50 ms,3,30.753,25.859,42.832
slow64k-h3-c1000,listener-nodelay,TTFB p99 ms,3,88.827,69.635,93.229
slow64k-h3-c1000,listener-nodelay,drain s,3,2.240665495,2.232887959,2.267346092
slow64k-h3-c1000,listener-nodelay,srv CPU us/stream,3,32070.0,31810.0,32570.0
slow64k-h3-c1000,listener-nodelay,errors,3,0,0,0
slow64k-h3-c1000,inline-streaming-nodelay,plateau KiB/stream,3,237.44,228.256,253.908
slow64k-h3-c1000,inline-streaming-nodelay,peak KiB/stream,3,280.584,273.332,285.316
slow64k-h3-c1000,inline-streaming-nodelay,srv RSS baseline MiB,3,83.984375,80.6328125,87.78515625
slow64k-h3-c1000,inline-streaming-nodelay,srv RSS plateau MiB,3,315.859375,310.69140625,328.58984375
slow64k-h3-c1000,inline-streaming-nodelay,srv peak RSS MiB,3,354.7109375,354.640625,362.61328125
slow64k-h3-c1000,inline-streaming-nodelay,TTFB p50 ms,3,39.198,27.614,43.031
slow64k-h3-c1000,inline-streaming-nodelay,TTFB p99 ms,3,84.275,74.785,87.172
slow64k-h3-c1000,inline-streaming-nodelay,drain s,3,2.0865093630000002,2.085841762,2.257079498
slow64k-h3-c1000,inline-streaming-nodelay,srv CPU us/stream,3,32080.0,31850.0,32259.999999999996
slow64k-h3-c1000,inline-streaming-nodelay,errors,3,0,0,0
slow256k-h1-c64,main,plateau KiB/stream,3,9276.1875,9091.0,9302.5625
slow256k-h1-c64,main,peak KiB/stream,3,10352.75,10175.9375,10653.5
slow256k-h1-c64,main,srv RSS baseline MiB,3,15.90234375,15.8984375,15.96484375
slow256k-h1-c64,main,srv RSS plateau MiB,3,595.7265625,584.0859375,597.3125
slow256k-h1-c64,main,srv peak RSS MiB,3,663.01171875,651.89453125,681.74609375
slow256k-h1-c64,main,TTFB p50 ms,3,16.182,15.989,30.401
slow256k-h1-c64,main,TTFB p99 ms,3,21.222,20.9,35.777
slow256k-h1-c64,main,drain s,3,0.062450412,0.060309721,0.063656927
slow256k-h1-c64,main,srv CPU us/stream,3,24218.75,23281.25,25468.75
slow256k-h1-c64,main,errors,3,0,0,0
slow256k-h1-c64,listener-nodelay,plateau KiB/stream,3,9570.6875,9206.0,9694.9375
slow256k-h1-c64,listener-nodelay,peak KiB/stream,3,10561.5,9895.625,11020.4375
slow256k-h1-c64,listener-nodelay,srv RSS baseline MiB,3,15.94140625,15.90625,16.0078125
slow256k-h1-c64,listener-nodelay,srv RSS plateau MiB,3,614.109375,591.28125,621.94140625
slow256k-h1-c64,listener-nodelay,srv peak RSS MiB,3,676.03515625,634.3828125,704.78515625
slow256k-h1-c64,listener-nodelay,TTFB p50 ms,3,16.409,16.222,31.055
slow256k-h1-c64,listener-nodelay,TTFB p99 ms,3,21.516,21.45,36.586
slow256k-h1-c64,listener-nodelay,drain s,3,0.065573476,0.058892916,0.066824139
slow256k-h1-c64,listener-nodelay,srv CPU us/stream,3,24531.25,24062.5,26250.0
slow256k-h1-c64,listener-nodelay,errors,3,0,0,0
slow256k-h1-c64,inline-streaming-nodelay,plateau KiB/stream,3,813.125,779.125,834.875
slow256k-h1-c64,inline-streaming-nodelay,peak KiB/stream,3,813.125,787.75,834.875
slow256k-h1-c64,inline-streaming-nodelay,srv RSS baseline MiB,3,16.109375,16.0703125,16.22265625
slow256k-h1-c64,inline-streaming-nodelay,srv RSS plateau MiB,3,66.9296875,64.765625,68.40234375
slow256k-h1-c64,inline-streaming-nodelay,srv peak RSS MiB,3,65.82421875,65.3046875,66.30859375
slow256k-h1-c64,inline-streaming-nodelay,TTFB p50 ms,3,4.273,4.172,4.298
slow256k-h1-c64,inline-streaming-nodelay,TTFB p99 ms,3,6.22,6.162,6.344
slow256k-h1-c64,inline-streaming-nodelay,drain s,3,0.053700913,0.049284783,0.055277154
slow256k-h1-c64,inline-streaming-nodelay,srv CPU us/stream,3,18750.0,17968.75,19062.5
slow256k-h1-c64,inline-streaming-nodelay,errors,3,0,0,0
slow256k-h1-c1000,main,plateau KiB/stream,3,8993.12,8979.612,8996.324
slow256k-h1-c1000,main,peak KiB/stream,3,9407.4,9279.332,9502.34
slow256k-h1-c1000,main,srv RSS baseline MiB,3,39.55859375,39.390625,39.63671875
slow256k-h1-c1000,main,srv RSS plateau MiB,3,8821.98046875,8808.54296875,8825.03125
slow256k-h1-c1000,main,srv peak RSS MiB,3,9226.55078125,9101.23828125,9319.1875
slow256k-h1-c1000,main,TTFB p50 ms,3,137.367,136.39,138.968
slow256k-h1-c1000,main,TTFB p99 ms,3,250.221,248.464,257.075
slow256k-h1-c1000,main,drain s,3,0.691186276,0.690773385,0.6914701
slow256k-h1-c1000,main,srv CPU us/stream,3,21380.0,21380.0,21560.0
slow256k-h1-c1000,main,errors,3,0,0,0
slow256k-h1-c1000,listener-nodelay,plateau KiB/stream,3,9098.108,9066.388,9115.124
slow256k-h1-c1000,listener-nodelay,peak KiB/stream,3,9416.532,9297.432,9592.028
slow256k-h1-c1000,listener-nodelay,srv RSS baseline MiB,3,39.5078125,39.453125,39.56640625
slow256k-h1-c1000,listener-nodelay,srv RSS plateau MiB,3,8924.4375,8893.40234375,8940.94140625
slow256k-h1-c1000,listener-nodelay,srv peak RSS MiB,3,9233.14453125,9116.08203125,9405.40625
slow256k-h1-c1000,listener-nodelay,TTFB p50 ms,3,136.528,125.239,137.843
slow256k-h1-c1000,listener-nodelay,TTFB p99 ms,3,255.286,236.906,258.479
slow256k-h1-c1000,listener-nodelay,drain s,3,0.696161939,0.688488562,0.698702038
slow256k-h1-c1000,listener-nodelay,srv CPU us/stream,3,21520.0,21490.0,21660.0
slow256k-h1-c1000,listener-nodelay,errors,3,0,0,0
slow256k-h1-c1000,inline-streaming-nodelay,plateau KiB/stream,3,790.804,777.104,817.84
slow256k-h1-c1000,inline-streaming-nodelay,peak KiB/stream,3,890.764,851.448,890.98
slow256k-h1-c1000,inline-streaming-nodelay,srv RSS baseline MiB,3,40.171875,40.07421875,40.20703125
slow256k-h1-c1000,inline-streaming-nodelay,srv RSS plateau MiB,3,812.44140625,799.09765625,838.74609375
slow256k-h1-c1000,inline-streaming-nodelay,srv peak RSS MiB,3,909.45703125,870.4609375,909.9609375
slow256k-h1-c1000,inline-streaming-nodelay,TTFB p50 ms,3,34.288,33.537,34.368
slow256k-h1-c1000,inline-streaming-nodelay,TTFB p99 ms,3,71.056,70.783,72.787
slow256k-h1-c1000,inline-streaming-nodelay,drain s,3,0.632957935,0.630410815,0.637885166
slow256k-h1-c1000,inline-streaming-nodelay,srv CPU us/stream,3,16450.0,16399.999999999996,16460.0
slow256k-h1-c1000,inline-streaming-nodelay,errors,3,0,0,0
slow256k-h2-c64,main,plateau KiB/stream,3,10116.5625,10112.9375,10179.3125
slow256k-h2-c64,main,peak KiB/stream,3,14252.1875,13939.1875,15487.0625
slow256k-h2-c64,main,srv RSS baseline MiB,3,17.0546875,16.9765625,17.4609375
slow256k-h2-c64,main,srv RSS plateau MiB,3,649.51953125,649.26171875,653.26171875
slow256k-h2-c64,main,srv peak RSS MiB,3,907.81640625,887.78125,983.97265625
slow256k-h2-c64,main,TTFB p50 ms,3,15.59,14.671,16.572
slow256k-h2-c64,main,TTFB p99 ms,3,22.532,19.975,23.904
slow256k-h2-c64,main,drain s,3,1.4069756930000001,1.379334826,1.413740952
slow256k-h2-c64,main,srv CPU us/stream,3,25468.75,25156.25,26406.25
slow256k-h2-c64,main,errors,3,0,0,0
slow256k-h2-c64,listener-nodelay,plateau KiB/stream,3,10214.1875,9361.0,10253.5
slow256k-h2-c64,listener-nodelay,peak KiB/stream,3,13244.9375,11573.0,15966.1875
slow256k-h2-c64,listener-nodelay,srv RSS baseline MiB,3,15.21875,15.12109375,15.640625
slow256k-h2-c64,listener-nodelay,srv RSS plateau MiB,3,653.60546875,600.18359375,656.484375
slow256k-h2-c64,listener-nodelay,srv peak RSS MiB,3,843.02734375,738.43359375,1013.52734375
slow256k-h2-c64,listener-nodelay,TTFB p50 ms,3,18.08,16.094,31.241
slow256k-h2-c64,listener-nodelay,TTFB p99 ms,3,24.363,24.053,35.484
slow256k-h2-c64,listener-nodelay,drain s,3,1.333190611,1.310378089,1.361784706
slow256k-h2-c64,listener-nodelay,srv CPU us/stream,3,26250.0,26250.0,26875.0
slow256k-h2-c64,listener-nodelay,errors,3,0,0,0
slow256k-h2-c64,inline-streaming-nodelay,plateau KiB/stream,3,1298.5,1232.0625,1435.0625
slow256k-h2-c64,inline-streaming-nodelay,peak KiB/stream,3,1916.375,1887.75,2097.875
slow256k-h2-c64,inline-streaming-nodelay,srv RSS baseline MiB,3,13.90234375,13.87890625,14.3984375
slow256k-h2-c64,inline-streaming-nodelay,srv RSS plateau MiB,3,95.5546875,90.8828125,103.59375
slow256k-h2-c64,inline-streaming-nodelay,srv peak RSS MiB,3,133.66796875,131.88671875,140.4609375
slow256k-h2-c64,inline-streaming-nodelay,TTFB p50 ms,3,7.567,4.842,8.876
slow256k-h2-c64,inline-streaming-nodelay,TTFB p99 ms,3,10.403,10.348,12.012
slow256k-h2-c64,inline-streaming-nodelay,drain s,3,1.352694553,1.330789155,1.3763408990000001
slow256k-h2-c64,inline-streaming-nodelay,srv CPU us/stream,3,21406.25,21250.0,21562.5
slow256k-h2-c64,inline-streaming-nodelay,errors,3,0,0,0
slow256k-h2-c1000,main,plateau KiB/stream,3,9575.628,9558.24,9589.532
slow256k-h2-c1000,main,peak KiB/stream,3,10479.536,10469.14,10535.564
slow256k-h2-c1000,main,srv RSS baseline MiB,3,61.40234375,60.19140625,62.86328125
slow256k-h2-c1000,main,srv RSS plateau MiB,3,9414.0625,9394.41015625,9426.1796875
slow256k-h2-c1000,main,srv peak RSS MiB,3,10295.41796875,10281.95703125,10345.23828125
slow256k-h2-c1000,main,TTFB p50 ms,3,171.872,166.177,181.493
slow256k-h2-c1000,main,TTFB p99 ms,3,234.537,228.918,237.068
slow256k-h2-c1000,main,drain s,3,1.337887707,1.307933207,1.3730848039999999
slow256k-h2-c1000,main,srv CPU us/stream,3,24180.0,24130.0,24210.0
slow256k-h2-c1000,main,errors,3,0,0,0
slow256k-h2-c1000,listener-nodelay,plateau KiB/stream,3,9527.98,9481.192,9552.06
slow256k-h2-c1000,listener-nodelay,peak KiB/stream,3,11709.308,11684.656,11930.644
slow256k-h2-c1000,listener-nodelay,srv RSS baseline MiB,3,59.37890625,58.7109375,61.140625
slow256k-h2-c1000,listener-nodelay,srv RSS plateau MiB,3,9364.046875,9320.1171875,9386.89453125
slow256k-h2-c1000,listener-nodelay,srv peak RSS MiB,3,11493.58203125,11465.05859375,11709.76953125
slow256k-h2-c1000,listener-nodelay,TTFB p50 ms,3,162.73,152.77,165.711
slow256k-h2-c1000,listener-nodelay,TTFB p99 ms,3,239.783,234.598,245.06
slow256k-h2-c1000,listener-nodelay,drain s,3,1.328896567,1.294509737,1.330736604
slow256k-h2-c1000,listener-nodelay,srv CPU us/stream,3,25310.0,24970.0,25460.0
slow256k-h2-c1000,listener-nodelay,errors,3,0,0,0
slow256k-h2-c1000,inline-streaming-nodelay,plateau KiB/stream,3,1264.632,1229.94,1285.116
slow256k-h2-c1000,inline-streaming-nodelay,peak KiB/stream,3,2072.428,2020.816,2170.808
slow256k-h2-c1000,inline-streaming-nodelay,srv RSS baseline MiB,3,58.48046875,57.76953125,60.3203125
slow256k-h2-c1000,inline-streaming-nodelay,srv RSS plateau MiB,3,1293.47265625,1258.8828125,1315.31640625
slow256k-h2-c1000,inline-streaming-nodelay,srv peak RSS MiB,3,2084.17578125,2031.93359375,2177.69921875
slow256k-h2-c1000,inline-streaming-nodelay,TTFB p50 ms,3,20.177,16.897,22.916
slow256k-h2-c1000,inline-streaming-nodelay,TTFB p99 ms,3,37.308,31.857,37.908
slow256k-h2-c1000,inline-streaming-nodelay,drain s,3,1.223471566,1.219135176,1.241272048
slow256k-h2-c1000,inline-streaming-nodelay,srv CPU us/stream,3,21480.0,21410.0,21970.0
slow256k-h2-c1000,inline-streaming-nodelay,errors,3,0,0,0
