scenario,tree,metric,n,median,min,max
short-h1-c64,main,streams/s,3,437997.3888149275,433210.96635874704,447751.9865144386
short-h1-c64,main,GiB/s,3,26.730585297712178,26.438271272486702,27.32563211454932
short-h1-c64,main,TTFB p50 ms,3,0.137,0.134,0.138
short-h1-c64,main,TTFB p99 ms,3,0.212,0.203,0.215
short-h1-c64,main,TTFB p99.9 ms,3,0.251,0.238,0.255
short-h1-c64,main,TTLB p50 ms,3,0.142,0.139,0.143
short-h1-c64,main,TTLB p99 ms,3,0.22,0.21,0.223
short-h1-c64,main,TTLB p99.9 ms,3,0.261,0.247,0.265
short-h1-c64,main,srv CPU us/stream,3,46.31021193270568,45.35635127060119,46.61758392661623
short-h1-c64,main,srv cores busy,3,20.062091663645806,19.865963422695938,20.873115809645977
short-h1-c64,main,srv ctxsw/stream,3,0.27030181053074825,0.2421757910202798,0.27661597413975575
short-h1-c64,main,srv peak RSS MiB,3,22.88671875,16.07421875,22.96875
short-h1-c64,main,errors,3,0,0,0
short-h1-c64,main,timeouts,3,0,0,0
short-h1-c64,main,client CPU %,3,54.88042402438782,54.40567230819201,55.71814788677598
short-h1-c64,listener-nodelay,streams/s,3,481181.6926793205,477515.3715787154,483629.28821340733
short-h1-c64,listener-nodelay,GiB/s,3,29.366039291427864,29.14221444380803,29.51545918283604
short-h1-c64,listener-nodelay,TTFB p50 ms,3,0.126,0.125,0.127
short-h1-c64,listener-nodelay,TTFB p99 ms,3,0.183,0.181,0.184
short-h1-c64,listener-nodelay,TTFB p99.9 ms,3,0.213,0.211,0.213
short-h1-c64,listener-nodelay,TTLB p50 ms,3,0.13,0.13,0.131
short-h1-c64,listener-nodelay,TTLB p99 ms,3,0.189,0.186,0.189
short-h1-c64,listener-nodelay,TTLB p99.9 ms,3,0.22,0.218,0.22
short-h1-c64,listener-nodelay,srv CPU us/stream,3,46.51770660985696,46.14526384399484,46.70283121908024
short-h1-c64,listener-nodelay,srv cores busy,3,22.30131980335713,22.204256165587285,22.497325337045233
short-h1-c64,listener-nodelay,srv ctxsw/stream,3,0.1912985582000969,0.18008545857938915,0.19732784794551525
short-h1-c64,listener-nodelay,srv peak RSS MiB,3,22.26171875,21.98046875,22.34375
short-h1-c64,listener-nodelay,errors,3,0,0,0
short-h1-c64,listener-nodelay,timeouts,3,0,0,0
short-h1-c64,listener-nodelay,client CPU %,3,57.188310881393335,56.578385334563045,57.35092782631068
short-h1-c64,inline-streaming-nodelay,streams/s,3,489923.10207763384,484531.10210047086,491276.77578405594
short-h1-c64,inline-streaming-nodelay,GiB/s,3,29.899452034403645,29.570503061461956,29.98218204838591
short-h1-c64,inline-streaming-nodelay,TTFB p50 ms,3,0.123,0.123,0.124
short-h1-c64,inline-streaming-nodelay,TTFB p99 ms,3,0.181,0.18,0.187
short-h1-c64,inline-streaming-nodelay,TTFB p99.9 ms,3,0.212,0.21,0.238
short-h1-c64,inline-streaming-nodelay,TTLB p50 ms,3,0.128,0.127,0.129
short-h1-c64,inline-streaming-nodelay,TTLB p99 ms,3,0.187,0.185,0.193
short-h1-c64,inline-streaming-nodelay,TTLB p99.9 ms,3,0.219,0.216,0.247
short-h1-c64,inline-streaming-nodelay,srv CPU us/stream,3,45.031675119695045,44.3360714523458,45.4054513078946
short-h1-c64,inline-streaming-nodelay,srv cores busy,3,21.81924717517619,21.78128223403997,22.245179555998682
short-h1-c64,inline-streaming-nodelay,srv ctxsw/stream,3,0.20343039110702335,0.18650325358443406,0.2107766029152
short-h1-c64,inline-streaming-nodelay,srv peak RSS MiB,3,22.13671875,16.11328125,22.74609375
short-h1-c64,inline-streaming-nodelay,errors,3,0,0,0
short-h1-c64,inline-streaming-nodelay,timeouts,3,0,0,0
short-h1-c64,inline-streaming-nodelay,client CPU %,3,58.03568626689761,57.63093543885631,58.60364046600657
short-h1-c1000,main,streams/s,3,505275.41899420443,504785.1916242356,511553.74552506075
short-h1-c1000,main,GiB/s,3,30.835654369035094,30.807010621316792,31.220011358477553
short-h1-c1000,main,TTFB p50 ms,3,1.747,1.712,1.75
short-h1-c1000,main,TTFB p99 ms,3,4.708,4.704,4.766
short-h1-c1000,main,TTFB p99.9 ms,3,5.85,5.833,5.956
short-h1-c1000,main,TTLB p50 ms,3,1.777,1.738,1.778
short-h1-c1000,main,TTLB p99 ms,3,4.748,4.741,4.81
short-h1-c1000,main,TTLB p99.9 ms,3,5.906,5.887,6.039
short-h1-c1000,main,srv CPU us/stream,3,46.18736724186638,46.15921382327587,46.28931355398447
short-h1-c1000,main,srv cores busy,3,23.38885230094361,23.300487595006373,23.62732070851824
short-h1-c1000,main,srv ctxsw/stream,3,0.009831171556033873,0.008199552886734891,0.011377361425994301
short-h1-c1000,main,srv peak RSS MiB,3,39.54296875,39.3828125,40.41796875
short-h1-c1000,main,errors,3,0,0,0
short-h1-c1000,main,timeouts,3,0,0,0
short-h1-c1000,main,client CPU %,3,70.36941178214242,69.86245862087605,71.03116234258819
short-h1-c1000,listener-nodelay,streams/s,3,489878.36691283743,488869.1782467443,507678.7532934011
short-h1-c1000,listener-nodelay,GiB/s,3,29.8972175770864,29.834940966046148,30.98354940318985
short-h1-c1000,listener-nodelay,TTFB p50 ms,3,1.773,1.683,1.799
short-h1-c1000,listener-nodelay,TTFB p99 ms,3,5.588,5.18,5.631
short-h1-c1000,listener-nodelay,TTFB p99.9 ms,3,7.165,6.659,7.2
short-h1-c1000,listener-nodelay,TTLB p50 ms,3,1.781,1.694,1.807
short-h1-c1000,listener-nodelay,TTLB p99 ms,3,5.599,5.206,5.642
short-h1-c1000,listener-nodelay,TTLB p99.9 ms,3,7.178,6.713,7.216
short-h1-c1000,listener-nodelay,srv CPU us/stream,3,48.878122354952914,46.78472937292624,49.00379342632339
short-h1-c1000,listener-nodelay,srv cores busy,3,23.944334757010186,23.75161308121636,23.956444223299926
short-h1-c1000,listener-nodelay,srv ctxsw/stream,3,0.008027218630207581,0.0052086732254638885,0.010233129575816619
short-h1-c1000,listener-nodelay,srv peak RSS MiB,3,40.69140625,39.1484375,41.2578125
short-h1-c1000,listener-nodelay,errors,3,0,0,0
short-h1-c1000,listener-nodelay,timeouts,3,0,0,0
short-h1-c1000,listener-nodelay,client CPU %,3,64.19625962962508,63.47897662033082,66.68483646565345
short-h1-c1000,inline-streaming-nodelay,streams/s,3,529485.8151650075,526974.9708973313,533285.7865730828
short-h1-c1000,inline-streaming-nodelay,GiB/s,3,32.31404018941542,32.15978473614704,32.54568821306113
short-h1-c1000,inline-streaming-nodelay,TTFB p50 ms,3,1.621,1.618,1.646
short-h1-c1000,inline-streaming-nodelay,TTFB p99 ms,3,4.761,4.74,5.035
short-h1-c1000,inline-streaming-nodelay,TTFB p99.9 ms,3,6.048,6.019,6.382
short-h1-c1000,inline-streaming-nodelay,TTLB p50 ms,3,1.633,1.629,1.66
short-h1-c1000,inline-streaming-nodelay,TTLB p99 ms,3,4.78,4.772,5.057
short-h1-c1000,inline-streaming-nodelay,TTLB p99.9 ms,3,6.078,6.069,6.411
short-h1-c1000,inline-streaming-nodelay,srv CPU us/stream,3,44.65800595009903,44.49479578171483,45.12602648441224
short-h1-c1000,inline-streaming-nodelay,srv cores busy,3,23.728442166860475,23.53365138588628,23.893590918256734
short-h1-c1000,inline-streaming-nodelay,srv ctxsw/stream,3,0.004878561988811976,0.004329197300333719,0.005448690454410535
short-h1-c1000,inline-streaming-nodelay,srv peak RSS MiB,3,41.76953125,41.42578125,42.234375
short-h1-c1000,inline-streaming-nodelay,errors,3,0,0,0
short-h1-c1000,inline-streaming-nodelay,timeouts,3,0,0,0
short-h1-c1000,inline-streaming-nodelay,client CPU %,3,69.04248667037184,68.69273917128889,69.21962418755082
short-h1-c5000,main,streams/s,3,501182.77558463777,489061.11909301253,501802.6993511102
short-h1-c5000,main,GiB/s,3,30.58604088352829,29.846543156080987,30.624467100243322
short-h1-c5000,main,TTFB p50 ms,3,9.073,8.814,9.18
short-h1-c5000,main,TTFB p99 ms,3,20.361,19.571,20.544
short-h1-c5000,main,TTFB p99.9 ms,3,23.623,23.123,23.9
short-h1-c5000,main,TTLB p50 ms,3,9.112,8.862,9.209
short-h1-c5000,main,TTLB p99 ms,3,20.455,19.629,20.573
short-h1-c5000,main,TTLB p99.9 ms,3,23.792,23.181,23.927
short-h1-c5000,main,srv CPU us/stream,3,47.55277799617423,47.517669150904176,48.78653289650331
short-h1-c5000,main,srv cores busy,3,23.84449464679669,23.832633262882688,23.859596375031977
short-h1-c5000,main,srv ctxsw/stream,3,0.013671967262696575,0.012859387001739112,0.013817843526416636
short-h1-c5000,main,srv peak RSS MiB,3,140.40625,140.33203125,142.90625
short-h1-c5000,main,errors,3,0,0,0
short-h1-c5000,main,timeouts,3,0,0,0
short-h1-c5000,main,client CPU %,3,72.85304951887073,70.9127166438212,73.6602064412882
short-h1-c5000,listener-nodelay,streams/s,3,485764.5915507044,484380.26915662526,496630.35631122923
short-h1-c5000,listener-nodelay,GiB/s,3,29.6457587635156,29.561193170683797,30.30867161805012
short-h1-c5000,listener-nodelay,TTFB p50 ms,3,9.306,9.247,9.565
short-h1-c5000,listener-nodelay,TTFB p99 ms,3,20.826,19.012,21.241
short-h1-c5000,listener-nodelay,TTFB p99.9 ms,3,23.888,22.794,24.142
short-h1-c5000,listener-nodelay,TTLB p50 ms,3,9.32,9.26,9.577
short-h1-c5000,listener-nodelay,TTLB p99 ms,3,20.84,19.032,21.254
short-h1-c5000,listener-nodelay,TTLB p99.9 ms,3,23.905,22.82,24.16
short-h1-c5000,listener-nodelay,srv CPU us/stream,3,49.22230082344619,48.10113683893409,49.37758230921908
short-h1-c5000,listener-nodelay,srv cores busy,3,23.910450854687237,23.888484727295033,23.91752660924296
short-h1-c5000,listener-nodelay,srv ctxsw/stream,3,0.010003941534795245,0.009242872566370224,0.011174059620358263
short-h1-c5000,listener-nodelay,srv peak RSS MiB,3,139.98828125,139.4765625,140.453125
short-h1-c5000,listener-nodelay,errors,3,0,0,0
short-h1-c5000,listener-nodelay,timeouts,3,0,0,0
short-h1-c5000,listener-nodelay,client CPU %,3,67.0418718857269,65.9494667961532,67.8570580568939
short-h1-c5000,inline-streaming-nodelay,streams/s,3,502498.28283569776,501506.77521608525,517900.3775626322
short-h1-c5000,inline-streaming-nodelay,GiB/s,3,30.66719381367157,30.606737995195896,31.60777420880921
short-h1-c5000,inline-streaming-nodelay,TTFB p50 ms,3,8.753,8.739,9.273
short-h1-c5000,inline-streaming-nodelay,TTFB p99 ms,3,20.182,19.802,21.174
short-h1-c5000,inline-streaming-nodelay,TTFB p99.9 ms,3,23.102,22.732,23.76
short-h1-c5000,inline-streaming-nodelay,TTLB p50 ms,3,8.768,8.753,9.285
short-h1-c5000,inline-streaming-nodelay,TTLB p99 ms,3,20.193,19.821,21.19
short-h1-c5000,inline-streaming-nodelay,TTLB p99.9 ms,3,23.114,22.75,23.779
short-h1-c5000,inline-streaming-nodelay,srv CPU us/stream,3,47.62650629026137,46.14989775686933,47.749212139993894
short-h1-c5000,inline-streaming-nodelay,srv cores busy,3,23.932237628319893,23.9010494727595,23.946553399437086
short-h1-c5000,inline-streaming-nodelay,srv ctxsw/stream,3,0.007126262784074795,0.006262796555531692,0.009342563827849952
short-h1-c5000,inline-streaming-nodelay,srv peak RSS MiB,3,142.015625,141.0,142.93359375
short-h1-c5000,inline-streaming-nodelay,errors,3,0,0,0
short-h1-c5000,inline-streaming-nodelay,timeouts,3,0,0,0
short-h1-c5000,inline-streaming-nodelay,client CPU %,3,68.34978807638778,68.34889051874018,70.35397628091333
short-h1-c10000,main,streams/s,3,489894.61143982806,483525.2237692137,490110.81447865866
short-h1-c10000,main,GiB/s,3,29.898601280565195,29.50971502476011,29.913999296901746
short-h1-c10000,main,TTFB p50 ms,3,22.854,22.416,23.017
short-h1-c10000,main,TTFB p99 ms,3,35.219,34.902,35.544
short-h1-c10000,main,TTFB p99.9 ms,3,38.997,38.466,39.231
short-h1-c10000,main,TTLB p50 ms,3,22.883,22.446,23.046
short-h1-c10000,main,TTLB p99 ms,3,35.261,34.936,35.595
short-h1-c10000,main,TTLB p99.9 ms,3,39.054,38.496,39.315
short-h1-c10000,main,srv CPU us/stream,3,48.59418000791666,48.520215055957394,49.18409827222757
short-h1-c10000,main,srv cores busy,3,23.781752122965834,23.780282119754958,23.806026933215392
short-h1-c10000,main,srv ctxsw/stream,3,0.01506513485987324,0.01481521008931733,0.01621101600677406
short-h1-c10000,main,srv peak RSS MiB,3,265.51171875,265.19140625,266.32421875
short-h1-c10000,main,errors,3,0,0,0
short-h1-c10000,main,timeouts,3,0,0,0
short-h1-c10000,main,client CPU %,3,72.97621346482639,71.71528363069302,73.25836910798775
short-h1-c10000,listener-nodelay,streams/s,3,480908.38493893977,463530.69892541354,484548.7683299687
short-h1-c10000,listener-nodelay,GiB/s,3,29.34902061668254,28.289637479117868,29.57040930259278
short-h1-c10000,listener-nodelay,TTFB p50 ms,3,24.836,20.609,24.854
short-h1-c10000,listener-nodelay,TTFB p99 ms,3,38.563,37.831,40.775
short-h1-c10000,listener-nodelay,TTFB p99.9 ms,3,42.479,41.797,44.922
short-h1-c10000,listener-nodelay,TTLB p50 ms,3,24.846,20.617,24.864
short-h1-c10000,listener-nodelay,TTLB p99 ms,3,38.58,37.842,40.784
short-h1-c10000,listener-nodelay,TTLB p99.9 ms,3,42.511,41.809,44.931
short-h1-c10000,listener-nodelay,srv CPU us/stream,3,49.64504788983591,49.28833261781315,51.57908908730946
short-h1-c10000,listener-nodelay,srv cores busy,3,23.882600862999183,23.874719800917305,23.908491214576728
short-h1-c10000,listener-nodelay,srv ctxsw/stream,3,0.01041522825242444,0.008606367793038095,0.011002154816551634
short-h1-c10000,listener-nodelay,srv peak RSS MiB,3,264.99609375,264.37109375,265.59375
short-h1-c10000,listener-nodelay,errors,3,0,0,0
short-h1-c10000,listener-nodelay,timeouts,3,0,0,0
short-h1-c10000,listener-nodelay,client CPU %,3,66.54508079564071,64.49672042282495,67.15481329347728
short-h1-c10000,inline-streaming-nodelay,streams/s,3,509387.8092917402,497401.65733971074,513410.2338350182
short-h1-c10000,inline-streaming-nodelay,GiB/s,3,31.08671737503039,30.355650408146392,31.33389158555945
short-h1-c10000,inline-streaming-nodelay,TTFB p50 ms,3,23.095,22.886,23.121
short-h1-c10000,inline-streaming-nodelay,TTFB p99 ms,3,35.922,35.178,36.472
short-h1-c10000,inline-streaming-nodelay,TTFB p99.9 ms,3,39.734,38.788,40.603
short-h1-c10000,inline-streaming-nodelay,TTLB p50 ms,3,23.108,22.904,23.133
short-h1-c10000,inline-streaming-nodelay,TTLB p99 ms,3,35.936,35.196,36.491
short-h1-c10000,inline-streaming-nodelay,TTLB p99.9 ms,3,39.753,38.804,40.622
short-h1-c10000,inline-streaming-nodelay,srv CPU us/stream,3,46.82990116283521,46.47888366526321,48.08316775464033
short-h1-c10000,inline-streaming-nodelay,srv cores busy,3,23.86273453097339,23.854580762685348,23.916647331301434
short-h1-c10000,inline-streaming-nodelay,srv ctxsw/stream,3,0.00951258728426571,0.006502507506837284,0.009893140573931342
short-h1-c10000,inline-streaming-nodelay,srv peak RSS MiB,3,266.94921875,265.9609375,269.90625
short-h1-c10000,inline-streaming-nodelay,errors,3,0,0,0
short-h1-c10000,inline-streaming-nodelay,timeouts,3,0,0,0
short-h1-c10000,inline-streaming-nodelay,client CPU %,3,71.11269349030445,69.117650625836,71.21316061517018
short-h2-c64,main,streams/s,3,18175.98858154636,17882.52747091809,18198.059722626353
short-h2-c64,main,GiB/s,3,1.109246115925449,1.0913133069164676,1.1106832687941965
short-h2-c64,main,TTFB p50 ms,3,2.692,2.67,2.729
short-h2-c64,main,TTFB p99 ms,3,3.599,3.599,3.663
short-h2-c64,main,TTFB p99.9 ms,3,3.811,3.806,3.892
short-h2-c64,main,TTLB p50 ms,3,3.505,3.497,3.56
short-h2-c64,main,TTLB p99 ms,3,4.64,4.635,4.703
short-h2-c64,main,TTLB p99.9 ms,3,4.989,4.979,5.067
short-h2-c64,main,srv CPU us/stream,3,107.35057031709961,106.99742260959405,111.51688692277148
short-h2-c64,main,srv cores busy,3,1.9512027403060923,1.9471454868164837,1.9942037938677273
short-h2-c64,main,srv ctxsw/stream,3,4.131106189583826,3.89640752499436,4.3100717533429895
short-h2-c64,main,srv peak RSS MiB,3,18.9609375,18.05078125,19.2265625
short-h2-c64,main,errors,3,0,0,0
short-h2-c64,main,timeouts,3,0,0,0
short-h2-c64,main,client CPU %,3,5.038023477340819,5.0305140838288205,5.062878288139933
short-h2-c64,listener-nodelay,streams/s,3,16989.86178410554,16888.924734149485,17077.471741691854
short-h2-c64,listener-nodelay,GiB/s,3,1.0369254573585176,1.0307418583058898,1.042326156109122
short-h2-c64,listener-nodelay,TTFB p50 ms,3,2.869,2.817,2.875
short-h2-c64,listener-nodelay,TTFB p99 ms,3,3.74,3.614,3.762
short-h2-c64,listener-nodelay,TTFB p99.9 ms,3,3.94,3.915,3.99
short-h2-c64,listener-nodelay,TTLB p50 ms,3,3.82,3.816,3.851
short-h2-c64,listener-nodelay,TTLB p99 ms,3,5.315,5.22,5.496
short-h2-c64,listener-nodelay,TTLB p99.9 ms,3,5.951,5.758,6.07
short-h2-c64,listener-nodelay,srv CPU us/stream,3,109.80130356107588,108.07565295706995,112.74811691695486
short-h2-c64,listener-nodelay,srv cores busy,3,1.8751286587652025,1.8361904059675753,1.904194460527537
short-h2-c64,listener-nodelay,srv ctxsw/stream,3,3.788197677482827,3.559933129661351,3.8602432611682223
short-h2-c64,listener-nodelay,srv peak RSS MiB,3,20.95703125,19.7734375,20.98828125
short-h2-c64,listener-nodelay,errors,3,0,0,0
short-h2-c64,listener-nodelay,timeouts,3,0,0,0
short-h2-c64,listener-nodelay,client CPU %,3,5.018020349641781,5.0003430900405395,5.06301704643942
short-h2-c64,inline-streaming-nodelay,streams/s,3,16841.494624872146,16794.072309448853,17150.98847420631
short-h2-c64,inline-streaming-nodelay,GiB/s,3,1.0277767567965725,1.0249967812145329,1.0468025790988602
short-h2-c64,inline-streaming-nodelay,TTFB p50 ms,3,2.903,2.862,2.904
short-h2-c64,inline-streaming-nodelay,TTFB p99 ms,3,3.709,3.625,3.765
short-h2-c64,inline-streaming-nodelay,TTFB p99.9 ms,3,4.026,3.923,4.046
short-h2-c64,inline-streaming-nodelay,TTLB p50 ms,3,3.908,3.842,3.945
short-h2-c64,inline-streaming-nodelay,TTLB p99 ms,3,5.516,5.427,5.666
short-h2-c64,inline-streaming-nodelay,TTLB p99.9 ms,3,6.249,6.028,6.268
short-h2-c64,inline-streaming-nodelay,srv CPU us/stream,3,99.44856663053964,95.68959484990553,101.3076164800057
short-h2-c64,inline-streaming-nodelay,srv cores busy,3,1.670146419064325,1.6411711383722016,1.7061716784066245
short-h2-c64,inline-streaming-nodelay,srv ctxsw/stream,3,3.1929120298340834,3.108815571571852,3.217744720888963
short-h2-c64,inline-streaming-nodelay,srv peak RSS MiB,3,19.265625,18.64453125,19.91796875
short-h2-c64,inline-streaming-nodelay,errors,3,0,0,0
short-h2-c64,inline-streaming-nodelay,timeouts,3,0,0,0
short-h2-c64,inline-streaming-nodelay,client CPU %,3,5.000503160629029,4.972935969339734,5.043025877661076
short-h2-c1000,main,streams/s,3,256738.92721420314,255278.66124072715,257082.4363057883
short-h2-c1000,main,GiB/s,3,15.668527188744282,15.578659491201826,15.68956046817302
short-h2-c1000,main,TTFB p50 ms,3,2.229,2.225,2.237
short-h2-c1000,main,TTFB p99 ms,3,3.813,3.805,3.814
short-h2-c1000,main,TTFB p99.9 ms,3,5.786,5.697,5.949
short-h2-c1000,main,TTLB p50 ms,3,3.429,3.42,3.439
short-h2-c1000,main,TTLB p99 ms,3,44.436,44.353,44.626
short-h2-c1000,main,TTLB p99.9 ms,3,47.111,46.96,47.23
short-h2-c1000,main,srv CPU us/stream,3,76.06142489128803,75.92569869289066,76.43854593207935
short-h2-c1000,main,srv cores busy,3,19.513129672729047,19.49308243040157,19.554056419942054
short-h2-c1000,main,srv ctxsw/stream,3,1.5558918427700799,1.5474000473260026,1.57330310484727
short-h2-c1000,main,srv peak RSS MiB,3,70.99609375,70.87109375,72.0546875
short-h2-c1000,main,errors,3,0,0,0
short-h2-c1000,main,timeouts,3,0,0,0
short-h2-c1000,main,client CPU %,3,47.115142170174025,47.08495173132528,47.1175335284128
short-h2-c1000,listener-nodelay,streams/s,3,265858.0071357701,263988.53579597763,268161.45096369926
short-h2-c1000,listener-nodelay,GiB/s,3,16.22415330413012,16.11043591853383,16.366026237030898
short-h2-c1000,listener-nodelay,TTFB p50 ms,3,2.295,2.293,2.303
short-h2-c1000,listener-nodelay,TTFB p99 ms,3,4.107,4.08,4.147
short-h2-c1000,listener-nodelay,TTFB p99.9 ms,3,7.436,7.231,7.499
short-h2-c1000,listener-nodelay,TTLB p50 ms,3,3.768,3.731,3.787
short-h2-c1000,listener-nodelay,TTLB p99 ms,3,7.851,7.784,8.112
short-h2-c1000,listener-nodelay,TTLB p99.9 ms,3,11.242,11.045,11.315
short-h2-c1000,listener-nodelay,srv CPU us/stream,3,78.05370203039689,77.56196528601372,78.67837901627023
short-h2-c1000,listener-nodelay,srv cores busy,3,20.77019007530615,20.75120167137053,20.79912915069351
short-h2-c1000,listener-nodelay,srv ctxsw/stream,3,1.2600447718164105,1.2587452573037334,1.2781266083376221
short-h2-c1000,listener-nodelay,srv peak RSS MiB,3,80.16015625,77.390625,80.82421875
short-h2-c1000,listener-nodelay,errors,3,0,0,0
short-h2-c1000,listener-nodelay,timeouts,3,0,0,0
short-h2-c1000,listener-nodelay,client CPU %,3,50.907901251960986,50.49532438858857,51.05772664162045
short-h2-c1000,inline-streaming-nodelay,streams/s,3,276249.022314349,271966.2362006626,276787.90162530856
short-h2-c1000,inline-streaming-nodelay,GiB/s,3,16.85908930429216,16.59708143223566,16.893100001442573
short-h2-c1000,inline-streaming-nodelay,TTFB p50 ms,3,2.284,2.279,2.302
short-h2-c1000,inline-streaming-nodelay,TTFB p99 ms,3,4.017,4.011,4.14
short-h2-c1000,inline-streaming-nodelay,TTFB p99.9 ms,3,7.246,7.023,7.523
short-h2-c1000,inline-streaming-nodelay,TTLB p50 ms,3,3.639,3.621,3.682
short-h2-c1000,inline-streaming-nodelay,TTLB p99 ms,3,7.388,7.222,7.659
short-h2-c1000,inline-streaming-nodelay,TTLB p99.9 ms,3,11.293,11.048,11.831
short-h2-c1000,inline-streaming-nodelay,srv CPU us/stream,3,74.90414333228223,74.76551767497017,75.77810734551574
short-h2-c1000,inline-streaming-nodelay,srv cores busy,3,20.692196362836835,20.609086641169696,20.69419075118491
short-h2-c1000,inline-streaming-nodelay,srv ctxsw/stream,3,1.286549137728466,1.2758036447074557,1.3169336020633144
short-h2-c1000,inline-streaming-nodelay,srv peak RSS MiB,3,74.49609375,73.65625,76.30859375
short-h2-c1000,inline-streaming-nodelay,errors,3,0,0,0
short-h2-c1000,inline-streaming-nodelay,timeouts,3,0,0,0
short-h2-c1000,inline-streaming-nodelay,client CPU %,3,52.090529123168515,51.57022141271973,52.1230179042567
short-h2-c5000,main,streams/s,3,397160.5045857024,395187.243061286,398196.70571204193
short-h2-c5000,main,GiB/s,3,24.232800584806323,24.116748761708834,24.300378369300102
short-h2-c5000,main,TTFB p50 ms,3,3.177,3.149,3.2
short-h2-c5000,main,TTFB p99 ms,3,7.474,7.357,7.512
short-h2-c5000,main,TTFB p99.9 ms,3,9.803,9.655,9.896
short-h2-c5000,main,TTLB p50 ms,3,5.921,5.879,5.96
short-h2-c5000,main,TTLB p99 ms,3,51.28,51.127,51.322
short-h2-c5000,main,TTLB p99.9 ms,3,53.926,53.526,53.978
short-h2-c5000,main,srv CPU us/stream,3,57.972489006759005,57.827016247522934,58.24960653614389
short-h2-c5000,main,srv cores busy,3,23.024382986013492,23.019501416423363,23.02652737092036
short-h2-c5000,main,srv ctxsw/stream,3,0.2999854327356569,0.29901304409553675,0.30093539190233626
short-h2-c5000,main,srv peak RSS MiB,3,181.07421875,176.640625,182.98046875
short-h2-c5000,main,errors,3,0,0,0
short-h2-c5000,main,timeouts,3,0,0,0
short-h2-c5000,main,client CPU %,3,75.12324545981075,75.11679944426926,75.17816924327863
short-h2-c5000,listener-nodelay,streams/s,3,372336.16070758237,371440.5748522125,374649.3643286525
short-h2-c5000,listener-nodelay,GiB/s,3,22.724278773241657,22.67028038778183,22.861743499753416
short-h2-c5000,listener-nodelay,TTFB p50 ms,3,8.079,8.038,8.108
short-h2-c5000,listener-nodelay,TTFB p99 ms,3,20.528,20.336,20.728
short-h2-c5000,listener-nodelay,TTFB p99.9 ms,3,25.79,25.122,26.384
short-h2-c5000,listener-nodelay,TTLB p50 ms,3,12.557,12.491,12.607
short-h2-c5000,listener-nodelay,TTLB p99 ms,3,30.48,29.802,30.483
short-h2-c5000,listener-nodelay,TTLB p99.9 ms,3,37.477,37.353,38.492
short-h2-c5000,listener-nodelay,srv CPU us/stream,3,63.03037335544473,62.5985526787509,63.1760447983423
short-h2-c5000,listener-nodelay,srv cores busy,3,23.466146396785394,23.452507968987693,23.46848722313179
short-h2-c5000,listener-nodelay,srv ctxsw/stream,3,0.17111731455499174,0.17104664102582698,0.17954866576991013
short-h2-c5000,listener-nodelay,srv peak RSS MiB,3,247.06640625,246.29296875,249.203125
short-h2-c5000,listener-nodelay,errors,3,0,0,0
short-h2-c5000,listener-nodelay,timeouts,3,0,0,0
short-h2-c5000,listener-nodelay,client CPU %,3,74.8668479058709,74.36538134722672,75.10553165036472
short-h2-c5000,inline-streaming-nodelay,streams/s,3,384077.0420708514,382416.48922154243,384540.41589623975
short-h2-c5000,inline-streaming-nodelay,GiB/s,3,23.440372539066445,23.33457522832778,23.47225761526026
short-h2-c5000,inline-streaming-nodelay,TTFB p50 ms,3,7.867,7.856,7.892
short-h2-c5000,inline-streaming-nodelay,TTFB p99 ms,3,23.717,23.471,23.791
short-h2-c5000,inline-streaming-nodelay,TTFB p99.9 ms,3,30.662,30.505,31.282
short-h2-c5000,inline-streaming-nodelay,TTLB p50 ms,3,12.154,12.146,12.212
short-h2-c5000,inline-streaming-nodelay,TTLB p99 ms,3,31.825,31.649,31.933
short-h2-c5000,inline-streaming-nodelay,TTLB p99.9 ms,3,40.507,39.343,40.775
short-h2-c5000,inline-streaming-nodelay,srv CPU us/stream,3,61.20037413392995,61.1153532461696,61.451283813504844
short-h2-c5000,inline-streaming-nodelay,srv cores busy,3,23.501323354927663,23.49998421411712,23.505658670989263
short-h2-c5000,inline-streaming-nodelay,srv ctxsw/stream,3,0.2045786970380419,0.20180187358606122,0.20673866754954834
short-h2-c5000,inline-streaming-nodelay,srv peak RSS MiB,3,367.95703125,362.76171875,368.6796875
short-h2-c5000,inline-streaming-nodelay,errors,3,0,0,0
short-h2-c5000,inline-streaming-nodelay,timeouts,3,0,0,0
short-h2-c5000,inline-streaming-nodelay,client CPU %,3,74.98098092629631,74.568796193936,75.02241676113445
short-h2-c10000,main,streams/s,3,394839.1211470714,392115.23785620794,395503.84842718765
short-h2-c10000,main,GiB/s,3,24.098299853458588,23.93588217008702,24.141549798927812
short-h2-c10000,main,TTFB p50 ms,3,7.49,7.463,7.573
short-h2-c10000,main,TTFB p99 ms,3,20.326,20.244,20.769
short-h2-c10000,main,TTFB p99.9 ms,3,26.292,26.054,26.983
short-h2-c10000,main,TTLB p50 ms,3,14.562,14.533,14.772
short-h2-c10000,main,TTLB p99 ms,3,64.307,64.118,64.741
short-h2-c10000,main,TTLB p99.9 ms,3,71.764,71.596,72.429
short-h2-c10000,main,srv CPU us/stream,3,58.66815536498776,58.574839067121594,59.02241275441157
short-h2-c10000,main,srv cores busy,3,23.164482903631612,23.143587416043374,23.16657427204977
short-h2-c10000,main,srv ctxsw/stream,3,0.2704997396701916,0.27002194546662994,0.27770171453464854
short-h2-c10000,main,srv peak RSS MiB,3,287.921875,281.18359375,288.0234375
short-h2-c10000,main,errors,3,0,0,0
short-h2-c10000,main,timeouts,3,0,0,0
short-h2-c10000,main,client CPU %,3,74.8358157633312,74.44332264436233,75.17555775229813
short-h2-c10000,listener-nodelay,streams/s,3,330264.2224311371,329808.1617894146,330933.3814098963
short-h2-c10000,listener-nodelay,GiB/s,3,20.15964055238212,20.122985808390958,20.190980091128548
short-h2-c10000,listener-nodelay,TTFB p50 ms,3,19.473,19.472,19.624
short-h2-c10000,listener-nodelay,TTFB p99 ms,3,45.305,45.244,45.59
short-h2-c10000,listener-nodelay,TTFB p99.9 ms,3,55.95,55.482,56.48
short-h2-c10000,listener-nodelay,TTLB p50 ms,3,28.523,28.456,28.593
short-h2-c10000,listener-nodelay,TTLB p99 ms,3,67.548,67.247,67.669
short-h2-c10000,listener-nodelay,TTLB p99.9 ms,3,80.824,80.661,80.882
short-h2-c10000,listener-nodelay,srv CPU us/stream,3,68.92195285326589,68.84615524096306,69.08706401356329
short-h2-c10000,listener-nodelay,srv cores busy,3,22.783490950962555,22.76245516751935,22.785477585740928
short-h2-c10000,listener-nodelay,srv ctxsw/stream,3,0.4908957007357933,0.47990916816461426,0.4926978402976842
short-h2-c10000,listener-nodelay,srv peak RSS MiB,3,372.97265625,369.12109375,377.3046875
short-h2-c10000,listener-nodelay,errors,3,0,0,0
short-h2-c10000,listener-nodelay,timeouts,3,0,0,0
short-h2-c10000,listener-nodelay,client CPU %,3,67.48237794285582,67.20224846139993,68.06490105743595
short-h2-c10000,inline-streaming-nodelay,streams/s,3,360134.3615320501,359482.36687010695,360462.1291339552
short-h2-c10000,inline-streaming-nodelay,GiB/s,3,21.978451981753942,21.937109963039415,21.997463833054855
short-h2-c10000,inline-streaming-nodelay,TTFB p50 ms,3,18.159,18.039,18.201
short-h2-c10000,inline-streaming-nodelay,TTFB p99 ms,3,50.49,49.836,50.501
short-h2-c10000,inline-streaming-nodelay,TTFB p99.9 ms,3,64.344,63.704,64.607
short-h2-c10000,inline-streaming-nodelay,TTLB p50 ms,3,26.139,26.134,26.324
short-h2-c10000,inline-streaming-nodelay,TTLB p99 ms,3,67.717,66.889,67.892
short-h2-c10000,inline-streaming-nodelay,TTLB p99.9 ms,3,83.714,83.543,85.045
short-h2-c10000,inline-streaming-nodelay,srv CPU us/stream,3,64.68563608421546,64.61649614282052,64.82822551163999
short-h2-c10000,inline-streaming-nodelay,srv cores busy,3,23.295520251483477,23.29179977681709,23.30460394691339
short-h2-c10000,inline-streaming-nodelay,srv ctxsw/stream,3,0.37943165006930824,0.36437123965967266,0.38561197949210124
short-h2-c10000,inline-streaming-nodelay,srv peak RSS MiB,3,635.3203125,632.84375,648.109375
short-h2-c10000,inline-streaming-nodelay,errors,3,0,0,0
short-h2-c10000,inline-streaming-nodelay,timeouts,3,0,0,0
short-h2-c10000,inline-streaming-nodelay,client CPU %,3,72.22618190486017,72.10555673601357,73.0829065546368
short-h2x1-c1000,main,streams/s,3,24423.142933875133,24421.690393463115,24424.078765472765
short-h2x1-c1000,main,GiB/s,3,1.4909023047300114,1.490586267288954,1.4909731702432727
short-h2x1-c1000,main,TTFB p50 ms,3,0.148,0.147,0.151
short-h2x1-c1000,main,TTFB p99 ms,3,0.466,0.45,0.466
short-h2x1-c1000,main,TTFB p99.9 ms,3,0.668,0.65,0.686
short-h2x1-c1000,main,TTLB p50 ms,3,41.007,41.006,41.008
short-h2x1-c1000,main,TTLB p99 ms,3,42.105,42.104,42.121
short-h2x1-c1000,main,TTLB p99.9 ms,3,42.343,42.335,42.359
short-h2x1-c1000,main,srv CPU us/stream,3,65.43709357750078,65.39694759644719,66.2202838012163
short-h2x1-c1000,main,srv cores busy,3,1.598179489620664,1.597260199117121,1.6172112687605653
short-h2x1-c1000,main,srv ctxsw/stream,3,0.7693674877654237,0.7583741462056314,0.7733752114037207
short-h2x1-c1000,main,srv peak RSS MiB,3,80.22265625,79.5234375,80.78125
short-h2x1-c1000,main,errors,3,0,0,0
short-h2x1-c1000,main,timeouts,3,0,0,0
short-h2x1-c1000,main,client CPU %,3,4.84554419725414,4.840788580918513,4.855634328900769
short-h2x1-c1000,listener-nodelay,streams/s,3,336700.0918597857,335890.2217461756,338179.59996621124
short-h2x1-c1000,listener-nodelay,GiB/s,3,20.548563443060864,20.499218348868116,20.638725061204795
short-h2x1-c1000,listener-nodelay,TTFB p50 ms,3,2.692,2.688,2.708
short-h2x1-c1000,listener-nodelay,TTFB p99 ms,3,7.578,7.563,7.619
short-h2x1-c1000,listener-nodelay,TTFB p99.9 ms,3,9.762,9.598,9.794
short-h2x1-c1000,listener-nodelay,TTLB p50 ms,3,2.694,2.69,2.71
short-h2x1-c1000,listener-nodelay,TTLB p99 ms,3,7.58,7.564,7.621
short-h2x1-c1000,listener-nodelay,TTLB p99.9 ms,3,9.764,9.6,9.796
short-h2x1-c1000,listener-nodelay,srv CPU us/stream,3,70.97863244943709,70.65018576355875,71.17669775256711
short-h2x1-c1000,listener-nodelay,srv cores busy,3,23.898512065807434,23.892451559058816,23.907556791270284
short-h2x1-c1000,listener-nodelay,srv ctxsw/stream,3,0.031654937390228316,0.027841834986182996,0.0337260742362224
short-h2x1-c1000,listener-nodelay,srv peak RSS MiB,3,283.93359375,278.16015625,284.01171875
short-h2x1-c1000,listener-nodelay,errors,3,0,0,0
short-h2x1-c1000,listener-nodelay,timeouts,3,0,0,0
short-h2x1-c1000,listener-nodelay,client CPU %,3,59.131323793509964,58.9862002695565,59.438598881697914
short-h2x1-c1000,inline-streaming-nodelay,streams/s,3,393074.3649075206,392585.758346058,399404.98716277786
short-h2x1-c1000,inline-streaming-nodelay,GiB/s,3,23.989050960944414,23.960089464600955,24.37629911213777
short-h2x1-c1000,inline-streaming-nodelay,TTFB p50 ms,3,2.18,2.152,2.187
short-h2x1-c1000,inline-streaming-nodelay,TTFB p99 ms,3,6.824,6.774,6.959
short-h2x1-c1000,inline-streaming-nodelay,TTFB p99.9 ms,3,8.882,8.736,9.032
short-h2x1-c1000,inline-streaming-nodelay,TTLB p50 ms,3,2.181,2.153,2.189
short-h2x1-c1000,inline-streaming-nodelay,TTLB p99 ms,3,6.826,6.775,6.96
short-h2x1-c1000,inline-streaming-nodelay,TTLB p99.9 ms,3,8.883,8.737,9.034
short-h2x1-c1000,inline-streaming-nodelay,srv CPU us/stream,3,60.37659423595621,59.755204980334916,60.7041312385156
short-h2x1-c1000,inline-streaming-nodelay,srv cores busy,3,23.831577397011277,23.732491434577554,23.866526878079828
short-h2x1-c1000,inline-streaming-nodelay,srv ctxsw/stream,3,0.0012612621333748404,0.000976806296632109,0.0017359861039693604
short-h2x1-c1000,inline-streaming-nodelay,srv peak RSS MiB,3,62.9921875,62.93359375,62.9921875
short-h2x1-c1000,inline-streaming-nodelay,errors,3,0,0,0
short-h2x1-c1000,inline-streaming-nodelay,timeouts,3,0,0,0
short-h2x1-c1000,inline-streaming-nodelay,client CPU %,3,66.4069713972166,66.2946698016864,67.01459519707232
short-h3-c64,main,streams/s,3,7371.466279399822,7078.545472061408,7376.16488321943
short-h3-c64,main,GiB/s,3,0.44987027895980675,0.4320298725713286,0.45016944770353984
short-h3-c64,main,TTFB p50 ms,3,8.116,8.103,8.499
short-h3-c64,main,TTFB p99 ms,3,8.782,8.774,9.166
short-h3-c64,main,TTFB p99.9 ms,3,8.996,8.966,9.354
short-h3-c64,main,TTLB p50 ms,3,8.677,8.667,9.032
short-h3-c64,main,TTLB p99 ms,3,9.845,9.746,10.102
short-h3-c64,main,TTLB p99.9 ms,3,10.396,10.29,10.631
short-h3-c64,main,srv CPU us/stream,3,238.902296824579,238.64761827234864,247.95840515414395
short-h3-c64,main,srv cores busy,3,1.7591828707536987,1.7551848460634338,1.7621827323579244
short-h3-c64,main,srv ctxsw/stream,3,22.963012175610814,22.594760334839297,23.24713894147899
short-h3-c64,main,srv peak RSS MiB,3,17.3359375,16.89453125,17.78125
short-h3-c64,main,errors,3,0,0,0
short-h3-c64,main,timeouts,3,0,0,0
short-h3-c64,main,client CPU %,3,5.070525796285287,4.798005298569415,5.183038787766369
short-h3-c64,listener-nodelay,streams/s,3,7647.517410251657,7446.172731787563,7752.816158339028
short-h3-c64,listener-nodelay,GiB/s,3,0.4666925660403753,0.45442074195950766,0.4731347069252466
short-h3-c64,listener-nodelay,TTFB p50 ms,3,7.722,7.649,8.028
short-h3-c64,listener-nodelay,TTFB p99 ms,3,8.421,8.34,8.68
short-h3-c64,listener-nodelay,TTFB p99.9 ms,3,8.625,8.544,8.907
short-h3-c64,listener-nodelay,TTLB p50 ms,3,8.36,8.244,8.585
short-h3-c64,listener-nodelay,TTLB p99 ms,3,9.623,9.463,9.711
short-h3-c64,listener-nodelay,TTLB p99.9 ms,3,10.273,10.084,10.297
short-h3-c64,listener-nodelay,srv CPU us/stream,3,231.4723998587626,227.81217750257997,236.25325704461815
short-h3-c64,listener-nodelay,srv cores busy,3,1.766185930808401,1.7591825604016336,1.77018920791262
short-h3-c64,listener-nodelay,srv ctxsw/stream,3,22.553794447277912,22.393808049535604,22.797485695865905
short-h3-c64,listener-nodelay,srv peak RSS MiB,3,16.54296875,16.41015625,16.80859375
short-h3-c64,listener-nodelay,errors,3,0,0,0
short-h3-c64,listener-nodelay,timeouts,3,0,0,0
short-h3-c64,listener-nodelay,client CPU %,3,5.4955785332911455,5.103029570465796,5.538091942833974
short-h3-c64,inline-streaming-nodelay,streams/s,3,7659.029285109498,7413.7528391699325,7756.802113065867
short-h3-c64,inline-streaming-nodelay,GiB/s,3,0.4674221842877602,0.452451268678624,0.47340108083917726
short-h3-c64,inline-streaming-nodelay,TTFB p50 ms,3,7.789,7.6,8.041
short-h3-c64,inline-streaming-nodelay,TTFB p99 ms,3,8.441,8.311,8.71
short-h3-c64,inline-streaming-nodelay,TTFB p99.9 ms,3,8.616,8.512,8.925
short-h3-c64,inline-streaming-nodelay,TTLB p50 ms,3,8.348,8.237,8.622
short-h3-c64,inline-streaming-nodelay,TTLB p99 ms,3,9.515,9.484,9.8
short-h3-c64,inline-streaming-nodelay,TTLB p99.9 ms,3,10.177,10.1,10.445
short-h3-c64,inline-streaming-nodelay,srv CPU us/stream,3,231.12178943107477,229.88653945332646,236.34156212059895
short-h3-c64,inline-streaming-nodelay,srv cores busy,3,1.7701685536795126,1.7521779271854472,1.7831843949969624
short-h3-c64,inline-streaming-nodelay,srv ctxsw/stream,3,22.472872569630336,22.41754770500258,22.757871307163093
short-h3-c64,inline-streaming-nodelay,srv peak RSS MiB,3,16.8359375,16.4609375,16.96484375
short-h3-c64,inline-streaming-nodelay,errors,3,0,0,0
short-h3-c64,inline-streaming-nodelay,timeouts,3,0,0,0
short-h3-c64,inline-streaming-nodelay,client CPU %,3,5.333007803670057,5.2280308871928804,5.545573454996163
short-h3-c1000,main,streams/s,3,91133.25061885166,90777.07585581353,91558.78150745833
short-h3-c1000,main,GiB/s,3,5.5610654493934915,5.540069246572403,5.5877305591269915
short-h3-c1000,main,TTFB p50 ms,3,1.001,0.998,1.005
short-h3-c1000,main,TTFB p99 ms,3,4.085,4.024,4.175
short-h3-c1000,main,TTFB p99.9 ms,3,6.23,6.156,6.39
short-h3-c1000,main,TTLB p50 ms,3,11.244,11.197,11.297
short-h3-c1000,main,TTLB p99 ms,3,15.456,15.362,15.531
short-h3-c1000,main,TTLB p99.9 ms,3,17.29,17.046,17.577
short-h3-c1000,main,srv CPU us/stream,3,138.18799071974414,138.10896616357763,139.09132874359491
short-h3-c1000,main,srv cores busy,3,12.626304100243212,12.586319026095824,12.652324049263735
short-h3-c1000,main,srv ctxsw/stream,3,2.961840882229321,2.956113215626133,3.015187120528558
short-h3-c1000,main,srv peak RSS MiB,3,92.8359375,91.546875,95.5078125
short-h3-c1000,main,errors,3,0,0,0
short-h3-c1000,main,timeouts,3,0,0,0
short-h3-c1000,main,client CPU %,3,56.49342042007055,55.773260507747594,56.56591954994521
short-h3-c1000,listener-nodelay,streams/s,3,91088.59050175385,90866.7532522396,92350.60502626142
short-h3-c1000,listener-nodelay,GiB/s,3,5.558862842594714,5.545510574336298,5.636249511602226
short-h3-c1000,listener-nodelay,TTFB p50 ms,3,1.0,0.987,1.002
short-h3-c1000,listener-nodelay,TTFB p99 ms,3,4.143,3.917,4.246
short-h3-c1000,listener-nodelay,TTFB p99.9 ms,3,6.186,6.03,6.451
short-h3-c1000,listener-nodelay,TTLB p50 ms,3,11.256,11.11,11.26
short-h3-c1000,listener-nodelay,TTLB p99 ms,3,15.425,15.049,15.516
short-h3-c1000,listener-nodelay,TTLB p99.9 ms,3,17.278,16.772,18.002
short-h3-c1000,listener-nodelay,srv CPU us/stream,3,138.7580506678788,137.98854246759294,139.47237793140187
short-h3-c1000,listener-nodelay,srv cores busy,3,12.673402150995802,12.639275256108023,12.743325383574176
short-h3-c1000,listener-nodelay,srv ctxsw/stream,3,2.9711579904917644,2.943537177451762,3.0132527375526514
short-h3-c1000,listener-nodelay,srv peak RSS MiB,3,95.71875,94.72265625,96.44140625
short-h3-c1000,listener-nodelay,errors,3,0,0,0
short-h3-c1000,listener-nodelay,timeouts,3,0,0,0
short-h3-c1000,listener-nodelay,client CPU %,3,55.991194714607,55.89813991549436,56.61088787766568
short-h3-c1000,inline-streaming-nodelay,streams/s,3,90808.57003368928,90524.78408247381,91339.48376039606
short-h3-c1000,inline-streaming-nodelay,GiB/s,3,5.541727140495073,5.524303294431417,5.574084845593887
short-h3-c1000,inline-streaming-nodelay,TTFB p50 ms,3,1.007,1.006,1.008
short-h3-c1000,inline-streaming-nodelay,TTFB p99 ms,3,4.186,4.183,4.383
short-h3-c1000,inline-streaming-nodelay,TTFB p99.9 ms,3,6.248,6.114,6.674
short-h3-c1000,inline-streaming-nodelay,TTLB p50 ms,3,11.293,11.225,11.309
short-h3-c1000,inline-streaming-nodelay,TTLB p99 ms,3,15.64,15.483,15.88
short-h3-c1000,inline-streaming-nodelay,TTLB p99.9 ms,3,17.783,17.41,18.786
short-h3-c1000,inline-streaming-nodelay,srv CPU us/stream,3,138.72399475765152,138.10267314569268,138.99307630864615
short-h3-c1000,inline-streaming-nodelay,srv cores busy,3,12.597327593303342,12.582318221799,12.614226871058282
short-h3-c1000,inline-streaming-nodelay,srv ctxsw/stream,3,2.9823936336780883,2.9682309276533885,2.983291222588888
short-h3-c1000,inline-streaming-nodelay,srv peak RSS MiB,3,95.12109375,94.125,96.36328125
short-h3-c1000,inline-streaming-nodelay,errors,3,0,0,0
short-h3-c1000,inline-streaming-nodelay,timeouts,3,0,0,0
short-h3-c1000,inline-streaming-nodelay,client CPU %,3,55.89835634781818,55.578357230775644,56.04795127418407
long256k-h1-c64,main,streams/s,3,4513.168555805513,4473.853303343484,4544.571613373635
long256k-h1-c64,main,GiB/s,3,35.25174401541722,34.94882163569049,35.504500870159475
long256k-h1-c64,main,TTFB p50 ms,3,1.062,0.898,1.251
long256k-h1-c64,main,TTFB p99 ms,3,3.38,3.298,3.466
long256k-h1-c64,main,TTFB p99.9 ms,3,4.284,4.088,4.464
long256k-h1-c64,main,TTLB p50 ms,3,5.817,5.74,6.093
long256k-h1-c64,main,TTLB p99 ms,3,54.342,54.144,54.47
long256k-h1-c64,main,TTLB p99.9 ms,3,61.352,61.011,62.841
long256k-h1-c64,main,srv CPU us/stream,3,5028.0319985817805,4985.145573380867,5077.569633835561
long256k-h1-c64,main,srv cores busy,3,22.692355913583242,22.655351061321923,22.71630167929179
long256k-h1-c64,main,srv ctxsw/stream,3,1.100195858365793,1.078754414986364,1.137168435748
long256k-h1-c64,main,srv peak RSS MiB,3,318.984375,311.6875,326.7265625
long256k-h1-c64,main,errors,3,0,0,0
long256k-h1-c64,main,timeouts,3,0,0,0
long256k-h1-c64,main,client CPU %,3,45.60473466987201,45.24708456129958,45.87726091733943
long256k-h1-c64,listener-nodelay,streams/s,3,4727.890373480014,4627.2863782357745,4800.396921728067
long256k-h1-c64,listener-nodelay,GiB/s,3,36.930706492626584,36.14846436854695,37.49756833904596
long256k-h1-c64,listener-nodelay,TTFB p50 ms,3,1.559,1.463,1.624
long256k-h1-c64,listener-nodelay,TTFB p99 ms,3,3.572,3.442,3.588
long256k-h1-c64,listener-nodelay,TTFB p99.9 ms,3,4.569,4.35,4.611
long256k-h1-c64,listener-nodelay,TTLB p50 ms,3,10.72,10.601,10.908
long256k-h1-c64,listener-nodelay,TTLB p99 ms,3,44.842,43.88,47.318
long256k-h1-c64,listener-nodelay,TTLB p99.9 ms,3,65.691,61.212,67.367
long256k-h1-c64,listener-nodelay,srv CPU us/stream,3,4881.753183568135,4825.100522927561,4966.4995245093805
long256k-h1-c64,listener-nodelay,srv cores busy,3,23.080393882297198,22.981415597276705,23.16239769728995
long256k-h1-c64,listener-nodelay,srv ctxsw/stream,3,0.5203706054067775,0.4740515427404738,0.5975836431226765
long256k-h1-c64,listener-nodelay,srv peak RSS MiB,3,739.3203125,653.4375,806.328125
long256k-h1-c64,listener-nodelay,errors,3,0,0,0
long256k-h1-c64,listener-nodelay,timeouts,3,0,0,0
long256k-h1-c64,listener-nodelay,client CPU %,3,46.32230451699889,45.44477674138359,47.13987976950612
long256k-h1-c64,inline-streaming-nodelay,streams/s,3,5680.5732692529,5660.795095046924,5707.076769733919
long256k-h1-c64,inline-streaming-nodelay,GiB/s,3,44.37344705970971,44.21979905127072,44.57940068131308
long256k-h1-c64,inline-streaming-nodelay,TTFB p50 ms,3,0.709,0.709,0.714
long256k-h1-c64,inline-streaming-nodelay,TTFB p99 ms,3,2.629,2.607,2.635
long256k-h1-c64,inline-streaming-nodelay,TTFB p99.9 ms,3,3.381,3.345,3.507
long256k-h1-c64,inline-streaming-nodelay,TTLB p50 ms,3,8.923,8.874,8.99
long256k-h1-c64,inline-streaming-nodelay,TTLB p99 ms,3,38.605,38.383,38.813
long256k-h1-c64,inline-streaming-nodelay,TTLB p99.9 ms,3,53.017,52.878,53.947
long256k-h1-c64,inline-streaming-nodelay,srv CPU us/stream,3,4205.633802816901,4184.701656006308,4215.928765767994
long256k-h1-c64,inline-streaming-nodelay,srv cores busy,3,23.882413609260666,23.86550887832669,23.89041096054811
long256k-h1-c64,inline-streaming-nodelay,srv ctxsw/stream,3,0.2376588101288005,0.22973591549295774,0.27412458923712946
long256k-h1-c64,inline-streaming-nodelay,srv peak RSS MiB,3,156.6171875,137.2578125,168.48828125
long256k-h1-c64,inline-streaming-nodelay,errors,3,0,0,0
long256k-h1-c64,inline-streaming-nodelay,timeouts,3,0,0,0
long256k-h1-c64,inline-streaming-nodelay,client CPU %,3,54.75552579077399,54.315709977032334,54.76553472542353
long256k-h1-c1000,main,streams/s,3,5488.779514672084,5462.190371560586,5504.077738822301
long256k-h1-c1000,main,GiB/s,3,42.86871000875773,42.73363313604496,42.98617948610544
long256k-h1-c1000,main,TTFB p50 ms,3,56.011,55.4,56.686
long256k-h1-c1000,main,TTFB p99 ms,3,164.792,160.396,167.102
long256k-h1-c1000,main,TTFB p99.9 ms,3,211.05,194.62,223.022
long256k-h1-c1000,main,TTLB p50 ms,3,179.885,178.696,180.201
long256k-h1-c1000,main,TTLB p99 ms,3,333.995,333.506,337.138
long256k-h1-c1000,main,TTLB p99.9 ms,3,407.96,396.801,414.437
long256k-h1-c1000,main,srv CPU us/stream,3,4365.001275463722,4352.866357772326,4386.0773399736345
long256k-h1-c1000,main,srv cores busy,3,23.958514819883177,23.957589415324055,23.958529582282797
long256k-h1-c1000,main,srv ctxsw/stream,3,0.04632342170792442,0.04475055573776466,0.04735168529117834
long256k-h1-c1000,main,srv peak RSS MiB,3,5874.73828125,5832.5859375,6099.51171875
long256k-h1-c1000,main,errors,3,0,0,0
long256k-h1-c1000,main,timeouts,3,0,0,0
long256k-h1-c1000,main,client CPU %,3,55.753352184064006,55.7135217012801,55.85089683263411
long256k-h1-c1000,listener-nodelay,streams/s,3,5337.6710277829225,5335.1752369935,5344.963243674677
long256k-h1-c1000,listener-nodelay,GiB/s,3,41.691752690189276,41.67244429495333,41.74883835089335
long256k-h1-c1000,listener-nodelay,TTFB p50 ms,3,56.954,56.947,57.424
long256k-h1-c1000,listener-nodelay,TTFB p99 ms,3,167.124,164.106,178.145
long256k-h1-c1000,listener-nodelay,TTFB p99.9 ms,3,210.105,204.684,224.919
long256k-h1-c1000,listener-nodelay,TTLB p50 ms,3,185.795,184.858,185.968
long256k-h1-c1000,listener-nodelay,TTLB p99 ms,3,342.222,338.762,344.037
long256k-h1-c1000,listener-nodelay,TTLB p99.9 ms,3,403.519,396.233,409.309
long256k-h1-c1000,listener-nodelay,srv CPU us/stream,3,4488.205205073917,4483.197365466656,4489.746185280996
long256k-h1-c1000,listener-nodelay,srv cores busy,3,23.956562889867552,23.953582668097198,23.96252513255843
long256k-h1-c1000,listener-nodelay,srv ctxsw/stream,3,0.046766970826853535,0.043503480278422275,0.04736999962508904
long256k-h1-c1000,listener-nodelay,srv peak RSS MiB,3,5788.5703125,5681.24609375,6040.8359375
long256k-h1-c1000,listener-nodelay,errors,3,0,0,0
long256k-h1-c1000,listener-nodelay,timeouts,3,0,0,0
long256k-h1-c1000,listener-nodelay,client CPU %,3,52.53812056491471,52.49566006631966,52.68305165569059
long256k-h1-c1000,inline-streaming-nodelay,streams/s,3,5812.5970891545685,5806.211917835263,5836.003333611433
long256k-h1-c1000,inline-streaming-nodelay,GiB/s,3,45.438008632999974,45.339100354771844,45.49398317147897
long256k-h1-c1000,inline-streaming-nodelay,TTFB p50 ms,3,58.833,58.154,59.652
long256k-h1-c1000,inline-streaming-nodelay,TTFB p99 ms,3,175.065,172.909,177.084
long256k-h1-c1000,inline-streaming-nodelay,TTFB p99.9 ms,3,221.485,218.43,230.49
long256k-h1-c1000,inline-streaming-nodelay,TTLB p50 ms,3,168.806,168.122,168.837
long256k-h1-c1000,inline-streaming-nodelay,TTLB p99 ms,3,323.439,319.085,324.44
long256k-h1-c1000,inline-streaming-nodelay,TTLB p99.9 ms,3,380.128,379.185,386.25
long256k-h1-c1000,inline-streaming-nodelay,srv CPU us/stream,3,4125.602202339986,4109.22987284505,4130.322447292269
long256k-h1-c1000,inline-streaming-nodelay,srv cores busy,3,23.98147923649939,23.980463352331082,23.981527417970888
long256k-h1-c1000,inline-streaming-nodelay,srv ctxsw/stream,3,0.05879631216369058,0.056910569105691054,0.05982450103234687
long256k-h1-c1000,inline-streaming-nodelay,srv peak RSS MiB,3,1003.2734375,1002.453125,1040.5546875
long256k-h1-c1000,inline-streaming-nodelay,errors,3,0,0,0
long256k-h1-c1000,inline-streaming-nodelay,timeouts,3,0,0,0
long256k-h1-c1000,inline-streaming-nodelay,client CPU %,3,56.21581166369034,56.06575925980818,56.313434884165126
long256k-h1-c5000,main,streams/s,3,5477.062221532453,5465.372865080674,5518.508821759849
long256k-h1-c5000,main,GiB/s,3,42.80241607976657,42.79884228443342,42.93464729991798
long256k-h1-c5000,main,TTFB p50 ms,3,327.028,314.336,327.683
long256k-h1-c5000,main,TTFB p99 ms,3,849.536,808.638,849.683
long256k-h1-c5000,main,TTFB p99.9 ms,3,946.209,908.056,951.645
long256k-h1-c5000,main,TTLB p50 ms,3,904.012,903.066,904.281
long256k-h1-c5000,main,TTLB p99 ms,3,1691.484,1616.461,1702.044
long256k-h1-c5000,main,TTLB p99.9 ms,3,1872.689,1809.535,1914.937
long256k-h1-c5000,main,srv CPU us/stream,3,4375.787455491646,4345.856213414524,4385.521885521885
long256k-h1-c5000,main,srv cores busy,3,23.968512312348746,23.966460161928914,23.9826458518279
long256k-h1-c5000,main,srv ctxsw/stream,3,0.08688030676526978,0.05734065495931423,0.0895549699897526
long256k-h1-c5000,main,srv peak RSS MiB,3,19302.62109375,19036.73828125,19554.73828125
long256k-h1-c5000,main,errors,3,0,0,0
long256k-h1-c5000,main,timeouts,3,0,0,0
long256k-h1-c5000,main,client CPU %,3,55.46819382118938,55.45581272301335,55.58363218640389
long256k-h1-c5000,listener-nodelay,streams/s,3,5349.764080729601,5343.450109257438,5361.281455635758
long256k-h1-c5000,listener-nodelay,GiB/s,3,41.72885203656883,41.708527703577154,41.79544033291713
long256k-h1-c5000,listener-nodelay,TTFB p50 ms,3,336.666,332.657,354.367
long256k-h1-c5000,listener-nodelay,TTFB p99 ms,3,850.34,840.2,861.643
long256k-h1-c5000,listener-nodelay,TTFB p99.9 ms,3,957.541,932.205,960.55
long256k-h1-c5000,listener-nodelay,TTLB p50 ms,3,931.127,928.169,935.606
long256k-h1-c5000,listener-nodelay,TTLB p99 ms,3,1695.328,1673.907,1714.28
long256k-h1-c5000,listener-nodelay,TTLB p99.9 ms,3,1900.388,1897.426,1903.799
long256k-h1-c5000,listener-nodelay,srv CPU us/stream,3,4482.539445150676,4470.498255824799,4485.7661569559605
long256k-h1-c5000,listener-nodelay,srv cores busy,3,23.96946766148964,23.967599396405497,23.980528514120685
long256k-h1-c5000,listener-nodelay,srv ctxsw/stream,3,0.0713190757496448,0.07096088197436902,0.07364914185180332
long256k-h1-c5000,listener-nodelay,srv peak RSS MiB,3,19577.140625,19341.66796875,19612.46875
long256k-h1-c5000,listener-nodelay,errors,3,0,0,0
long256k-h1-c5000,listener-nodelay,timeouts,3,0,0,0
long256k-h1-c5000,listener-nodelay,client CPU %,3,52.99558787068376,52.95795203175325,53.14076336023392
long256k-h1-c5000,inline-streaming-nodelay,streams/s,3,5806.117598470784,5784.87891828682,5851.391775826135
long256k-h1-c5000,inline-streaming-nodelay,GiB/s,3,45.37381158207644,45.304036279460355,45.554575182829524
long256k-h1-c5000,inline-streaming-nodelay,TTFB p50 ms,3,323.707,319.456,328.054
long256k-h1-c5000,inline-streaming-nodelay,TTFB p99 ms,3,866.243,848.185,876.754
long256k-h1-c5000,inline-streaming-nodelay,TTFB p99.9 ms,3,1019.063,993.244,1043.797
long256k-h1-c5000,inline-streaming-nodelay,TTLB p50 ms,3,856.188,855.918,856.796
long256k-h1-c5000,inline-streaming-nodelay,TTLB p99 ms,3,1605.728,1598.929,1624.828
long256k-h1-c5000,inline-streaming-nodelay,TTLB p99.9 ms,3,1797.293,1792.703,1843.392
long256k-h1-c5000,inline-streaming-nodelay,srv CPU us/stream,3,4132.288347256912,4100.293976892049,4147.606451947513
long256k-h1-c5000,inline-streaming-nodelay,srv cores busy,3,23.992552094964108,23.992426454855572,23.993401125221567
long256k-h1-c5000,inline-streaming-nodelay,srv ctxsw/stream,3,0.058036408899953325,0.05655636835988241,0.0604771337524761
long256k-h1-c5000,inline-streaming-nodelay,srv peak RSS MiB,3,3822.578125,3806.8359375,3889.30078125
long256k-h1-c5000,inline-streaming-nodelay,errors,3,0,0,0
long256k-h1-c5000,inline-streaming-nodelay,timeouts,3,0,0,0
long256k-h1-c5000,inline-streaming-nodelay,client CPU %,3,56.22562674586121,56.14097173200542,56.420706062971114
long256k-h2-c64,main,streams/s,3,170.71772857517465,168.81580360704677,173.01760362417548
long256k-h2-c64,main,GiB/s,3,1.3292167093239908,1.3272300065920155,1.3504685155701357
long256k-h2-c64,main,TTFB p50 ms,3,18.453,18.0,18.461
long256k-h2-c64,main,TTFB p99 ms,3,27.1,26.901,27.915
long256k-h2-c64,main,TTFB p99.9 ms,3,29.329,29.021,29.841
long256k-h2-c64,main,TTLB p50 ms,3,375.554,369.822,376.551
long256k-h2-c64,main,TTLB p99 ms,3,410.455,404.722,412.204
long256k-h2-c64,main,TTLB p99.9 ms,3,420.46,412.534,424.71
long256k-h2-c64,main,srv CPU us/stream,3,5559.461042765085,5543.35260115607,5740.521327014218
long256k-h2-c64,main,srv cores busy,3,0.9590975830958629,0.9490985613230273,0.9690907209432957
long256k-h2-c64,main,srv ctxsw/stream,3,41.03672985781991,40.60578034682081,44.6414762741652
long256k-h2-c64,main,srv peak RSS MiB,3,663.36328125,614.81640625,672.9765625
long256k-h2-c64,main,errors,3,0,0,0
long256k-h2-c64,main,timeouts,3,0,0,0
long256k-h2-c64,main,client CPU %,3,4.3579079633750375,4.327949445864489,4.382945941519937
long256k-h2-c64,listener-nodelay,streams/s,3,168.41722749925123,165.31719778276815,168.61734468826748
long256k-h2-c64,listener-nodelay,GiB/s,3,1.3203384484585574,1.2793719889781394,1.3271058262671482
long256k-h2-c64,listener-nodelay,TTFB p50 ms,3,18.556,18.495,19.205
long256k-h2-c64,listener-nodelay,TTFB p99 ms,3,29.892,29.4,30.293
long256k-h2-c64,listener-nodelay,TTFB p99.9 ms,3,31.542,31.26,31.553
long256k-h2-c64,listener-nodelay,TTLB p50 ms,3,378.238,376.371,391.005
long256k-h2-c64,listener-nodelay,TTLB p99 ms,3,411.782,411.52,425.678
long256k-h2-c64,listener-nodelay,TTLB p99.9 ms,3,422.375,419.351,437.918
long256k-h2-c64,listener-nodelay,srv CPU us/stream,3,6880.189798339265,6878.402903811252,6995.249406175772
long256k-h2-c64,listener-nodelay,srv cores busy,3,1.1601193347472731,1.1371182932789314,1.178120510653907
long256k-h2-c64,listener-nodelay,srv ctxsw/stream,3,44.56987295825771,39.51423487544484,44.76543942992874
long256k-h2-c64,listener-nodelay,srv peak RSS MiB,3,631.734375,607.859375,677.49609375
long256k-h2-c64,listener-nodelay,errors,3,0,0,0
long256k-h2-c64,listener-nodelay,timeouts,3,0,0,0
long256k-h2-c64,listener-nodelay,client CPU %,3,4.400452649041382,4.382955954524994,4.447954983984085
long256k-h2-c64,inline-streaming-nodelay,streams/s,3,166.41709978968785,165.71736704749267,168.11750291496946
long256k-h2-c64,inline-streaming-nodelay,GiB/s,3,1.3095903909755522,1.2973405365899349,1.3213655960221937
long256k-h2-c64,inline-streaming-nodelay,TTFB p50 ms,3,18.823,18.677,19.043
long256k-h2-c64,inline-streaming-nodelay,TTFB p99 ms,3,28.459,28.407,28.666
long256k-h2-c64,inline-streaming-nodelay,TTFB p99.9 ms,3,29.673,29.614,29.769
long256k-h2-c64,inline-streaming-nodelay,TTLB p50 ms,3,381.954,378.435,385.111
long256k-h2-c64,inline-streaming-nodelay,TTLB p99 ms,3,421.628,417.61,423.616
long256k-h2-c64,inline-streaming-nodelay,TTLB p99.9 ms,3,432.949,429.578,433.657
long256k-h2-c64,inline-streaming-nodelay,srv CPU us/stream,3,6525.87745389649,6514.423076923077,6554.013277006638
long256k-h2-c64,inline-streaming-nodelay,srv cores busy,3,1.0861138238598493,1.084111395264553,1.0971142218781769
long256k-h2-c64,inline-streaming-nodelay,srv ctxsw/stream,3,25.504461629982153,24.465298732649366,25.74278846153846
long256k-h2-c64,inline-streaming-nodelay,srv peak RSS MiB,3,108.77734375,108.66015625,109.828125
long256k-h2-c64,inline-streaming-nodelay,errors,3,0,0,0
long256k-h2-c64,inline-streaming-nodelay,timeouts,3,0,0,0
long256k-h2-c64,inline-streaming-nodelay,client CPU %,3,4.4704593513215425,4.432964571140683,4.4904675079608145
long256k-h2-c1000,main,streams/s,3,3437.371456109033,3420.0671476283646,3442.2764084503046
long256k-h2-c1000,main,GiB/s,3,26.831271443079785,26.62633242443554,26.856021494340503
long256k-h2-c1000,main,TTFB p50 ms,3,12.896,12.877,13.126
long256k-h2-c1000,main,TTFB p99 ms,3,21.214,21.056,21.32
long256k-h2-c1000,main,TTFB p99.9 ms,3,23.449,23.33,23.612
long256k-h2-c1000,main,TTLB p50 ms,3,297.001,296.663,299.162
long256k-h2-c1000,main,TTLB p99 ms,3,323.543,322.662,324.996
long256k-h2-c1000,main,TTLB p99.9 ms,3,332.866,332.766,334.38
long256k-h2-c1000,main,srv CPU us/stream,3,5086.121617689846,5073.360643830442,5111.559493522824
long256k-h2-c1000,main,srv cores busy,3,17.481876696945292,17.463909655817783,17.482889270946174
long256k-h2-c1000,main,srv ctxsw/stream,3,32.266339152557244,31.80089485458613,32.6549607215595
long256k-h2-c1000,main,srv peak RSS MiB,3,7649.17578125,7494.23046875,7787.953125
long256k-h2-c1000,main,errors,3,0,0,0
long256k-h2-c1000,main,timeouts,3,0,0,0
long256k-h2-c1000,main,client CPU %,3,49.262788409598556,49.23032002530322,49.63542756947867
long256k-h2-c1000,listener-nodelay,streams/s,3,3127.115467160866,3120.3085089586816,3145.225323865194
long256k-h2-c1000,listener-nodelay,GiB/s,3,24.3510699208362,24.32316823701118,24.432296670609272
long256k-h2-c1000,listener-nodelay,TTFB p50 ms,3,12.239,12.178,12.242
long256k-h2-c1000,listener-nodelay,TTFB p99 ms,3,15.688,15.648,15.875
long256k-h2-c1000,listener-nodelay,TTFB p99.9 ms,3,25.358,25.301,30.076
long256k-h2-c1000,listener-nodelay,TTLB p50 ms,3,325.659,324.097,325.86
long256k-h2-c1000,listener-nodelay,TTLB p99 ms,3,354.031,352.587,355.256
long256k-h2-c1000,listener-nodelay,TTLB p99.9 ms,3,368.788,365.51,373.006
long256k-h2-c1000,listener-nodelay,srv CPU us/stream,3,5617.564282973008,5578.237781805463,5642.628205128205
long256k-h2-c1000,listener-nodelay,srv cores busy,3,17.566772157055333,17.544814733876148,17.606740801351794
long256k-h2-c1000,listener-nodelay,srv ctxsw/stream,3,34.27544871794872,34.072720913224586,34.56172444671869
long256k-h2-c1000,listener-nodelay,srv peak RSS MiB,3,8951.0546875,8858.65625,9074.43359375
long256k-h2-c1000,listener-nodelay,errors,3,0,0,0
long256k-h2-c1000,listener-nodelay,timeouts,3,0,0,0
long256k-h2-c1000,listener-nodelay,client CPU %,3,46.51959945327342,46.39468035102743,46.61232130816466
long256k-h2-c1000,inline-streaming-nodelay,streams/s,3,3100.0221403507257,3088.172529860863,3100.1287429221184
long256k-h2-c1000,inline-streaming-nodelay,GiB/s,3,24.187639273287747,24.136826436828702,24.345771240119287
long256k-h2-c1000,inline-streaming-nodelay,TTFB p50 ms,3,11.485,11.479,11.537
long256k-h2-c1000,inline-streaming-nodelay,TTFB p99 ms,3,14.971,14.932,15.248
long256k-h2-c1000,inline-streaming-nodelay,TTFB p99.9 ms,3,25.087,20.421,25.226
long256k-h2-c1000,inline-streaming-nodelay,TTLB p50 ms,3,327.643,326.399,329.126
long256k-h2-c1000,inline-streaming-nodelay,TTLB p99 ms,3,353.308,351.447,360.458
long256k-h2-c1000,inline-streaming-nodelay,TTLB p99.9 ms,3,364.583,361.952,373.271
long256k-h2-c1000,inline-streaming-nodelay,srv CPU us/stream,3,5691.012323375701,5690.550698454689,5703.643724696356
long256k-h2-c1000,inline-streaming-nodelay,srv cores busy,3,17.64083315599782,17.61383587072058,17.642870880020997
long256k-h2-c1000,inline-streaming-nodelay,srv ctxsw/stream,3,29.043486676559777,28.794493927125504,29.070845565699905
long256k-h2-c1000,inline-streaming-nodelay,srv peak RSS MiB,3,1896.04296875,1885.12890625,1900.92578125
long256k-h2-c1000,inline-streaming-nodelay,errors,3,0,0,0
long256k-h2-c1000,inline-streaming-nodelay,timeouts,3,0,0,0
long256k-h2-c1000,inline-streaming-nodelay,client CPU %,3,46.497626067014366,46.399920326431285,46.537335950533965
long256k-h2-c5000,main,streams/s,3,4839.21996983046,4836.6416342153925,4843.63859614352
long256k-h2-c5000,main,GiB/s,3,38.592209557012616,38.520028156988616,38.633365459561894
long256k-h2-c5000,main,TTFB p50 ms,3,34.835,34.653,35.21
long256k-h2-c5000,main,TTFB p99 ms,3,67.115,66.366,68.076
long256k-h2-c5000,main,TTFB p99.9 ms,3,79.869,78.795,80.983
long256k-h2-c5000,main,TTLB p50 ms,3,1022.623,1021.32,1025.569
long256k-h2-c5000,main,TTLB p99 ms,3,1160.889,1153.767,1162.028
long256k-h2-c5000,main,TTLB p99.9 ms,3,1209.428,1205.577,1224.448
long256k-h2-c5000,main,srv CPU us/stream,3,4944.92322317978,4942.9084677169585,4949.029176402473
long256k-h2-c5000,main,srv cores busy,3,23.936680563534917,23.92957121089,23.94166223143848
long256k-h2-c5000,main,srv ctxsw/stream,3,0.9378758757517515,0.9175734550184799,0.9468993610553958
long256k-h2-c5000,main,srv peak RSS MiB,3,38862.375,38817.94140625,39193.2421875
long256k-h2-c5000,main,errors,3,0,0,0
long256k-h2-c5000,main,timeouts,3,0,0,0
long256k-h2-c5000,main,client CPU %,3,70.57040286890752,69.83500370829697,70.62535329916068
long256k-h2-c5000,listener-nodelay,streams/s,3,4335.870490943604,4320.259807411433,4338.064860089504
long256k-h2-c5000,listener-nodelay,GiB/s,3,33.60612721727473,33.55378409923336,33.612579539907095
long256k-h2-c5000,listener-nodelay,TTFB p50 ms,3,37.868,37.837,38.09
long256k-h2-c5000,listener-nodelay,TTFB p99 ms,3,90.828,88.162,91.543
long256k-h2-c5000,listener-nodelay,TTFB p99.9 ms,3,113.047,106.002,114.085
long256k-h2-c5000,listener-nodelay,TTLB p50 ms,3,1170.749,1168.221,1171.415
long256k-h2-c5000,listener-nodelay,TTLB p99 ms,3,1421.532,1405.212,1423.476
long256k-h2-c5000,listener-nodelay,TTLB p99.9 ms,3,1506.454,1498.295,1510.389
long256k-h2-c5000,listener-nodelay,srv CPU us/stream,3,5525.441712414079,5524.483585392844,5546.090096763739
long256k-h2-c5000,listener-nodelay,srv cores busy,3,23.960550133330965,23.957599670285102,23.965568111933965
long256k-h2-c5000,listener-nodelay,srv ctxsw/stream,3,0.6604573957949096,0.6502744844766343,0.6889207833696005
long256k-h2-c5000,listener-nodelay,srv peak RSS MiB,3,39192.65625,39172.81640625,39639.01953125
long256k-h2-c5000,listener-nodelay,errors,3,0,0,0
long256k-h2-c5000,listener-nodelay,timeouts,3,0,0,0
long256k-h2-c5000,listener-nodelay,client CPU %,3,64.11445714309339,64.02436074805878,65.04942324264043
long256k-h2-c5000,inline-streaming-nodelay,streams/s,3,4190.653104728447,4148.249259128188,4202.265301708703
long256k-h2-c5000,inline-streaming-nodelay,GiB/s,3,33.51404970865626,33.41875109325598,33.542270110236785
long256k-h2-c5000,inline-streaming-nodelay,TTFB p50 ms,3,37.253,36.545,37.308
long256k-h2-c5000,inline-streaming-nodelay,TTFB p99 ms,3,87.485,86.618,87.657
long256k-h2-c5000,inline-streaming-nodelay,TTFB p99.9 ms,3,106.945,105.206,107.037
long256k-h2-c5000,inline-streaming-nodelay,TTLB p50 ms,3,1174.727,1174.44,1180.497
long256k-h2-c5000,inline-streaming-nodelay,TTLB p99 ms,3,1400.352,1396.543,1415.579
long256k-h2-c5000,inline-streaming-nodelay,TTLB p99.9 ms,3,1470.726,1469.428,1487.831
long256k-h2-c5000,inline-streaming-nodelay,srv CPU us/stream,3,5722.161233354016,5706.839925746109,5780.654804956845
long256k-h2-c5000,inline-streaming-nodelay,srv cores busy,3,23.979597011938033,23.97959273831177,23.981655402368744
long256k-h2-c5000,inline-streaming-nodelay,srv ctxsw/stream,3,0.2705837430194263,0.25567613879765816,0.2792564733111529
long256k-h2-c5000,inline-streaming-nodelay,srv peak RSS MiB,3,6293.359375,6292.08203125,6296.92578125
long256k-h2-c5000,inline-streaming-nodelay,errors,3,0,0,0
long256k-h2-c5000,inline-streaming-nodelay,timeouts,3,0,0,0
long256k-h2-c5000,inline-streaming-nodelay,client CPU %,3,64.13460139352773,64.0769281704815,64.1569482552373
long256k-h3-c64,main,streams/s,3,62.9065652185164,60.40705852854482,63.3069016044605
long256k-h3-c64,main,GiB/s,3,0.483645102919838,0.4662341311317622,0.48509837468613864
long256k-h3-c64,main,TTFB p50 ms,3,6.925,6.91,7.16
long256k-h3-c64,main,TTFB p99 ms,3,25.459,25.131,28.642
long256k-h3-c64,main,TTFB p99.9 ms,3,39.656,35.077,47.105
long256k-h3-c64,main,TTLB p50 ms,3,1027.583,1026.655,1070.367
long256k-h3-c64,main,TTLB p99 ms,3,1220.106,1193.471,1260.857
long256k-h3-c64,main,TTLB p99.9 ms,3,1305.185,1273.104,1344.629
long256k-h3-c64,main,srv CPU us/stream,3,36018.95734597156,35357.710651828296,36523.17880794702
long256k-h3-c64,main,srv cores busy,3,2.224232131096669,2.2062577999001634,2.2802485885966814
long256k-h3-c64,main,srv ctxsw/stream,3,2518.4917218543046,2495.315955766193,2577.7567567567567
long256k-h3-c64,main,srv peak RSS MiB,3,64.9296875,64.078125,66.2421875
long256k-h3-c64,main,errors,3,0,0,0
long256k-h3-c64,main,timeouts,3,0,0,0
long256k-h3-c64,main,client CPU %,3,11.213670310216457,11.003785785766794,11.343736673753446
long256k-h3-c64,listener-nodelay,streams/s,3,62.50630620497734,61.306495128887725,63.5058813622306
long256k-h3-c64,listener-nodelay,GiB/s,3,0.47535974287661,0.46965463913501027,0.4951760013696253
long256k-h3-c64,listener-nodelay,TTFB p50 ms,3,7.444,6.547,7.539
long256k-h3-c64,listener-nodelay,TTFB p99 ms,3,27.423,26.357,29.564
long256k-h3-c64,listener-nodelay,TTFB p99.9 ms,3,36.384,35.507,41.964
long256k-h3-c64,listener-nodelay,TTLB p50 ms,3,1045.126,1005.605,1056.185
long256k-h3-c64,listener-nodelay,TTLB p99 ms,3,1233.099,1190.039,1249.79
long256k-h3-c64,listener-nodelay,TTLB p99.9 ms,3,1313.443,1227.587,1324.394
long256k-h3-c64,listener-nodelay,srv CPU us/stream,3,35889.76377952756,35088.0,36003.26264274062
long256k-h3-c64,listener-nodelay,srv cores busy,3,2.2072338458312433,2.193221272120245,2.2792110807011583
long256k-h3-c64,listener-nodelay,srv ctxsw/stream,3,2496.6608,2440.652528548124,2522.407874015748
long256k-h3-c64,listener-nodelay,srv peak RSS MiB,3,63.95703125,63.73046875,69.3515625
long256k-h3-c64,listener-nodelay,errors,3,0,0,0
long256k-h3-c64,listener-nodelay,timeouts,3,0,0,0
long256k-h3-c64,listener-nodelay,client CPU %,3,11.306197837391121,11.166126540457151,12.298638992945369
long256k-h3-c64,inline-streaming-nodelay,streams/s,3,62.00581585409977,60.40645162045564,62.90676403093039
long256k-h3-c64,inline-streaming-nodelay,GiB/s,3,0.47266760773034533,0.4668540716523071,0.47357245769764
long256k-h3-c64,inline-streaming-nodelay,TTFB p50 ms,3,7.038,6.538,7.097
long256k-h3-c64,inline-streaming-nodelay,TTFB p99 ms,3,27.199,26.285,30.125
long256k-h3-c64,inline-streaming-nodelay,TTFB p99.9 ms,3,45.861,41.622,53.504
long256k-h3-c64,inline-streaming-nodelay,TTLB p50 ms,3,1053.158,1053.121,1064.205
long256k-h3-c64,inline-streaming-nodelay,TTLB p99 ms,3,1250.102,1223.622,1261.351
long256k-h3-c64,inline-streaming-nodelay,TTLB p99.9 ms,3,1343.105,1337.925,1390.996
long256k-h3-c64,inline-streaming-nodelay,srv CPU us/stream,3,35951.6129032258,35007.949125596184,37615.894039735096
long256k-h3-c64,inline-streaming-nodelay,srv cores busy,3,2.2292090893352965,2.202236794850695,2.2722426834714438
long256k-h3-c64,inline-streaming-nodelay,srv ctxsw/stream,3,2556.5579470198677,2474.2050874403817,2569.8306451612902
long256k-h3-c64,inline-streaming-nodelay,srv peak RSS MiB,3,64.22265625,63.078125,64.55078125
long256k-h3-c64,inline-streaming-nodelay,errors,3,0,0,0
long256k-h3-c64,inline-streaming-nodelay,timeouts,3,0,0,0
long256k-h3-c64,inline-streaming-nodelay,client CPU %,3,10.983530203510497,10.518623425797054,11.391224838033342
long1m-h1-c64,main,streams/s,3,1464.1516987076907,1442.9507140376552,1564.2591572686413
long1m-h1-c64,main,GiB/s,3,22.868583373772854,22.55669025445204,24.431431583612788
long1m-h1-c64,main,TTFB p50 ms,3,0.932,0.795,2.043
long1m-h1-c64,main,TTFB p99 ms,3,5.656,5.312,5.925
long1m-h1-c64,main,TTFB p99.9 ms,3,6.419,5.832,6.734
long1m-h1-c64,main,TTLB p50 ms,3,49.995,49.018,50.998
long1m-h1-c64,main,TTLB p99 ms,3,55.009,54.158,55.987
long1m-h1-c64,main,TTLB p99.9 ms,3,60.451,57.993,61.391
long1m-h1-c64,main,srv CPU us/stream,3,10206.284153005465,9437.37612684611,10718.048239534239
long1m-h1-c64,main,srv cores busy,3,14.943548280116334,14.762502027007491,15.46561536032596
long1m-h1-c64,main,srv ctxsw/stream,3,2.893374316939891,2.8701489674573235,2.90927363459939
long1m-h1-c64,main,srv peak RSS MiB,3,409.6328125,406.79296875,426.3515625
long1m-h1-c64,main,errors,3,0,0,0
long1m-h1-c64,main,timeouts,3,0,0,0
long1m-h1-c64,main,client CPU %,3,28.63046636253717,27.92041624559623,30.493102554261796
long1m-h1-c64,listener-nodelay,streams/s,3,2568.1674594887177,2501.4607697808674,2597.1712662278096
long1m-h1-c64,listener-nodelay,GiB/s,3,40.131171461881124,39.078261224658725,40.579648846090556
long1m-h1-c64,listener-nodelay,TTFB p50 ms,3,1.444,1.423,1.564
long1m-h1-c64,listener-nodelay,TTFB p99 ms,3,5.295,4.99,5.319
long1m-h1-c64,listener-nodelay,TTFB p99.9 ms,3,6.508,6.065,6.57
long1m-h1-c64,listener-nodelay,TTLB p50 ms,3,21.759,21.706,22.541
long1m-h1-c64,listener-nodelay,TTLB p99 ms,3,68.218,66.046,68.391
long1m-h1-c64,listener-nodelay,TTLB p99.9 ms,3,90.755,88.71,91.111
long1m-h1-c64,listener-nodelay,srv CPU us/stream,3,9226.605397406442,9140.898763910816,9423.076923076924
long1m-h1-c64,listener-nodelay,srv cores busy,3,23.69546774316219,23.571457253704327,23.740479617126475
long1m-h1-c64,listener-nodelay,srv ctxsw/stream,3,0.253592429611745,0.2360121683545766,0.31516871901487287
long1m-h1-c64,listener-nodelay,srv peak RSS MiB,3,1422.13671875,1263.3125,1429.5
long1m-h1-c64,listener-nodelay,errors,3,0,0,0
long1m-h1-c64,listener-nodelay,timeouts,3,0,0,0
long1m-h1-c64,listener-nodelay,client CPU %,3,49.39764447322578,48.01500542027004,49.99772210208085
long1m-h1-c64,inline-streaming-nodelay,streams/s,3,2547.7722587652297,2528.567274870945,2551.074966339709
long1m-h1-c64,inline-streaming-nodelay,GiB/s,3,39.80626037164598,39.50596571781955,39.85626507400573
long1m-h1-c64,inline-streaming-nodelay,TTFB p50 ms,3,1.022,1.012,1.025
long1m-h1-c64,inline-streaming-nodelay,TTFB p99 ms,3,2.678,2.623,2.682
long1m-h1-c64,inline-streaming-nodelay,TTFB p99.9 ms,3,3.404,3.374,3.607
long1m-h1-c64,inline-streaming-nodelay,TTLB p50 ms,3,22.477,22.436,22.808
long1m-h1-c64,inline-streaming-nodelay,TTLB p99 ms,3,63.868,63.712,64.008
long1m-h1-c64,inline-streaming-nodelay,TTLB p99.9 ms,3,85.693,82.087,86.456
long1m-h1-c64,inline-streaming-nodelay,srv CPU us/stream,3,9318.547595682041,9307.276148659244,9389.312977099236
long1m-h1-c64,inline-streaming-nodelay,srv cores busy,3,23.741537056262136,23.741509527414216,23.74355918765526
long1m-h1-c64,inline-streaming-nodelay,srv ctxsw/stream,3,0.46582924435721296,0.4580915791124353,0.4726891587232528
long1m-h1-c64,inline-streaming-nodelay,srv peak RSS MiB,3,162.53125,158.8125,163.2109375
long1m-h1-c64,inline-streaming-nodelay,errors,3,0,0,0
long1m-h1-c64,inline-streaming-nodelay,timeouts,3,0,0,0
long1m-h1-c64,inline-streaming-nodelay,client CPU %,3,48.967732765374905,48.675145065051176,49.020283626760566
long1m-h1-c1000,main,streams/s,3,2786.3921055649635,2780.4979553804005,2792.6937626190816
long1m-h1-c1000,main,GiB/s,3,43.60041188860629,43.48665028002269,43.63424060499504
long1m-h1-c1000,main,TTFB p50 ms,3,60.19,59.806,60.468
long1m-h1-c1000,main,TTFB p99 ms,3,172.361,165.565,182.228
long1m-h1-c1000,main,TTFB p99.9 ms,3,221.197,213.422,247.311
long1m-h1-c1000,main,TTLB p50 ms,3,360.638,359.831,361.598
long1m-h1-c1000,main,TTLB p99 ms,3,562.451,561.806,582.803
long1m-h1-c1000,main,TTLB p99.9 ms,3,652.626,649.303,654.544
long1m-h1-c1000,main,srv CPU us/stream,3,8601.270593302466,8581.148832545481,8617.725343500468
long1m-h1-c1000,main,srv cores busy,3,23.96452082075578,23.961567697632912,23.96651247900606
long1m-h1-c1000,main,srv ctxsw/stream,3,0.05991261996848589,0.05884468743255881,0.06022755823552636
long1m-h1-c1000,main,srv peak RSS MiB,3,11594.23046875,11404.64453125,11882.49609375
long1m-h1-c1000,main,errors,3,0,0,0
long1m-h1-c1000,main,timeouts,3,0,0,0
long1m-h1-c1000,main,client CPU %,3,55.00828630513395,54.72086383304748,55.03326929721691
long1m-h1-c1000,listener-nodelay,streams/s,3,2724.9841466318962,2721.393496845848,2730.6891242722027
long1m-h1-c1000,listener-nodelay,GiB/s,3,42.56726983652074,42.556015671094585,42.59359127018048
long1m-h1-c1000,listener-nodelay,TTFB p50 ms,3,62.304,62.088,62.83
long1m-h1-c1000,listener-nodelay,TTFB p99 ms,3,185.396,171.961,186.494
long1m-h1-c1000,listener-nodelay,TTFB p99.9 ms,3,224.612,217.324,279.036
long1m-h1-c1000,listener-nodelay,TTLB p50 ms,3,368.875,367.274,370.428
long1m-h1-c1000,listener-nodelay,TTLB p99 ms,3,575.824,574.395,581.717
long1m-h1-c1000,listener-nodelay,TTLB p99.9 ms,3,654.186,640.442,664.615
long1m-h1-c1000,listener-nodelay,srv CPU us/stream,3,8794.729695012295,8776.736009375916,8808.57006357723
long1m-h1-c1000,listener-nodelay,srv cores busy,3,23.966537567411024,23.965498992821274,23.97158528753009
long1m-h1-c1000,listener-nodelay,srv ctxsw/stream,3,0.05538224391676148,0.05152328102605564,0.056878113096982125
long1m-h1-c1000,listener-nodelay,srv peak RSS MiB,3,11853.96875,11565.28515625,11954.390625
long1m-h1-c1000,listener-nodelay,errors,3,0,0,0
long1m-h1-c1000,listener-nodelay,timeouts,3,0,0,0
long1m-h1-c1000,listener-nodelay,client CPU %,3,52.56316883263226,52.46047029455577,52.57556667996985
long1m-h1-c1000,inline-streaming-nodelay,streams/s,3,2736.4843614987767,2732.5851373345836,2741.4866871322256
long1m-h1-c1000,inline-streaming-nodelay,GiB/s,3,42.74910485148458,42.70776435052058,42.823114502306716
long1m-h1-c1000,inline-streaming-nodelay,TTFB p50 ms,3,62.252,61.946,63.564
long1m-h1-c1000,inline-streaming-nodelay,TTFB p99 ms,3,175.836,175.447,185.378
long1m-h1-c1000,inline-streaming-nodelay,TTFB p99.9 ms,3,231.145,230.675,239.023
long1m-h1-c1000,inline-streaming-nodelay,TTLB p50 ms,3,367.256,366.0,368.3
long1m-h1-c1000,inline-streaming-nodelay,TTLB p99 ms,3,596.185,593.74,599.086
long1m-h1-c1000,inline-streaming-nodelay,TTLB p99.9 ms,3,701.969,693.579,711.825
long1m-h1-c1000,inline-streaming-nodelay,srv CPU us/stream,3,8762.151889481764,8746.899168247483,8775.390696482817
long1m-h1-c1000,inline-streaming-nodelay,srv cores busy,3,23.979502191513127,23.977491618643803,23.979507623438412
long1m-h1-c1000,inline-streaming-nodelay,srv ctxsw/stream,3,0.06865606303808551,0.06745232953921604,0.06965865068342958
long1m-h1-c1000,inline-streaming-nodelay,srv peak RSS MiB,3,2260.84765625,2169.0625,2276.0
long1m-h1-c1000,inline-streaming-nodelay,errors,3,0,0,0
long1m-h1-c1000,inline-streaming-nodelay,timeouts,3,0,0,0
long1m-h1-c1000,inline-streaming-nodelay,client CPU %,3,52.84051375437278,52.79798649748708,52.95553775122259
long1m-h2-c64,main,streams/s,3,87.40692883465566,83.21365715023198,88.30901213779939
long1m-h2-c64,main,GiB/s,3,1.338163558409039,1.2833268588826034,1.348359863868132
long1m-h2-c64,main,TTFB p50 ms,3,36.57,36.186,38.006
long1m-h2-c64,main,TTFB p99 ms,3,45.804,45.575,49.23
long1m-h2-c64,main,TTFB p99.9 ms,3,53.238,51.362,54.876
long1m-h2-c64,main,TTLB p50 ms,3,744.013,739.926,776.691
long1m-h2-c64,main,TTLB p99 ms,3,859.244,840.31,893.464
long1m-h2-c64,main,TTLB p99.9 ms,3,960.533,946.691,1010.052
long1m-h2-c64,main,srv CPU us/stream,3,8615.560640732265,8459.796149490374,8942.307692307691
long1m-h2-c64,main,srv cores busy,3,0.7470762408486539,0.7441221264395744,0.7530596957951454
long1m-h2-c64,main,srv ctxsw/stream,3,33.556064073226544,33.19479048697622,33.60697115384615
long1m-h2-c64,main,srv peak RSS MiB,3,1973.42578125,1781.12890625,2040.08984375
long1m-h2-c64,main,errors,3,0,0,0
long1m-h2-c64,main,timeouts,3,0,0,0
long1m-h2-c64,main,client CPU %,3,4.31284188328893,4.2581988619845275,4.3129401454616065
long1m-h2-c64,listener-nodelay,streams/s,3,85.70887515402221,83.30835892747137,87.90854679418095
long1m-h2-c64,listener-nodelay,GiB/s,3,1.3352687506431185,1.306310872949995,1.3448631004424518
long1m-h2-c64,listener-nodelay,TTFB p50 ms,3,36.593,36.144,37.245
long1m-h2-c64,listener-nodelay,TTFB p99 ms,3,48.021,47.416,49.118
long1m-h2-c64,listener-nodelay,TTFB p99.9 ms,3,52.431,51.148,52.993
long1m-h2-c64,listener-nodelay,TTLB p50 ms,3,744.487,739.064,761.162
long1m-h2-c64,listener-nodelay,TTLB p99 ms,3,862.678,859.958,891.013
long1m-h2-c64,listener-nodelay,TTLB p99.9 ms,3,915.731,913.438,931.311
long1m-h2-c64,listener-nodelay,srv CPU us/stream,3,11330.22170361727,10978.384527872582,11440.576230492197
long1m-h2-c64,listener-nodelay,srv cores busy,3,0.9650938299929991,0.9530956309469414,0.9711005574627254
long1m-h2-c64,listener-nodelay,srv ctxsw/stream,3,34.56359393232206,33.83845278725825,34.759903961584634
long1m-h2-c64,listener-nodelay,srv peak RSS MiB,3,1772.48828125,1720.390625,1866.49609375
long1m-h2-c64,listener-nodelay,errors,3,0,0,0
long1m-h2-c64,listener-nodelay,timeouts,3,0,0,0
long1m-h2-c64,listener-nodelay,client CPU %,3,4.415457220595194,4.395441026245337,4.4429319582838325
long1m-h2-c64,inline-streaming-nodelay,streams/s,3,82.70840013805574,78.10820363433034,87.30886652097624
long1m-h2-c64,inline-streaming-nodelay,GiB/s,3,1.275281010584717,1.247871747575633,1.3385789469324272
long1m-h2-c64,inline-streaming-nodelay,TTFB p50 ms,3,38.387,36.394,39.089
long1m-h2-c64,inline-streaming-nodelay,TTFB p99 ms,3,49.473,47.498,49.586
long1m-h2-c64,inline-streaming-nodelay,TTFB p99.9 ms,3,52.345,49.635,53.062
long1m-h2-c64,inline-streaming-nodelay,TTLB p50 ms,3,779.21,739.991,797.43
long1m-h2-c64,inline-streaming-nodelay,TTLB p99 ms,3,895.034,868.04,929.334
long1m-h2-c64,inline-streaming-nodelay,TTLB p99.9 ms,3,924.032,913.401,961.469
long1m-h2-c64,inline-streaming-nodelay,srv CPU us/stream,3,12016.036655211912,11741.233373639661,13444.302176696543
long1m-h2-c64,inline-streaming-nodelay,srv cores busy,3,1.0491065404410547,0.9710986279812833,1.050110292138884
long1m-h2-c64,inline-streaming-nodelay,srv ctxsw/stream,3,34.4971363115693,34.314389359129386,36.30345710627401
long1m-h2-c64,inline-streaming-nodelay,srv peak RSS MiB,3,387.16796875,366.62109375,411.2890625
long1m-h2-c64,inline-streaming-nodelay,errors,3,0,0,0
long1m-h2-c64,inline-streaming-nodelay,timeouts,3,0,0,0
long1m-h2-c64,inline-streaming-nodelay,client CPU %,3,4.380444892438744,4.25044642056215,4.4404509433348744
long1m-h2-c1000,main,streams/s,3,1761.4842605895242,1760.0867017249116,1765.985359589328
long1m-h2-c1000,main,GiB/s,3,27.366819890669085,27.296482433032793,27.4159211979828
long1m-h2-c1000,main,TTFB p50 ms,3,28.429,28.4,28.588
long1m-h2-c1000,main,TTFB p99 ms,3,37.423,37.316,37.624
long1m-h2-c1000,main,TTFB p99.9 ms,3,39.616,39.31,39.76
long1m-h2-c1000,main,TTLB p50 ms,3,577.196,576.759,579.084
long1m-h2-c1000,main,TTLB p99 ms,3,678.258,676.868,692.624
long1m-h2-c1000,main,TTLB p99.9 ms,3,716.888,716.524,753.571
long1m-h2-c1000,main,srv CPU us/stream,3,9144.269560770499,9136.368784686827,9150.627377505252
long1m-h2-c1000,main,srv cores busy,3,16.118686099995095,16.094707250900054,16.134693513565878
long1m-h2-c1000,main,srv ctxsw/stream,3,28.568637444784233,28.396727086766294,28.812184182138193
long1m-h2-c1000,main,srv peak RSS MiB,3,15487.09375,14718.90234375,15564.19921875
long1m-h2-c1000,main,errors,3,0,0,0
long1m-h2-c1000,main,timeouts,3,0,0,0
long1m-h2-c1000,main,client CPU %,3,49.23766803487461,49.037629595955174,49.27522688447435
long1m-h2-c1000,listener-nodelay,streams/s,3,1567.9603357040282,1566.5637867504067,1580.66383343534
long1m-h2-c1000,listener-nodelay,GiB/s,3,24.98327941100521,24.938111276576134,25.09474276846524
long1m-h2-c1000,listener-nodelay,TTFB p50 ms,3,27.502,27.461,27.574
long1m-h2-c1000,listener-nodelay,TTFB p99 ms,3,34.077,33.383,36.051
long1m-h2-c1000,listener-nodelay,TTFB p99.9 ms,3,52.218,49.918,60.371
long1m-h2-c1000,listener-nodelay,TTLB p50 ms,3,634.479,631.799,635.42
long1m-h2-c1000,listener-nodelay,TTLB p99 ms,3,725.385,723.243,733.771
long1m-h2-c1000,listener-nodelay,TTLB p99.9 ms,3,764.666,761.653,777.893
long1m-h2-c1000,listener-nodelay,srv CPU us/stream,3,10829.928498467825,10759.886111989877,10839.392779691287
long1m-h2-c1000,listener-nodelay,srv cores busy,3,16.99573794167257,16.9657737987959,17.007762829105594
long1m-h2-c1000,listener-nodelay,srv ctxsw/stream,3,42.77595697564062,42.68809797168006,42.951608784473954
long1m-h2-c1000,listener-nodelay,srv peak RSS MiB,3,18970.1484375,17958.4140625,19122.4609375
long1m-h2-c1000,listener-nodelay,errors,3,0,0,0
long1m-h2-c1000,listener-nodelay,timeouts,3,0,0,0
long1m-h2-c1000,listener-nodelay,client CPU %,3,47.58247482387479,47.53986130736764,47.73244739657399
long1m-h2-c1000,inline-streaming-nodelay,streams/s,3,1602.3663974180665,1598.1680727837256,1616.9698131996001
long1m-h2-c1000,inline-streaming-nodelay,GiB/s,3,24.75246547218804,24.727912286304512,24.880375004180703
long1m-h2-c1000,inline-streaming-nodelay,TTFB p50 ms,3,27.408,27.335,27.416
long1m-h2-c1000,inline-streaming-nodelay,TTFB p99 ms,3,33.263,33.228,34.237
long1m-h2-c1000,inline-streaming-nodelay,TTFB p99.9 ms,3,53.192,47.629,53.998
long1m-h2-c1000,inline-streaming-nodelay,TTLB p50 ms,3,640.304,636.843,640.749
long1m-h2-c1000,inline-streaming-nodelay,TTLB p99 ms,3,733.089,726.628,735.639
long1m-h2-c1000,inline-streaming-nodelay,TTLB p99.9 ms,3,770.857,765.832,771.276
long1m-h2-c1000,inline-streaming-nodelay,srv CPU us/stream,3,10707.152665085507,10611.083621969323,10722.152690863579
long1m-h2-c1000,inline-streaming-nodelay,srv cores busy,3,17.156781642558315,17.135802102050285,17.157801902061074
long1m-h2-c1000,inline-streaming-nodelay,srv ctxsw/stream,3,41.80439395830733,41.74610341415141,41.86852315394243
long1m-h2-c1000,inline-streaming-nodelay,srv peak RSS MiB,3,5115.92578125,4984.375,5145.5234375
long1m-h2-c1000,inline-streaming-nodelay,errors,3,0,0,0
long1m-h2-c1000,inline-streaming-nodelay,timeouts,3,0,0,0
long1m-h2-c1000,inline-streaming-nodelay,client CPU %,3,47.30241210952503,47.25746987435105,47.54749340922933
cpu-h1-c4,main,streams/s,3,139.91597556411512,130.51865021453696,144.50245252452476
cpu-h1-c4,main,GiB/s,3,0.5465544588993818,0.5097851095545932,0.5645481571468344
cpu-h1-c4,main,TTFB p50 ms,3,1.599,1.595,1.599
cpu-h1-c4,main,TTFB p99 ms,3,3.484,3.367,3.703
cpu-h1-c4,main,TTFB p99.9 ms,3,4.189,4.077,4.192
cpu-h1-c4,main,TTLB p50 ms,3,44.754,44.64,44.813
cpu-h1-c4,main,TTLB p99 ms,3,46.017,46.005,46.101
cpu-h1-c4,main,TTLB p99.9 ms,3,47.016,47.002,47.022
cpu-h1-c4,main,srv CPU us/stream,3,5128.027681660899,5110.7934238741955,5195.402298850575
cpu-h1-c4,main,srv cores busy,3,0.7150816478080223,0.6780968953674794,0.7410125766136528
cpu-h1-c4,main,srv ctxsw/stream,3,51.057898498927806,50.14329501915709,51.16885813148789
cpu-h1-c4,main,srv peak RSS MiB,3,26.94140625,26.84375,28.98046875
cpu-h1-c4,main,errors,3,0,0,0
cpu-h1-c4,main,timeouts,3,0,0,0
cpu-h1-c4,main,client CPU %,3,0.8175933525637178,0.7576082569924271,0.8350141720275305
cpu-h1-c4,listener-nodelay,streams/s,3,951.4909289451773,935.6939816649348,951.8949449526839
cpu-h1-c4,listener-nodelay,GiB/s,3,3.716950668259902,3.654125916599741,3.71826027025996
cpu-h1-c4,listener-nodelay,TTFB p50 ms,3,1.617,1.614,1.624
cpu-h1-c4,listener-nodelay,TTFB p99 ms,3,1.998,1.996,2.288
cpu-h1-c4,listener-nodelay,TTFB p99.9 ms,3,3.576,3.545,3.685
cpu-h1-c4,listener-nodelay,TTLB p50 ms,3,4.189,4.188,4.208
cpu-h1-c4,listener-nodelay,TTLB p99 ms,3,4.522,4.51,5.064
cpu-h1-c4,listener-nodelay,TTLB p99.9 ms,3,6.139,6.081,6.167
cpu-h1-c4,listener-nodelay,srv CPU us/stream,3,5177.63296195081,5175.45702878756,5321.718683197948
cpu-h1-c4,listener-nodelay,srv cores busy,3,4.926491383522715,4.926470796703746,4.979500143982161
cpu-h1-c4,listener-nodelay,srv ctxsw/stream,3,41.494639478663025,38.15701154339461,42.29953771800798
cpu-h1-c4,listener-nodelay,srv peak RSS MiB,3,31.21484375,31.17578125,32.625
cpu-h1-c4,listener-nodelay,errors,3,0,0,0
cpu-h1-c4,listener-nodelay,timeouts,3,0,0,0
cpu-h1-c4,listener-nodelay,client CPU %,3,5.102987665485355,5.10050874055336,5.13051531203625
cpu-h1-c4,inline-streaming-nodelay,streams/s,3,811.7815087894876,808.6753911893699,816.1819311172642
cpu-h1-c4,inline-streaming-nodelay,GiB/s,3,3.170936057742784,3.1580298540551364,3.1881068982443845
cpu-h1-c4,inline-streaming-nodelay,TTFB p50 ms,3,0.497,0.487,0.498
cpu-h1-c4,inline-streaming-nodelay,TTFB p99 ms,3,0.759,0.745,0.787
cpu-h1-c4,inline-streaming-nodelay,TTFB p99.9 ms,3,1.11,1.067,1.133
cpu-h1-c4,inline-streaming-nodelay,TTLB p50 ms,3,4.937,4.916,4.966
cpu-h1-c4,inline-streaming-nodelay,TTLB p99 ms,3,5.132,5.105,5.142
cpu-h1-c4,inline-streaming-nodelay,TTLB p99.9 ms,3,5.448,5.435,5.509
cpu-h1-c4,inline-streaming-nodelay,srv CPU us/stream,3,4887.273623259825,4856.022546256586,4907.24709374227
cpu-h1-c4,inline-streaming-nodelay,srv cores busy,3,3.9673983557569263,3.963397859352675,3.968369963194929
cpu-h1-c4,inline-streaming-nodelay,srv ctxsw/stream,3,5.842911407915697,5.834281474152856,5.863249969200443
cpu-h1-c4,inline-streaming-nodelay,srv peak RSS MiB,3,12.08984375,12.0625,12.1171875
cpu-h1-c4,inline-streaming-nodelay,errors,3,0,0,0
cpu-h1-c4,inline-streaming-nodelay,timeouts,3,0,0,0
cpu-h1-c4,inline-streaming-nodelay,client CPU %,3,4.345436313527563,4.317902549418877,4.362937966547071
cpu-h1-c64,main,streams/s,3,2314.7386414523485,2271.3240418135574,2370.840610212261
cpu-h1-c64,main,GiB/s,3,9.042757294984948,8.871331757138703,9.260554392674553
cpu-h1-c64,main,TTFB p50 ms,3,1.675,1.666,1.681
cpu-h1-c64,main,TTFB p99 ms,3,2.067,2.031,2.084
cpu-h1-c64,main,TTFB p99.9 ms,3,2.612,2.544,2.979
cpu-h1-c64,main,TTLB p50 ms,3,44.713,44.642,44.763
cpu-h1-c64,main,TTLB p99 ms,3,46.025,46.023,46.027
cpu-h1-c64,main,TTLB p99.9 ms,3,46.216,46.197,46.303
cpu-h1-c64,main,srv CPU us/stream,3,5083.171311298336,5073.312491744089,5129.081245254366
cpu-h1-c64,main,srv cores busy,3,11.766213055384265,11.523136634131395,12.160234109327124
cpu-h1-c64,main,srv ctxsw/stream,3,33.37679844458847,31.680629376529147,33.49588305226542
cpu-h1-c64,main,srv peak RSS MiB,3,67.9765625,67.8046875,68.51953125
cpu-h1-c64,main,errors,3,0,0,0
cpu-h1-c64,main,timeouts,3,0,0,0
cpu-h1-c64,main,client CPU %,3,12.833823122245521,12.446227687186703,13.071326573641379
cpu-h1-c64,listener-nodelay,streams/s,3,4805.184749920682,4795.3941135731475,4813.6971971561
cpu-h1-c64,listener-nodelay,GiB/s,3,18.770883948712754,18.726979965082148,18.805215366318894
cpu-h1-c64,listener-nodelay,TTFB p50 ms,3,2.055,2.053,2.062
cpu-h1-c64,listener-nodelay,TTFB p99 ms,3,5.896,5.883,5.908
cpu-h1-c64,listener-nodelay,TTFB p99.9 ms,3,6.224,6.174,6.268
cpu-h1-c64,listener-nodelay,TTLB p50 ms,3,10.233,10.228,10.276
cpu-h1-c64,listener-nodelay,TTLB p99 ms,3,44.144,43.757,44.417
cpu-h1-c64,listener-nodelay,TTLB p99.9 ms,3,59.074,55.711,60.289
cpu-h1-c64,listener-nodelay,srv CPU us/stream,3,4990.113846858285,4981.09365910413,5000.10427746147
cpu-h1-c64,listener-nodelay,srv cores busy,3,23.977476585601575,23.977470619390647,23.97841895729146
cpu-h1-c64,listener-nodelay,srv ctxsw/stream,3,0.270505962911316,0.27025679381700324,0.28109032513712484
cpu-h1-c64,listener-nodelay,srv peak RSS MiB,3,68.8671875,68.73828125,68.93359375
cpu-h1-c64,listener-nodelay,errors,3,0,0,0
cpu-h1-c64,listener-nodelay,timeouts,3,0,0,0
cpu-h1-c64,listener-nodelay,client CPU %,3,24.74255560908375,24.727547906754275,24.77749956902302
cpu-h1-c64,inline-streaming-nodelay,streams/s,3,4762.789592861313,4762.068206546068,4849.39474931557
cpu-h1-c64,inline-streaming-nodelay,GiB/s,3,18.60587370434015,18.601432164108488,18.942541535739245
cpu-h1-c64,inline-streaming-nodelay,TTFB p50 ms,3,0.739,0.727,0.741
cpu-h1-c64,inline-streaming-nodelay,TTFB p99 ms,3,1.162,1.151,1.166
cpu-h1-c64,inline-streaming-nodelay,TTFB p99.9 ms,3,1.333,1.321,1.357
cpu-h1-c64,inline-streaming-nodelay,TTLB p50 ms,3,12.871,12.66,12.884
cpu-h1-c64,inline-streaming-nodelay,TTLB p99 ms,3,25.775,25.124,25.839
cpu-h1-c64,inline-streaming-nodelay,TTLB p99.9 ms,3,31.178,31.015,31.416
cpu-h1-c64,inline-streaming-nodelay,srv CPU us/stream,3,5035.172080717301,4944.8328486873315,5035.912298387097
cpu-h1-c64,inline-streaming-nodelay,srv cores busy,3,23.981357847103528,23.979446452667496,23.981465184306206
cpu-h1-c64,inline-streaming-nodelay,srv ctxsw/stream,3,0.2015709005376344,0.20036536967431703,0.2040875250056714
cpu-h1-c64,inline-streaming-nodelay,srv peak RSS MiB,3,31.703125,31.4375,33.5625
cpu-h1-c64,inline-streaming-nodelay,errors,3,0,0,0
cpu-h1-c64,inline-streaming-nodelay,timeouts,3,0,0,0
cpu-h1-c64,inline-streaming-nodelay,client CPU %,3,24.60252902681232,24.562414976640504,24.94254471074477
cpu-h1-c1000,main,streams/s,3,4880.905322568498,4851.195523911431,4907.420909970299
cpu-h1-c1000,main,GiB/s,3,19.063710811496172,18.97722826726469,19.10359259155621
cpu-h1-c1000,main,TTFB p50 ms,3,67.823,66.793,69.069
cpu-h1-c1000,main,TTFB p99 ms,3,260.429,247.119,265.142
cpu-h1-c1000,main,TTFB p99.9 ms,3,328.834,315.764,340.358
cpu-h1-c1000,main,TTLB p50 ms,3,191.182,190.911,194.39
cpu-h1-c1000,main,TTLB p99 ms,3,428.648,424.084,432.548
cpu-h1-c1000,main,TTLB p99.9 ms,3,533.444,516.8,562.412
cpu-h1-c1000,main,srv CPU us/stream,3,4915.375788869765,4889.441398846522,4945.471787577051
cpu-h1-c1000,main,srv cores busy,3,23.991483850318765,23.99145059952405,23.99454695877385
cpu-h1-c1000,main,srv ctxsw/stream,3,0.03921809687730514,0.036736965798750694,0.039332368705292546
cpu-h1-c1000,main,srv peak RSS MiB,3,1703.6484375,1692.53125,1957.265625
cpu-h1-c1000,main,errors,3,0,0,0
cpu-h1-c1000,main,timeouts,3,0,0,0
cpu-h1-c1000,main,client CPU %,3,26.53521043110892,26.477741253790875,26.637827536134612
cpu-h1-c1000,listener-nodelay,streams/s,3,4810.982992383242,4807.901617991609,4820.794890751497
cpu-h1-c1000,listener-nodelay,GiB/s,3,18.79838830368385,18.76926013913836,18.827798036911254
cpu-h1-c1000,listener-nodelay,TTFB p50 ms,3,69.366,68.93,69.967
cpu-h1-c1000,listener-nodelay,TTFB p99 ms,3,272.607,268.918,273.667
cpu-h1-c1000,listener-nodelay,TTFB p99.9 ms,3,355.922,345.952,358.433
cpu-h1-c1000,listener-nodelay,TTLB p50 ms,3,192.939,192.319,195.316
cpu-h1-c1000,listener-nodelay,TTLB p99 ms,3,463.335,446.715,464.917
cpu-h1-c1000,listener-nodelay,TTLB p99.9 ms,3,602.303,521.158,619.544
cpu-h1-c1000,listener-nodelay,srv CPU us/stream,3,4987.215466167758,4977.283571561936,4990.01539293589
cpu-h1-c1000,listener-nodelay,srv cores busy,3,23.993408787083748,23.9915030814995,23.994463211607147
cpu-h1-c1000,listener-nodelay,srv ctxsw/stream,3,0.037750753559921,0.03636703109764952,0.03877355743229188
cpu-h1-c1000,listener-nodelay,srv peak RSS MiB,3,1868.49609375,1806.8046875,1976.1875
cpu-h1-c1000,listener-nodelay,errors,3,0,0,0
cpu-h1-c1000,listener-nodelay,timeouts,3,0,0,0
cpu-h1-c1000,listener-nodelay,client CPU %,3,25.100019883866214,25.05261378930187,25.142581074516663
cpu-h1-c1000,inline-streaming-nodelay,streams/s,3,4988.200175311519,4986.530644151762,4990.109346449123
cpu-h1-c1000,inline-streaming-nodelay,GiB/s,3,19.48038351123666,19.472537268984222,19.48421529968983
cpu-h1-c1000,inline-streaming-nodelay,TTFB p50 ms,3,12.217,12.181,12.28
cpu-h1-c1000,inline-streaming-nodelay,TTFB p99 ms,3,31.063,30.504,31.608
cpu-h1-c1000,inline-streaming-nodelay,TTFB p99.9 ms,3,38.516,36.325,38.633
cpu-h1-c1000,inline-streaming-nodelay,TTLB p50 ms,3,201.673,201.53,201.772
cpu-h1-c1000,inline-streaming-nodelay,TTLB p99 ms,3,276.586,276.57,278.108
cpu-h1-c1000,inline-streaming-nodelay,TTLB p99.9 ms,3,295.42,293.755,296.336
cpu-h1-c1000,inline-streaming-nodelay,srv CPU us/stream,3,4810.834653246988,4809.203142536476,4812.474929803449
cpu-h1-c1000,inline-streaming-nodelay,srv cores busy,3,23.997553711677003,23.997406260721352,23.998449550543768
cpu-h1-c1000,inline-streaming-nodelay,srv ctxsw/stream,3,0.054312970979637644,0.05371213184433707,0.0564781387886081
cpu-h1-c1000,inline-streaming-nodelay,srv peak RSS MiB,3,151.69140625,151.68359375,152.70703125
cpu-h1-c1000,inline-streaming-nodelay,errors,3,0,0,0
cpu-h1-c1000,inline-streaming-nodelay,timeouts,3,0,0,0
cpu-h1-c1000,inline-streaming-nodelay,client CPU %,3,25.775084511541618,25.727626049664043,25.83274900490173
cpu-h2-c4,main,streams/s,3,314.33225731061003,314.2318804582783,316.5236780285204
cpu-h2-c4,main,GiB/s,3,1.2280587647359495,1.2272088573059974,1.2372751734127598
cpu-h2-c4,main,TTFB p50 ms,3,2.905,2.883,2.905
cpu-h2-c4,main,TTFB p99 ms,3,8.034,7.785,8.213
cpu-h2-c4,main,TTFB p99.9 ms,3,9.016,8.885,9.225
cpu-h2-c4,main,TTLB p50 ms,3,12.689,12.534,12.711
cpu-h2-c4,main,TTLB p99 ms,3,16.411,16.254,16.521
cpu-h2-c4,main,TTLB p99.9 ms,3,17.506,17.448,17.849
cpu-h2-c4,main,srv CPU us/stream,3,5813.586097946288,5768.374164810691,5843.411839592616
cpu-h2-c4,main,srv cores busy,3,1.836186290647355,1.8131860722371491,1.840137654257433
cpu-h2-c4,main,srv ctxsw/stream,3,85.52796208530806,85.47947820553611,85.75429662635264
cpu-h2-c4,main,srv peak RSS MiB,3,26.93359375,25.85546875,28.25390625
cpu-h2-c4,main,errors,3,0,0,0
cpu-h2-c4,main,timeouts,3,0,0,0
cpu-h2-c4,main,client CPU %,3,3.725377958965903,3.7178815353235537,3.7427799842708933
cpu-h2-c4,listener-nodelay,streams/s,3,295.12946118041054,289.32883465632625,302.7311603907971
cpu-h2-c4,listener-nodelay,GiB/s,3,1.1528403015485285,1.1301800781593356,1.1818645092643354
cpu-h2-c4,listener-nodelay,TTFB p50 ms,3,1.811,1.774,1.99
cpu-h2-c4,listener-nodelay,TTFB p99 ms,3,6.079,6.045,6.127
cpu-h2-c4,listener-nodelay,TTFB p99.9 ms,3,7.651,6.714,7.81
cpu-h2-c4,listener-nodelay,TTLB p50 ms,3,13.581,13.293,13.826
cpu-h2-c4,listener-nodelay,TTLB p99 ms,3,15.083,15.019,15.213
cpu-h2-c4,listener-nodelay,TTLB p99.9 ms,3,16.943,16.538,17.892
cpu-h2-c4,listener-nodelay,srv CPU us/stream,3,6404.608607251779,6398.202557898376,6498.183019491245
cpu-h2-c4,listener-nodelay,srv cores busy,3,1.890188687329637,1.8511844899718628,1.9672024859223582
cpu-h2-c4,listener-nodelay,srv ctxsw/stream,3,100.25177905794646,99.7853439336329,100.70928311859927
cpu-h2-c4,listener-nodelay,srv peak RSS MiB,3,29.6171875,28.76953125,30.96875
cpu-h2-c4,listener-nodelay,errors,3,0,0,0
cpu-h2-c4,listener-nodelay,timeouts,3,0,0,0
cpu-h2-c4,listener-nodelay,client CPU %,3,3.7753762558853494,3.7603870600244367,3.8053798705234234
cpu-h2-c4,inline-streaming-nodelay,streams/s,3,320.23197423395453,302.53090050617766,327.6330142683157
cpu-h2-c4,inline-streaming-nodelay,GiB/s,3,1.251104533417271,1.1821306305179136,1.2791755282606556
cpu-h2-c4,inline-streaming-nodelay,TTFB p50 ms,3,1.022,0.798,1.053
cpu-h2-c4,inline-streaming-nodelay,TTFB p99 ms,3,4.902,4.584,4.929
cpu-h2-c4,inline-streaming-nodelay,TTFB p99.9 ms,3,5.8,5.668,6.012
cpu-h2-c4,inline-streaming-nodelay,TTLB p50 ms,3,12.429,12.134,13.23
cpu-h2-c4,inline-streaming-nodelay,TTLB p99 ms,3,16.513,16.441,16.99
cpu-h2-c4,inline-streaming-nodelay,TTLB p99.9 ms,3,18.466,18.11,22.545
cpu-h2-c4,inline-streaming-nodelay,srv CPU us/stream,3,6427.232979387883,6343.101343101343,6763.636363636364
cpu-h2-c4,inline-streaming-nodelay,srv cores busy,3,2.058205505850963,2.0462089997872384,2.078209412849695
cpu-h2-c4,inline-streaming-nodelay,srv ctxsw/stream,3,89.00281074328545,86.95909645909646,97.53752066115702
cpu-h2-c4,inline-streaming-nodelay,srv peak RSS MiB,3,13.21875,12.734375,13.48046875
cpu-h2-c4,inline-streaming-nodelay,errors,3,0,0,0
cpu-h2-c4,inline-streaming-nodelay,timeouts,3,0,0,0
cpu-h2-c4,inline-streaming-nodelay,client CPU %,3,3.9628956836416136,3.8028884270239356,4.1054136861154955
cpu-h2-c64,main,streams/s,3,331.53356963051306,329.03375415799394,339.93380981672436
cpu-h2-c64,main,GiB/s,3,1.2930310147812745,1.2852957364551818,1.3241337737267118
cpu-h2-c64,main,TTFB p50 ms,3,13.401,13.223,13.493
cpu-h2-c64,main,TTFB p99 ms,3,19.292,18.523,19.428
cpu-h2-c64,main,TTFB p99.9 ms,3,21.177,21.116,21.374
cpu-h2-c64,main,TTLB p50 ms,3,190.658,186.265,192.531
cpu-h2-c64,main,TTLB p99 ms,3,276.815,276.013,282.609
cpu-h2-c64,main,TTLB p99.9 ms,3,308.788,305.204,315.276
cpu-h2-c64,main,srv CPU us/stream,3,6586.626139817629,6494.7209653092,6604.8837893498085
cpu-h2-c64,main,srv cores busy,3,2.1672223260193704,2.153218025383091,2.2452233099104038
cpu-h2-c64,main,srv ctxsw/stream,3,54.92820512820513,54.533097969991175,56.990577507598786
cpu-h2-c64,main,srv peak RSS MiB,3,198.17578125,194.140625,200.88671875
cpu-h2-c64,main,errors,3,0,0,0
cpu-h2-c64,main,timeouts,3,0,0,0
cpu-h2-c64,main,client CPU %,3,4.242929620384469,4.210431930106852,4.262923990420088
cpu-h2-c64,listener-nodelay,streams/s,3,323.3327476256786,322.43543729897993,323.3328883220683
cpu-h2-c64,listener-nodelay,GiB/s,3,1.2619838922085702,1.260059749592313,1.2634524871173778
cpu-h2-c64,listener-nodelay,TTFB p50 ms,3,14.024,14.003,14.048
cpu-h2-c64,listener-nodelay,TTFB p99 ms,3,21.686,21.599,22.206
cpu-h2-c64,listener-nodelay,TTFB p99.9 ms,3,23.456,23.325,25.306
cpu-h2-c64,listener-nodelay,TTLB p50 ms,3,195.742,195.385,195.743
cpu-h2-c64,listener-nodelay,TTLB p99 ms,3,277.626,273.282,280.502
cpu-h2-c64,listener-nodelay,TTLB p99.9 ms,3,299.726,298.91,305.308
cpu-h2-c64,listener-nodelay,srv CPU us/stream,3,7160.532013609651,7046.087225487164,7236.352357320099
cpu-h2-c64,listener-nodelay,srv cores busy,3,2.315235497883044,2.2782307426269592,2.33325643678201
cpu-h2-c64,listener-nodelay,srv ctxsw/stream,3,54.571914630374266,54.377049180327866,56.76085607940447
cpu-h2-c64,listener-nodelay,srv peak RSS MiB,3,202.81640625,199.28515625,204.20703125
cpu-h2-c64,listener-nodelay,errors,3,0,0,0
cpu-h2-c64,listener-nodelay,timeouts,3,0,0,0
cpu-h2-c64,listener-nodelay,client CPU %,3,4.325438086857593,4.3079734682548265,4.345442003586101
cpu-h2-c64,inline-streaming-nodelay,streams/s,3,333.9342583155606,300.5308696894481,335.53372761542624
cpu-h2-c64,inline-streaming-nodelay,GiB/s,3,1.307183664053309,1.1743714219737855,1.3093708145601217
cpu-h2-c64,inline-streaming-nodelay,TTFB p50 ms,3,12.205,5.357,12.853
cpu-h2-c64,inline-streaming-nodelay,TTFB p99 ms,3,18.263,8.313,20.269
cpu-h2-c64,inline-streaming-nodelay,TTFB p99.9 ms,3,21.08,8.681,21.437
cpu-h2-c64,inline-streaming-nodelay,TTLB p50 ms,3,190.097,189.722,211.456
cpu-h2-c64,inline-streaming-nodelay,TTLB p99 ms,3,251.225,238.457,252.453
cpu-h2-c64,inline-streaming-nodelay,TTLB p99.9 ms,3,269.749,246.123,281.388
cpu-h2-c64,inline-streaming-nodelay,srv CPU us/stream,3,5925.48435171386,5214.642262895175,5956.873315363881
cpu-h2-c64,inline-streaming-nodelay,srv cores busy,3,1.988199852457429,1.5671609743872383,1.9892040724457922
cpu-h2-c64,inline-streaming-nodelay,srv ctxsw/stream,3,21.68912848158131,21.264977645305514,32.827287853577374
cpu-h2-c64,inline-streaming-nodelay,srv peak RSS MiB,3,40.36328125,38.74609375,43.8046875
cpu-h2-c64,inline-streaming-nodelay,errors,3,0,0,0
cpu-h2-c64,inline-streaming-nodelay,timeouts,3,0,0,0
cpu-h2-c64,inline-streaming-nodelay,client CPU %,3,4.3954509293108375,3.8803985836773998,4.41794408864723
cpu-h2-c1000,main,streams/s,3,4517.372168839467,4506.7709719882405,4533.9716368781865
cpu-h2-c1000,main,GiB/s,3,17.62743755379411,17.608964515048267,17.700417607383358
cpu-h2-c1000,main,TTFB p50 ms,3,9.408,9.392,9.43
cpu-h2-c1000,main,TTFB p99 ms,3,16.862,16.788,16.983
cpu-h2-c1000,main,TTFB p99.9 ms,3,19.841,19.449,20.615
cpu-h2-c1000,main,TTLB p50 ms,3,223.41,222.39,223.716
cpu-h2-c1000,main,TTLB p99 ms,3,280.756,279.709,281.243
cpu-h2-c1000,main,TTLB p99.9 ms,3,302.297,302.058,304.33
cpu-h2-c1000,main,srv CPU us/stream,3,5305.187185901836,5286.643873387008,5318.110201273772
cpu-h2-c1000,main,srv cores busy,3,23.967504680935175,23.96550494407672,23.969493376212526
cpu-h2-c1000,main,srv ctxsw/stream,3,0.7585971104003529,0.7196591438652553,0.774823440855454
cpu-h2-c1000,main,srv peak RSS MiB,3,2294.93359375,2270.765625,2322.9609375
cpu-h2-c1000,main,errors,3,0,0,0
cpu-h2-c1000,main,timeouts,3,0,0,0
cpu-h2-c1000,main,client CPU %,3,33.488483569177475,33.46349704252414,33.60351233655961
cpu-h2-c1000,listener-nodelay,streams/s,3,4184.530653064425,4179.050800060474,4196.450622841137
cpu-h2-c1000,listener-nodelay,GiB/s,3,16.344684442849758,16.33332318667637,16.41139058108309
cpu-h2-c1000,listener-nodelay,TTFB p50 ms,3,9.401,9.356,9.417
cpu-h2-c1000,listener-nodelay,TTFB p99 ms,3,16.862,16.793,16.892
cpu-h2-c1000,listener-nodelay,TTFB p99.9 ms,3,21.377,21.313,22.009
cpu-h2-c1000,listener-nodelay,TTLB p50 ms,3,240.902,240.155,241.185
cpu-h2-c1000,listener-nodelay,TTLB p99 ms,3,297.13,296.302,297.179
cpu-h2-c1000,listener-nodelay,TTLB p99.9 ms,3,319.934,319.51,321.044
cpu-h2-c1000,listener-nodelay,srv CPU us/stream,3,5730.264573026458,5713.775023832221,5737.328291772364
cpu-h2-c1000,listener-nodelay,srv cores busy,3,23.977574757534857,23.97658638794089,23.97846775599834
cpu-h2-c1000,listener-nodelay,srv ctxsw/stream,3,0.49571626860671036,0.4907769304099142,0.497406849740685
cpu-h2-c1000,listener-nodelay,srv peak RSS MiB,3,2421.19140625,2375.2109375,2480.80859375
cpu-h2-c1000,listener-nodelay,errors,3,0,0,0
cpu-h2-c1000,listener-nodelay,timeouts,3,0,0,0
cpu-h2-c1000,listener-nodelay,client CPU %,3,33.22856814678188,33.05856607380437,33.24842177795148
cpu-h2-c1000,inline-streaming-nodelay,streams/s,3,4179.331584945116,4170.333436933234,4192.73459203431
cpu-h2-c1000,inline-streaming-nodelay,GiB/s,3,16.33012720689253,16.29952731398563,16.3739201250984
cpu-h2-c1000,inline-streaming-nodelay,TTFB p50 ms,3,7.961,7.906,7.963
cpu-h2-c1000,inline-streaming-nodelay,TTFB p99 ms,3,13.971,13.885,14.011
cpu-h2-c1000,inline-streaming-nodelay,TTFB p99.9 ms,3,19.356,18.442,19.643
cpu-h2-c1000,inline-streaming-nodelay,TTLB p50 ms,3,240.95,240.102,241.483
cpu-h2-c1000,inline-streaming-nodelay,TTLB p99 ms,3,297.495,296.84,297.654
cpu-h2-c1000,inline-streaming-nodelay,TTLB p99.9 ms,3,318.509,318.143,319.728
cpu-h2-c1000,inline-streaming-nodelay,srv CPU us/stream,3,5725.66943454019,5710.707726069222,5740.6652437708335
cpu-h2-c1000,inline-streaming-nodelay,srv cores busy,3,23.940488216337982,23.929471112728663,23.943481828088018
cpu-h2-c1000,inline-streaming-nodelay,srv ctxsw/stream,3,0.6884577567807382,0.6805095055220285,0.7131781090717653
cpu-h2-c1000,inline-streaming-nodelay,srv peak RSS MiB,3,612.10546875,604.37890625,615.703125
cpu-h2-c1000,inline-streaming-nodelay,errors,3,0,0,0
cpu-h2-c1000,inline-streaming-nodelay,timeouts,3,0,0,0
cpu-h2-c1000,inline-streaming-nodelay,client CPU %,3,33.11844211229143,33.10593154898641,33.193427769108716
echo-h1-c64,main,streams/s,3,1538.1535497158536,1535.2123967375962,1549.1135280302535
echo-h1-c64,main,GiB/s,3,1.501903158629285,1.4990736875369084,1.5127954953778222
echo-h1-c64,main,TTFB p50 ms,3,0.554,0.551,0.562
echo-h1-c64,main,TTFB p99 ms,3,0.661,0.658,0.703
echo-h1-c64,main,TTFB p99.9 ms,3,0.695,0.69,0.798
echo-h1-c64,main,TTLB p50 ms,3,42.001,42.0,42.001
echo-h1-c64,main,TTLB p99 ms,3,43.03,43.03,43.03
echo-h1-c64,main,TTLB p99.9 ms,3,43.073,43.059,43.074
echo-h1-c64,main,srv CPU us/stream,3,1313.2747933884298,1302.1952967233406,1329.6488946684005
echo-h1-c64,main,srv cores busy,3,2.034411748459153,1.9991463625030648,2.0452041672099615
echo-h1-c64,main,srv ctxsw/stream,3,35.87935639372028,34.86215864759428,37.65747675619835
echo-h1-c64,main,srv peak RSS MiB,3,24.50390625,23.96875,24.85546875
echo-h1-c64,main,errors,3,0,0,0
echo-h1-c64,main,timeouts,3,0,0,0
echo-h1-c64,main,client CPU %,3,4.550921069562018,4.492828931238129,4.577957005087334
echo-h1-c64,listener-nodelay,streams/s,3,17919.060523510816,17895.036369989994,18021.581137693105
echo-h1-c64,listener-nodelay,GiB/s,3,17.49690640418997,17.473779541340786,17.596911227400806
echo-h1-c64,listener-nodelay,TTFB p50 ms,3,0.477,0.474,0.477
echo-h1-c64,listener-nodelay,TTFB p99 ms,3,0.878,0.852,0.88
echo-h1-c64,listener-nodelay,TTFB p99.9 ms,3,1.058,1.025,1.059
echo-h1-c64,listener-nodelay,TTLB p50 ms,3,3.493,3.393,3.496
echo-h1-c64,listener-nodelay,TTLB p99 ms,3,6.773,6.319,6.986
echo-h1-c64,listener-nodelay,TTLB p99.9 ms,3,7.953,7.411,8.34
echo-h1-c64,listener-nodelay,srv CPU us/stream,3,1338.3787645391021,1330.7102781955305,1339.6784235263872
echo-h1-c64,listener-nodelay,srv cores busy,3,23.981503249262914,23.973594113095558,23.982490085157803
echo-h1-c64,listener-nodelay,srv ctxsw/stream,3,0.0816124651401937,0.06837563905074454,0.08664961125878899
echo-h1-c64,listener-nodelay,srv peak RSS MiB,3,33.96484375,33.94921875,34.83984375
echo-h1-c64,listener-nodelay,errors,3,0,0,0
echo-h1-c64,listener-nodelay,timeouts,3,0,0,0
echo-h1-c64,listener-nodelay,client CPU %,3,54.91094175376545,54.82819277287587,55.155757295835926
echo-h1-c64,inline-streaming-nodelay,streams/s,3,18150.280137482103,18128.444233948667,18160.352802713263
echo-h1-c64,inline-streaming-nodelay,GiB/s,3,17.72322100983761,17.70171383870338,17.733327804569065
echo-h1-c64,inline-streaming-nodelay,TTFB p50 ms,3,0.473,0.473,0.476
echo-h1-c64,inline-streaming-nodelay,TTFB p99 ms,3,0.704,0.703,0.731
echo-h1-c64,inline-streaming-nodelay,TTFB p99.9 ms,3,0.84,0.832,0.874
echo-h1-c64,inline-streaming-nodelay,TTLB p50 ms,3,3.429,3.337,3.444
echo-h1-c64,inline-streaming-nodelay,TTLB p99 ms,3,6.637,6.48,7.162
echo-h1-c64,inline-streaming-nodelay,TTLB p99.9 ms,3,7.81,7.672,8.44
echo-h1-c64,inline-streaming-nodelay,srv CPU us/stream,3,1321.7215937580931,1321.3719270420302,1323.5870134885388
echo-h1-c64,inline-streaming-nodelay,srv cores busy,3,23.99457336280564,23.989617190468707,23.996580378684357
echo-h1-c64,inline-streaming-nodelay,srv ctxsw/stream,3,0.026530218188839546,0.026076085998766412,0.029341591223420376
echo-h1-c64,inline-streaming-nodelay,srv peak RSS MiB,3,31.5859375,30.72265625,31.6328125
echo-h1-c64,inline-streaming-nodelay,errors,3,0,0,0
echo-h1-c64,inline-streaming-nodelay,timeouts,3,0,0,0
echo-h1-c64,inline-streaming-nodelay,client CPU %,3,55.83600410694122,55.79608717456327,55.9560011524248
echo-h1-c1000,main,streams/s,3,18502.5677719417,18380.767203448024,18557.7292578221
echo-h1-c1000,main,GiB/s,3,18.078132309873826,17.941830517526896,18.120397419031214
echo-h1-c1000,main,TTFB p50 ms,3,0.701,0.699,0.708
echo-h1-c1000,main,TTFB p99 ms,3,2.303,2.229,2.361
echo-h1-c1000,main,TTFB p99.9 ms,3,3.137,2.995,3.323
echo-h1-c1000,main,TTLB p50 ms,3,53.851,53.737,53.987
echo-h1-c1000,main,TTLB p99 ms,3,81.021,79.138,83.087
echo-h1-c1000,main,TTLB p99.9 ms,3,95.152,92.017,96.788
echo-h1-c1000,main,srv CPU us/stream,3,1287.755940412099,1283.9112299119413,1295.8952706379089
echo-h1-c1000,main,srv cores busy,3,23.82647699578319,23.819549289644677,23.826791561195385
echo-h1-c1000,main,srv ctxsw/stream,3,0.5283577102577092,0.5189239776263956,0.536480292318004
echo-h1-c1000,main,srv peak RSS MiB,3,154.48828125,153.765625,156.16796875
echo-h1-c1000,main,errors,3,0,0,0
echo-h1-c1000,main,timeouts,3,0,0,0
echo-h1-c1000,main,client CPU %,3,55.9690573683427,55.54594481029792,56.13833613019643
echo-h1-c1000,listener-nodelay,streams/s,3,15450.698864584696,15405.557978926014,15546.304834114397
echo-h1-c1000,listener-nodelay,GiB/s,3,15.08628863626801,15.038750328338296,15.179787016512298
echo-h1-c1000,listener-nodelay,TTFB p50 ms,3,1.344,1.307,1.351
echo-h1-c1000,listener-nodelay,TTFB p99 ms,3,5.846,5.833,6.266
echo-h1-c1000,listener-nodelay,TTFB p99.9 ms,3,7.667,7.6,9.171
echo-h1-c1000,listener-nodelay,TTLB p50 ms,3,57.962,56.81,58.005
echo-h1-c1000,listener-nodelay,TTLB p99 ms,3,190.461,190.234,210.438
echo-h1-c1000,listener-nodelay,TTLB p99.9 ms,3,256.288,246.826,277.739
echo-h1-c1000,listener-nodelay,srv CPU us/stream,3,1552.1292502475872,1542.5737224023467,1556.8582390402555
echo-h1-c1000,listener-nodelay,srv cores busy,3,23.98148164448909,23.98132131756144,23.98426986650331
echo-h1-c1000,listener-nodelay,srv ctxsw/stream,3,0.09262469082906499,0.0924167567289383,0.09668524380060975
echo-h1-c1000,listener-nodelay,srv peak RSS MiB,3,219.67578125,216.30078125,223.57421875
echo-h1-c1000,listener-nodelay,errors,3,0,0,0
echo-h1-c1000,listener-nodelay,timeouts,3,0,0,0
echo-h1-c1000,listener-nodelay,client CPU %,3,55.072830879303346,54.75518201947529,55.27071950801492
echo-h1-c1000,inline-streaming-nodelay,streams/s,3,14316.287788684642,14300.995738284068,14401.962206690345
echo-h1-c1000,inline-streaming-nodelay,GiB/s,3,13.975628370609675,13.966164307078131,14.062154864556984
echo-h1-c1000,inline-streaming-nodelay,TTFB p50 ms,3,0.844,0.831,0.852
echo-h1-c1000,inline-streaming-nodelay,TTFB p99 ms,3,2.73,2.652,2.748
echo-h1-c1000,inline-streaming-nodelay,TTFB p99.9 ms,3,3.469,3.454,3.696
echo-h1-c1000,inline-streaming-nodelay,TTLB p50 ms,3,65.795,64.649,66.61
echo-h1-c1000,inline-streaming-nodelay,TTLB p99 ms,3,187.4,182.877,194.277
echo-h1-c1000,inline-streaming-nodelay,TTLB p99.9 ms,3,228.549,221.114,251.652
echo-h1-c1000,inline-streaming-nodelay,srv CPU us/stream,3,1676.0510248277983,1666.1690056733353,1677.960767859016
echo-h1-c1000,inline-streaming-nodelay,srv cores busy,3,23.996103049666207,23.994828819954588,23.99650979015965
echo-h1-c1000,inline-streaming-nodelay,srv ctxsw/stream,3,0.031721388859750344,0.03080405813606283,0.033350565157252036
echo-h1-c1000,inline-streaming-nodelay,srv peak RSS MiB,3,186.1640625,180.59375,186.7578125
echo-h1-c1000,inline-streaming-nodelay,errors,3,0,0,0
echo-h1-c1000,inline-streaming-nodelay,timeouts,3,0,0,0
echo-h1-c1000,inline-streaming-nodelay,client CPU %,3,56.93498985652651,56.78343896852503,56.95671479228134
echo-h2-c64,main,streams/s,3,508.6521841535289,507.76364187624,523.9592604735066
echo-h2-c64,main,GiB/s,3,0.6481708468657627,0.6470841511632218,0.6613492365990867
echo-h2-c64,main,TTFB p50 ms,3,4.251,4.0,4.448
echo-h2-c64,main,TTFB p99 ms,3,8.57,8.477,8.595
echo-h2-c64,main,TTFB p99.9 ms,3,9.043,8.985,9.099
echo-h2-c64,main,TTLB p50 ms,3,93.774,91.915,93.93
echo-h2-c64,main,TTLB p99 ms,3,101.997,99.967,102.625
echo-h2-c64,main,TTLB p99.9 ms,3,104.812,103.25,105.714
echo-h2-c64,main,srv CPU us/stream,3,2972.8666928824223,2920.404657377362,2984.045696277329
echo-h2-c64,main,srv cores busy,3,1.515189910266897,1.5121551365319224,1.530173064562827
echo-h2-c64,main,srv ctxsw/stream,3,256.073928430987,252.49646879175415,256.159936970652
echo-h2-c64,main,srv peak RSS MiB,3,39.953125,38.50390625,40.62890625
echo-h2-c64,main,errors,3,3486,3471,3515
echo-h2-c64,main,timeouts,3,0,0,0
echo-h2-c64,main,client CPU %,3,3.590368346659789,3.577948451471831,3.59790692795083
echo-h2-c64,listener-nodelay,streams/s,3,509.0511869803402,486.88360736092585,518.8525626182823
echo-h2-c64,listener-nodelay,GiB/s,3,0.6493738666743055,0.6148641316815061,0.6552160518709924
echo-h2-c64,listener-nodelay,TTFB p50 ms,3,3.661,3.621,3.882
echo-h2-c64,listener-nodelay,TTFB p99 ms,3,8.482,8.457,9.219
echo-h2-c64,listener-nodelay,TTFB p99.9 ms,3,8.897,8.872,9.786
echo-h2-c64,listener-nodelay,TTLB p50 ms,3,93.779,92.766,98.921
echo-h2-c64,listener-nodelay,TTLB p99 ms,3,102.461,101.592,108.599
echo-h2-c64,listener-nodelay,TTLB p99.9 ms,3,107.211,104.719,112.278
echo-h2-c64,listener-nodelay,srv CPU us/stream,3,3143.418467583497,3078.2575173477253,3280.608052588332
echo-h2-c64,listener-nodelay,srv cores busy,3,1.597274282981509,1.597161801274859,1.6001609020993013
echo-h2-c64,listener-nodelay,srv ctxsw/stream,3,253.72041906327033,247.74479568234386,256.99351669941063
echo-h2-c64,listener-nodelay,srv peak RSS MiB,3,39.578125,38.64453125,40.19921875
echo-h2-c64,listener-nodelay,errors,3,3477,3246,3488
echo-h2-c64,listener-nodelay,timeouts,3,0,0,0
echo-h2-c64,listener-nodelay,client CPU %,3,3.6703690691902726,3.5331067029631686,3.6728720821427174
echo-h2-c64,inline-streaming-nodelay,streams/s,3,502.3520510068243,501.4564505572999,512.5513850702831
echo-h2-c64,inline-streaming-nodelay,GiB/s,3,0.6408775960030124,0.6376966492746938,0.6481066751618048
echo-h2-c64,inline-streaming-nodelay,TTFB p50 ms,3,3.554,3.48,3.683
echo-h2-c64,inline-streaming-nodelay,TTFB p99 ms,3,8.613,8.52,8.683
echo-h2-c64,inline-streaming-nodelay,TTFB p99.9 ms,3,9.088,9.077,9.109
echo-h2-c64,inline-streaming-nodelay,TTLB p50 ms,3,95.008,93.84,95.439
echo-h2-c64,inline-streaming-nodelay,TTLB p99 ms,3,103.296,102.897,104.579
echo-h2-c64,inline-streaming-nodelay,TTLB p99.9 ms,3,110.668,105.868,112.154
echo-h2-c64,inline-streaming-nodelay,srv CPU us/stream,3,3224.9700837654573,3196.097560975609,3239.100139358949
echo-h2-c64,inline-streaming-nodelay,srv cores busy,3,1.6271685984234583,1.6171820513585042,1.6381642316978025
echo-h2-c64,inline-streaming-nodelay,srv ctxsw/stream,3,258.66294375747907,256.21365853658534,259.0364324109098
echo-h2-c64,inline-streaming-nodelay,srv peak RSS MiB,3,40.453125,38.6875,40.7890625
echo-h2-c64,inline-streaming-nodelay,errors,3,3452,3431,3562
echo-h2-c64,inline-streaming-nodelay,timeouts,3,0,0,0
echo-h2-c64,inline-streaming-nodelay,client CPU %,3,3.6454103755112843,3.607873828403581,3.660366964599486
echo-h2-c1000,main,streams/s,3,9495.788532476967,9461.514614981252,9590.715604033532
echo-h2-c1000,main,GiB/s,3,11.963963043747933,11.94263823394514,12.054428997824495
echo-h2-c1000,main,TTFB p50 ms,3,3.59,3.523,3.639
echo-h2-c1000,main,TTFB p99 ms,3,7.254,7.204,7.267
echo-h2-c1000,main,TTFB p99.9 ms,3,7.797,7.772,7.818
echo-h2-c1000,main,TTLB p50 ms,3,80.831,80.22,80.896
echo-h2-c1000,main,TTLB p99 ms,3,89.064,88.205,89.929
echo-h2-c1000,main,TTLB p99.9 ms,3,93.035,91.987,94.421
echo-h2-c1000,main,srv CPU us/stream,3,2172.0310064456335,2162.2157106061713,2181.1743565350666
echo-h2-c1000,main,srv cores busy,3,20.637213052178865,20.62514712319085,20.737195954997055
echo-h2-c1000,main,srv ctxsw/stream,3,30.240689640645407,29.919591987738492,30.30006152434383
echo-h2-c1000,main,srv peak RSS MiB,3,62.125,61.875,63.265625
echo-h2-c1000,main,errors,3,62749,62583,63469
echo-h2-c1000,main,timeouts,3,0,0,0
echo-h2-c1000,main,client CPU %,3,51.717976649278285,51.53302619559711,51.75038732917182
echo-h2-c1000,listener-nodelay,streams/s,3,9274.365380749157,9158.26988459228,9274.45705626467
echo-h2-c1000,listener-nodelay,GiB/s,3,11.642048445950532,11.570140945963614,11.645229426318
echo-h2-c1000,listener-nodelay,TTFB p50 ms,3,3.422,3.4,3.473
echo-h2-c1000,listener-nodelay,TTFB p99 ms,3,7.129,7.098,7.175
echo-h2-c1000,listener-nodelay,TTFB p99.9 ms,3,7.72,7.667,7.792
echo-h2-c1000,listener-nodelay,TTLB p50 ms,3,83.03,83.001,83.557
echo-h2-c1000,listener-nodelay,TTLB p99 ms,3,92.081,91.561,92.186
echo-h2-c1000,listener-nodelay,TTLB p99.9 ms,3,96.355,95.435,97.043
echo-h2-c1000,listener-nodelay,srv CPU us/stream,3,2286.6231735590663,2286.3243254901113,2314.1100542736394
echo-h2-c1000,listener-nodelay,srv cores busy,3,21.20420717349016,21.19324441968648,21.207188427033195
echo-h2-c1000,listener-nodelay,srv ctxsw/stream,3,29.25870770159812,29.18778460900047,29.37127298215345
echo-h2-c1000,listener-nodelay,srv peak RSS MiB,3,64.25,63.15625,64.34375
echo-h2-c1000,listener-nodelay,errors,3,61373,61082,61535
echo-h2-c1000,listener-nodelay,timeouts,3,0,0,0
echo-h2-c1000,listener-nodelay,client CPU %,3,50.452751692512244,50.232819786220695,50.46770789904092
echo-h2-c1000,inline-streaming-nodelay,streams/s,3,9284.366441269718,9275.08553534366,9285.973785712806
echo-h2-c1000,inline-streaming-nodelay,GiB/s,3,11.667404238884487,11.641280415910755,11.691132687529292
echo-h2-c1000,inline-streaming-nodelay,TTFB p50 ms,3,3.419,3.394,3.437
echo-h2-c1000,inline-streaming-nodelay,TTFB p99 ms,3,7.094,7.057,7.111
echo-h2-c1000,inline-streaming-nodelay,TTFB p99.9 ms,3,7.71,7.648,7.754
echo-h2-c1000,inline-streaming-nodelay,TTLB p50 ms,3,82.707,82.666,82.984
echo-h2-c1000,inline-streaming-nodelay,TTLB p99 ms,3,92.398,91.247,92.4
echo-h2-c1000,inline-streaming-nodelay,TTLB p99.9 ms,3,97.85,95.279,104.799
echo-h2-c1000,inline-streaming-nodelay,srv CPU us/stream,3,2328.163704900377,2323.2867268457676,2329.282625807356
echo-h2-c1000,inline-streaming-nodelay,srv cores busy,3,21.604295590353107,21.570245320174212,21.619267132552903
echo-h2-c1000,inline-streaming-nodelay,srv ctxsw/stream,3,31.085776517397914,30.924157242864837,31.096602537863284
echo-h2-c1000,inline-streaming-nodelay,srv peak RSS MiB,3,64.7265625,62.21875,65.19921875
echo-h2-c1000,inline-streaming-nodelay,errors,3,61834,61309,61843
echo-h2-c1000,inline-streaming-nodelay,timeouts,3,0,0,0
echo-h2-c1000,inline-streaming-nodelay,client CPU %,3,50.23026746229679,50.115325064003066,50.31523748414154
echo-h2old-c64,main,streams/s,3,664.4649037357601,655.4502171217497,676.6683824150559
echo-h2old-c64,main,GiB/s,3,0.6489610596507168,0.6401687776719575,0.6608457938351624
echo-h2old-c64,main,TTFB p50 ms,3,7.818,7.677,7.9
echo-h2old-c64,main,TTFB p99 ms,3,8.949,8.752,9.013
echo-h2old-c64,main,TTFB p99.9 ms,3,9.213,9.052,9.311
echo-h2old-c64,main,TTLB p50 ms,3,95.903,94.181,97.167
echo-h2old-c64,main,TTLB p99 ms,3,107.834,105.426,109.727
echo-h2old-c64,main,TTLB p99.9 ms,3,112.673,110.356,113.791
echo-h2old-c64,main,srv CPU us/stream,3,2281.0497406164172,2274.6083357966304,2302.8296207104154
echo-h2old-c64,main,srv cores busy,3,1.5301494622452032,1.4951145477525416,1.5391555432113082
echo-h2old-c64,main,srv ctxsw/stream,3,202.53355010345848,201.79310344827587,204.29169175195665
echo-h2old-c64,main,srv peak RSS MiB,3,29.69921875,28.140625,30.06640625
echo-h2old-c64,main,errors,3,0,0,0
echo-h2old-c64,main,timeouts,3,0,0,0
echo-h2old-c64,main,client CPU %,3,3.620365865123415,3.592850943213001,3.650279665081456
echo-h2old-c64,listener-nodelay,streams/s,3,664.889346500604,658.2658978799848,665.4307106254414
echo-h2old-c64,listener-nodelay,GiB/s,3,0.6494267480539908,0.6425262475828323,0.6497517831779147
echo-h2old-c64,listener-nodelay,TTFB p50 ms,3,7.858,7.857,7.922
echo-h2old-c64,listener-nodelay,TTFB p99 ms,3,8.924,8.647,8.983
echo-h2old-c64,listener-nodelay,TTFB p99.9 ms,3,9.32,9.016,9.492
echo-h2old-c64,listener-nodelay,TTLB p50 ms,3,95.759,95.688,96.79
echo-h2old-c64,listener-nodelay,TTLB p99 ms,3,108.599,107.531,109.317
echo-h2old-c64,listener-nodelay,TTLB p99.9 ms,3,112.999,112.114,113.881
echo-h2old-c64,listener-nodelay,srv CPU us/stream,3,2408.082649650562,2392.545837090472,2414.259927797834
echo-h2old-c64,listener-nodelay,srv cores busy,3,1.5920734765790543,1.58515868754144,1.6052157056760972
echo-h2old-c64,listener-nodelay,srv ctxsw/stream,3,200.39987845639624,199.44299037304452,200.5321611061016
echo-h2old-c64,listener-nodelay,srv peak RSS MiB,3,29.3203125,28.3671875,30.2265625
echo-h2old-c64,listener-nodelay,errors,3,0,0,0
echo-h2old-c64,listener-nodelay,timeouts,3,0,0,0
echo-h2old-c64,listener-nodelay,client CPU %,3,3.665492561559437,3.610361427144857,3.6851700761267683
echo-h2old-c64,inline-streaming-nodelay,streams/s,3,653.9671291372355,649.8849200725749,656.4498472565715
echo-h2old-c64,inline-streaming-nodelay,GiB/s,3,0.6389753590243568,0.6344110071316105,0.6413799851906572
echo-h2old-c64,inline-streaming-nodelay,TTFB p50 ms,3,7.955,7.932,8.028
echo-h2old-c64,inline-streaming-nodelay,TTFB p99 ms,3,8.94,8.914,8.949
echo-h2old-c64,inline-streaming-nodelay,TTFB p99.9 ms,3,9.278,9.27,9.308
echo-h2old-c64,inline-streaming-nodelay,TTLB p50 ms,3,97.331,96.959,98.084
echo-h2old-c64,inline-streaming-nodelay,TTLB p99 ms,3,109.243,108.961,110.002
echo-h2old-c64,inline-streaming-nodelay,TTLB p99.9 ms,3,113.78,113.634,115.198
echo-h2old-c64,inline-streaming-nodelay,srv CPU us/stream,3,2483.841181902124,2448.386603456186,2495.429616087751
echo-h2old-c64,inline-streaming-nodelay,srv cores busy,3,1.6142109279734318,1.601164358080309,1.6381243903203293
echo-h2old-c64,inline-streaming-nodelay,srv ctxsw/stream,3,205.66864716636198,203.29606973543355,205.75469375192367
echo-h2old-c64,inline-streaming-nodelay,srv peak RSS MiB,3,30.92578125,30.87890625,31.10546875
echo-h2old-c64,inline-streaming-nodelay,errors,3,0,0,0
echo-h2old-c64,inline-streaming-nodelay,timeouts,3,0,0,0
echo-h2old-c64,inline-streaming-nodelay,client CPU %,3,3.5954698178838216,3.59027262591574,3.662875990923879
echo-h2old-c1000,main,streams/s,3,12287.351088257925,12254.600990106752,12343.200096923008
echo-h2old-c1000,main,GiB/s,3,11.996416026517128,11.966657761616538,12.052535844624844
echo-h2old-c1000,main,TTFB p50 ms,3,6.313,6.26,6.32
echo-h2old-c1000,main,TTFB p99 ms,3,7.695,7.672,7.727
echo-h2old-c1000,main,TTFB p99.9 ms,3,8.03,7.964,8.16
echo-h2old-c1000,main,TTLB p50 ms,3,82.691,82.311,82.877
echo-h2old-c1000,main,TTLB p99 ms,3,93.418,92.992,93.937
echo-h2old-c1000,main,TTLB p99.9 ms,3,97.766,97.088,98.483
echo-h2old-c1000,main,srv CPU us/stream,3,1682.1559079234153,1680.1914358502697,1687.0557319252773
echo-h2old-c1000,main,srv cores busy,3,20.674194842816775,20.64510206777646,20.763186965719914
echo-h2old-c1000,main,srv ctxsw/stream,3,22.901611583305648,22.683750499865344,23.147955819991697
echo-h2old-c1000,main,srv peak RSS MiB,3,62.20703125,60.734375,63.13671875
echo-h2old-c1000,main,errors,3,0,0,0
echo-h2old-c1000,main,timeouts,3,0,0,0
echo-h2old-c1000,main,client CPU %,3,51.20793640863612,51.18771189187466,51.27290052333922
echo-h2old-c1000,listener-nodelay,streams/s,3,11892.740714932183,11855.548863517282,11908.553960014291
echo-h2old-c1000,listener-nodelay,GiB/s,3,11.611800206328985,11.575115760670739,11.627243963504307
echo-h2old-c1000,listener-nodelay,TTFB p50 ms,3,6.334,6.288,6.337
echo-h2old-c1000,listener-nodelay,TTFB p99 ms,3,7.612,7.557,7.666
echo-h2old-c1000,listener-nodelay,TTFB p99.9 ms,3,8.077,8.068,8.257
echo-h2old-c1000,listener-nodelay,TTLB p50 ms,3,85.412,85.303,85.646
echo-h2old-c1000,listener-nodelay,TTLB p99 ms,3,96.638,96.47,97.306
echo-h2old-c1000,listener-nodelay,TTLB p99.9 ms,3,101.003,100.682,102.118
echo-h2old-c1000,listener-nodelay,srv CPU us/stream,3,1784.8883656393223,1780.2524501776222,1790.9113148815197
echo-h2old-c1000,listener-nodelay,srv cores busy,3,21.227214537647527,21.200232365387865,21.232236603803845
echo-h2old-c1000,listener-nodelay,srv ctxsw/stream,3,22.079178019790287,21.957103813648406,22.639590839233076
echo-h2old-c1000,listener-nodelay,srv peak RSS MiB,3,66.90234375,64.79296875,68.18359375
echo-h2old-c1000,listener-nodelay,errors,3,0,0,0
echo-h2old-c1000,listener-nodelay,timeouts,3,0,0,0
echo-h2old-c1000,listener-nodelay,client CPU %,3,49.83524760672126,49.83274938181988,49.950211075750566
echo-h2old-c1000,inline-streaming-nodelay,streams/s,3,11963.67174309176,11923.173795580007,12030.149968672195
echo-h2old-c1000,inline-streaming-nodelay,GiB/s,3,11.682231887645246,11.64121202172133,11.750368382046208
echo-h2old-c1000,inline-streaming-nodelay,TTFB p50 ms,3,6.255,6.218,6.268
echo-h2old-c1000,inline-streaming-nodelay,TTFB p99 ms,3,7.528,7.496,7.566
echo-h2old-c1000,inline-streaming-nodelay,TTFB p99.9 ms,3,8.014,7.952,8.062
echo-h2old-c1000,inline-streaming-nodelay,TTLB p50 ms,3,84.911,84.402,85.203
echo-h2old-c1000,inline-streaming-nodelay,TTLB p99 ms,3,96.002,95.385,96.336
echo-h2old-c1000,inline-streaming-nodelay,TTLB p99.9 ms,3,100.379,99.8,100.757
echo-h2old-c1000,inline-streaming-nodelay,srv CPU us/stream,3,1804.82177489467,1799.0007398847774,1809.8625219134533
echo-h2old-c1000,inline-streaming-nodelay,srv cores busy,3,21.59229526962408,21.579305394880834,21.64224869456611
echo-h2old-c1000,inline-streaming-nodelay,srv ctxsw/stream,3,23.77202404209861,23.69400850535569,23.8951631779576
echo-h2old-c1000,inline-streaming-nodelay,srv peak RSS MiB,3,63.37109375,62.6015625,67.078125
echo-h2old-c1000,inline-streaming-nodelay,errors,3,0,0,0
echo-h2old-c1000,inline-streaming-nodelay,timeouts,3,0,0,0
echo-h2old-c1000,inline-streaming-nodelay,client CPU %,3,49.762670490752,49.56029470470036,49.80279405692937
echosf2m-h1-c16,main,streams/s,3,376.6375923864149,376.3215035751965,384.4379774360332
echosf2m-h1-c16,main,GiB/s,3,0.7354280168576988,0.7349656196088847,0.750653985598088
echosf2m-h1-c16,main,TTFB p50 ms,3,0.947,0.93,0.955
echosf2m-h1-c16,main,TTFB p99 ms,3,1.045,1.041,1.077
echosf2m-h1-c16,main,TTFB p99.9 ms,3,1.085,1.057,1.23
echosf2m-h1-c16,main,TTLB p50 ms,3,43.0,42.999,43.0
echosf2m-h1-c16,main,TTLB p99 ms,3,44.018,44.017,44.021
echosf2m-h1-c16,main,TTLB p99.9 ms,3,44.358,44.048,44.466
echosf2m-h1-c16,main,srv CPU us/stream,3,2577.730534148286,2541.157727031333,2596.2539021852235
echosf2m-h1-c16,main,srv cores busy,3,0.9700554304223774,0.9570955281832159,0.9980985990664961
echosf2m-h1-c16,main,srv ctxsw/stream,3,91.11004162330906,90.58284652150823,93.05819824608025
echosf2m-h1-c16,main,srv peak RSS MiB,3,14.1796875,14.015625,14.3671875
echosf2m-h1-c16,main,errors,3,0,0,0
echosf2m-h1-c16,main,timeouts,3,0,0,0
echosf2m-h1-c16,main,client CPU %,3,2.167623861278869,2.147714364444573,2.222719575576441
echosf2m-h1-c16,listener-nodelay,streams/s,3,5831.80260541184,5828.906023781715,5861.512468851719
echosf2m-h1-c16,listener-nodelay,GiB/s,3,11.389139704336943,11.382975164425782,11.446561283670091
echosf2m-h1-c16,listener-nodelay,TTFB p50 ms,3,1.013,0.995,1.026
echosf2m-h1-c16,listener-nodelay,TTFB p99 ms,3,1.191,1.19,1.206
echosf2m-h1-c16,listener-nodelay,TTFB p99.9 ms,3,1.262,1.219,1.487
echosf2m-h1-c16,listener-nodelay,TTLB p50 ms,3,2.74,2.728,2.742
echosf2m-h1-c16,listener-nodelay,TTLB p99 ms,3,2.899,2.872,2.923
echosf2m-h1-c16,listener-nodelay,TTLB p99.9 ms,3,2.956,2.932,3.61
echosf2m-h1-c16,listener-nodelay,srv CPU us/stream,3,2773.871587323364,2758.2794451364125,2774.393905598545
echosf2m-h1-c16,listener-nodelay,srv cores busy,3,16.171681348686636,16.167689360244484,16.17667155003027
echosf2m-h1-c16,listener-nodelay,srv ctxsw/stream,3,30.752572369323637,30.532625293824957,31.042519067037485
echosf2m-h1-c16,listener-nodelay,srv peak RSS MiB,3,16.875,16.75390625,17.890625
echosf2m-h1-c16,listener-nodelay,errors,3,0,0,0
echosf2m-h1-c16,listener-nodelay,timeouts,3,0,0,0
echosf2m-h1-c16,listener-nodelay,client CPU %,3,34.79863610600685,34.78859473680389,34.8661249856888
echosf2m-h1-c16,inline-streaming-nodelay,streams/s,3,5933.616218504886,5879.505172763828,5938.515514068299
echosf2m-h1-c16,inline-streaming-nodelay,GiB/s,3,11.588272414575307,11.482354121318311,11.597822260279202
echosf2m-h1-c16,inline-streaming-nodelay,TTFB p50 ms,3,0.996,0.994,1.002
echosf2m-h1-c16,inline-streaming-nodelay,TTFB p99 ms,3,1.187,1.183,1.189
echosf2m-h1-c16,inline-streaming-nodelay,TTFB p99.9 ms,3,1.215,1.214,1.219
echosf2m-h1-c16,inline-streaming-nodelay,TTLB p50 ms,3,2.69,2.685,2.719
echosf2m-h1-c16,inline-streaming-nodelay,TTLB p99 ms,3,2.877,2.858,2.882
echosf2m-h1-c16,inline-streaming-nodelay,TTLB p99.9 ms,3,2.925,2.908,2.94
echosf2m-h1-c16,inline-streaming-nodelay,srv CPU us/stream,3,2702.0057306590256,2699.7760150895097,2731.6334688462125
echosf2m-h1-c16,inline-streaming-nodelay,srv cores busy,3,16.03266502593154,16.032661750118542,16.06065311017611
echosf2m-h1-c16,inline-streaming-nodelay,srv ctxsw/stream,3,27.069334276427693,27.009843249620765,27.735052475803297
echosf2m-h1-c16,inline-streaming-nodelay,srv peak RSS MiB,3,16.5234375,16.4921875,16.93359375
echosf2m-h1-c16,inline-streaming-nodelay,errors,3,0,0,0
echosf2m-h1-c16,inline-streaming-nodelay,timeouts,3,0,0,0
echosf2m-h1-c16,inline-streaming-nodelay,client CPU %,3,35.20865649291497,34.94609697380464,35.28865759172433
echosf2m-h2old-c16,main,streams/s,3,662.2646393467265,661.3727935335594,685.9693415538757
echosf2m-h2old-c16,main,GiB/s,3,1.2931315852624323,1.29149346568363,1.339574803678661
echosf2m-h2old-c16,main,TTFB p50 ms,3,1.875,1.867,1.89
echosf2m-h2old-c16,main,TTFB p99 ms,3,2.764,2.754,2.812
echosf2m-h2old-c16,main,TTFB p99.9 ms,3,2.983,2.976,2.987
echosf2m-h2old-c16,main,TTLB p50 ms,3,42.831,42.677,42.839
echosf2m-h2old-c16,main,TTLB p99 ms,3,44.452,44.409,44.462
echosf2m-h2old-c16,main,TTLB p99.9 ms,3,44.965,44.898,44.998
echosf2m-h2old-c16,main,srv CPU us/stream,3,2844.437964717889,2842.8852260698623,2875.264270613108
echosf2m-h2old-c16,main,srv cores busy,3,1.9041858552041184,1.8802069436611095,1.9511972377483766
echosf2m-h2old-c16,main,srv ctxsw/stream,3,118.60668380462725,117.76804198862808,119.65508909694957
echosf2m-h2old-c16,main,srv peak RSS MiB,3,29.64453125,27.59375,29.96484375
echosf2m-h2old-c16,main,errors,3,0,0,0
echosf2m-h2old-c16,main,timeouts,3,0,0,0
echosf2m-h2old-c16,main,client CPU %,3,4.467991766386174,4.462935598134653,4.6754726224877805
echosf2m-h2old-c16,listener-nodelay,streams/s,3,5666.47710972766,5651.470929112819,5686.896499711234
echosf2m-h2old-c16,listener-nodelay,GiB/s,3,11.066034871621408,11.03774836833844,11.104929141500358
echosf2m-h2old-c16,listener-nodelay,TTFB p50 ms,3,1.785,1.78,1.786
echosf2m-h2old-c16,listener-nodelay,TTFB p99 ms,3,2.767,2.727,2.812
echosf2m-h2old-c16,listener-nodelay,TTFB p99.9 ms,3,3.012,3.011,3.029
echosf2m-h2old-c16,listener-nodelay,TTLB p50 ms,3,2.802,2.795,2.809
echosf2m-h2old-c16,listener-nodelay,TTLB p99 ms,3,3.216,3.192,3.217
echosf2m-h2old-c16,listener-nodelay,TTLB p99.9 ms,3,4.09,4.034,4.148
echosf2m-h2old-c16,listener-nodelay,srv CPU us/stream,3,2955.989311437116,2941.4557796809877,2960.6946822217124
echosf2m-h2old-c16,listener-nodelay,srv cores busy,3,16.72775457752319,16.705687660355082,16.776708645701742
echosf2m-h2old-c16,listener-nodelay,srv ctxsw/stream,3,29.532853173830716,29.124993381457493,30.273974289080773
echosf2m-h2old-c16,listener-nodelay,srv peak RSS MiB,3,45.484375,45.0234375,47.140625
echosf2m-h2old-c16,listener-nodelay,errors,3,0,0,0
echosf2m-h2old-c16,listener-nodelay,timeouts,3,0,0,0
echosf2m-h2old-c16,listener-nodelay,client CPU %,3,39.49902282932878,39.491642286257736,39.70901152744244
echosf2m-h2old-c16,inline-streaming-nodelay,streams/s,3,5745.185761904727,5686.779563021064,5745.837977053522
echosf2m-h2old-c16,inline-streaming-nodelay,GiB/s,3,11.219649781207742,11.105952104578225,11.221044183885358
echosf2m-h2old-c16,inline-streaming-nodelay,TTFB p50 ms,3,1.917,1.912,1.933
echosf2m-h2old-c16,inline-streaming-nodelay,TTFB p99 ms,3,2.676,2.658,2.717
echosf2m-h2old-c16,inline-streaming-nodelay,TTFB p99.9 ms,3,2.89,2.848,2.969
echosf2m-h2old-c16,inline-streaming-nodelay,TTLB p50 ms,3,2.766,2.764,2.803
echosf2m-h2old-c16,inline-streaming-nodelay,TTLB p99 ms,3,3.074,3.068,3.086
echosf2m-h2old-c16,inline-streaming-nodelay,TTLB p99.9 ms,3,3.775,3.592,3.885
echosf2m-h2old-c16,inline-streaming-nodelay,srv CPU us/stream,3,2864.4781730836175,2851.373463774675,2894.0241285920297
echosf2m-h2old-c16,inline-streaming-nodelay,srv cores busy,3,16.457677269367,16.38167022595123,16.45882747134474
echosf2m-h2old-c16,inline-streaming-nodelay,srv ctxsw/stream,3,24.291142986456848,24.08842163893337,25.023372375224227
echosf2m-h2old-c16,inline-streaming-nodelay,srv peak RSS MiB,3,38.97265625,38.42578125,39.32421875
echosf2m-h2old-c16,inline-streaming-nodelay,errors,3,0,0,0
echosf2m-h2old-c16,inline-streaming-nodelay,timeouts,3,0,0,0
echosf2m-h2old-c16,inline-streaming-nodelay,client CPU %,3,40.30947567798201,39.66654257998715,40.45162432626143
echosf2m-h2oldmux-c16,main,streams/s,3,0.0,0.0,0.0
echosf2m-h2oldmux-c16,main,GiB/s,3,0.0,0.0,0.0
echosf2m-h2oldmux-c16,main,srv CPU us/stream,3,150000.0,130000.0,160000.0
echosf2m-h2oldmux-c16,main,srv cores busy,3,0.015001868667265491,0.013001656483845318,0.016000905739269825
echosf2m-h2oldmux-c16,main,srv ctxsw/stream,3,11709.0,11356.0,12563.0
echosf2m-h2oldmux-c16,main,srv peak RSS MiB,3,27.3828125,25.921875,28.3359375
echosf2m-h2oldmux-c16,main,errors,3,32,32,32
echosf2m-h2oldmux-c16,main,timeouts,3,32,32,32
echosf2m-h2oldmux-c16,main,client CPU %,3,0.022502866991270742,0.02250127369584819,0.02500311444544248
echosf2m-h2oldmux-c16,listener-nodelay,streams/s,3,0.0,0.0,0.0
echosf2m-h2oldmux-c16,listener-nodelay,GiB/s,3,0.0,0.0,0.0
echosf2m-h2oldmux-c16,listener-nodelay,srv CPU us/stream,3,160000.0,160000.0,160000.0
echosf2m-h2oldmux-c16,listener-nodelay,srv cores busy,3,0.016002859150830183,0.01600126775964295,0.0160030053115876
echosf2m-h2oldmux-c16,listener-nodelay,srv ctxsw/stream,3,12051.0,11897.0,12280.0
echosf2m-h2oldmux-c16,listener-nodelay,srv peak RSS MiB,3,27.75,27.07421875,29.265625
echosf2m-h2oldmux-c16,listener-nodelay,errors,3,32,32,32
echosf2m-h2oldmux-c16,listener-nodelay,timeouts,3,32,32,32
echosf2m-h2oldmux-c16,listener-nodelay,client CPU %,3,0.02250422621942006,0.02250402068085494,0.02500198087444211
echosf2m-h2oldmux-c16,inline-streaming-nodelay,streams/s,3,0.0,0.0,0.0
echosf2m-h2oldmux-c16,inline-streaming-nodelay,GiB/s,3,0.0,0.0,0.0
echosf2m-h2oldmux-c16,inline-streaming-nodelay,srv CPU us/stream,3,150000.0,140000.0,150000.0
echosf2m-h2oldmux-c16,inline-streaming-nodelay,srv cores busy,3,0.015000813785147355,0.014001348517480304,0.015001875523976695
echosf2m-h2oldmux-c16,inline-streaming-nodelay,srv ctxsw/stream,3,11358.0,10935.0,11794.0
echosf2m-h2oldmux-c16,inline-streaming-nodelay,srv peak RSS MiB,3,22.66015625,22.32421875,22.82421875
echosf2m-h2oldmux-c16,inline-streaming-nodelay,errors,3,32,32,32
echosf2m-h2oldmux-c16,inline-streaming-nodelay,timeouts,3,32,32,32
echosf2m-h2oldmux-c16,inline-streaming-nodelay,client CPU %,3,0.025001356308578925,0.022502167260236197,0.025003125873294497
echosf4m-h1-c16,main,streams/s,3,361.9585315902264,358.03444516924225,362.9580101995297
echosf4m-h1-c16,main,GiB/s,3,1.414097373526775,1.3981692585184529,1.417289642353658
echosf4m-h1-c16,main,TTFB p50 ms,3,1.593,1.58,1.602
echosf4m-h1-c16,main,TTFB p99 ms,3,1.787,1.765,1.792
echosf4m-h1-c16,main,TTFB p99.9 ms,3,2.276,1.803,2.282
echosf4m-h1-c16,main,TTLB p50 ms,3,45.002,45.002,45.003
echosf4m-h1-c16,main,TTLB p99 ms,3,46.049,46.043,46.449
echosf4m-h1-c16,main,TTLB p99.9 ms,3,46.979,46.531,47.043
echosf4m-h1-c16,main,srv CPU us/stream,3,5027.932960893855,4995.855208621166,5064.75613116561
echosf4m-h1-c16,main,srv cores busy,3,1.8082924153499014,1.8001731880017768,1.8382938075137383
echosf4m-h1-c16,main,srv ctxsw/stream,3,168.03692477266463,168.0086592178771,169.28764852169107
echosf4m-h1-c16,main,srv peak RSS MiB,3,14.23046875,14.0703125,14.3515625
echosf4m-h1-c16,main,errors,3,0,0,0
echosf4m-h1-c16,main,timeouts,3,0,0,0
echosf4m-h1-c16,main,client CPU %,3,4.070658258005587,4.027887508153976,4.085652994392612
echosf4m-h1-c16,listener-nodelay,streams/s,3,3039.0141574807267,3031.5135785519597,3062.720201884211
echosf4m-h1-c16,listener-nodelay,GiB/s,3,11.871107137320124,11.841611233972923,11.96253080981937
echosf4m-h1-c16,listener-nodelay,TTFB p50 ms,3,1.677,1.673,1.677
echosf4m-h1-c16,listener-nodelay,TTFB p99 ms,3,1.933,1.927,1.935
echosf4m-h1-c16,listener-nodelay,TTFB p99.9 ms,3,2.461,2.438,2.474
echosf4m-h1-c16,listener-nodelay,TTLB p50 ms,3,5.264,5.22,5.277
echosf4m-h1-c16,listener-nodelay,TTLB p99 ms,3,5.523,5.487,5.563
echosf4m-h1-c16,listener-nodelay,TTLB p99.9 ms,3,5.607,5.56,5.636
echosf4m-h1-c16,listener-nodelay,srv CPU us/stream,3,5369.730476848652,5329.8066875653085,5382.68672472948
echosf4m-h1-c16,listener-nodelay,srv cores busy,3,16.318686940998784,16.317687895108794,16.323706614143838
echosf4m-h1-c16,listener-nodelay,srv ctxsw/stream,3,58.557014106583075,57.60306149379784,58.824859314838584
echosf4m-h1-c16,listener-nodelay,srv peak RSS MiB,3,17.26953125,16.7421875,17.3984375
echosf4m-h1-c16,listener-nodelay,errors,3,0,0,0
echosf4m-h1-c16,listener-nodelay,timeouts,3,0,0,0
echosf4m-h1-c16,listener-nodelay,client CPU %,3,35.581178197179895,35.47866989942293,35.80374321690659
echosf4m-h1-c16,inline-streaming-nodelay,streams/s,3,3073.9258287604266,3051.320921457386,3082.517141693606
echosf4m-h1-c16,inline-streaming-nodelay,GiB/s,3,12.005196129781169,11.917540104105898,12.038314696404218
echosf4m-h1-c16,inline-streaming-nodelay,TTFB p50 ms,3,1.668,1.65,1.693
echosf4m-h1-c16,inline-streaming-nodelay,TTFB p99 ms,3,1.912,1.909,1.927
echosf4m-h1-c16,inline-streaming-nodelay,TTFB p99.9 ms,3,1.988,1.981,2.407
echosf4m-h1-c16,inline-streaming-nodelay,TTLB p50 ms,3,5.206,5.184,5.23
echosf4m-h1-c16,inline-streaming-nodelay,TTLB p99 ms,3,5.438,5.428,5.584
echosf4m-h1-c16,inline-streaming-nodelay,TTLB p99.9 ms,3,5.509,5.487,5.674
echosf4m-h1-c16,inline-streaming-nodelay,srv CPU us/stream,3,5275.897969807392,5257.283758354422,5302.196001311046
echosf4m-h1-c16,inline-streaming-nodelay,srv cores busy,3,16.20566730387489,16.178701588468087,16.21771903929564
echosf4m-h1-c16,inline-streaming-nodelay,srv ctxsw/stream,3,53.63688274609046,52.444936086529005,53.704223060905775
echosf4m-h1-c16,inline-streaming-nodelay,srv peak RSS MiB,3,15.56640625,15.5390625,17.00390625
echosf4m-h1-c16,inline-streaming-nodelay,errors,3,0,0,0
echosf4m-h1-c16,inline-streaming-nodelay,timeouts,3,0,0,0
echosf4m-h1-c16,inline-streaming-nodelay,client CPU %,3,35.90130545221481,35.703755128164104,36.02870677746809
echosf3m-h2old-c16,main,streams/s,3,696.6703945723503,695.6548122426627,748.0748999520529
echosf3m-h2old-c16,main,GiB/s,3,2.040387138728443,2.039029373192988,2.1920163475679773
echosf3m-h2old-c16,main,TTFB p50 ms,3,3.029,3.024,3.172
echosf3m-h2old-c16,main,TTFB p99 ms,3,44.36,44.213,44.434
echosf3m-h2old-c16,main,TTFB p99.9 ms,3,45.071,45.07,45.181
echosf3m-h2old-c16,main,TTLB p50 ms,3,4.168,4.094,4.233
echosf3m-h2old-c16,main,TTLB p99 ms,3,85.297,85.194,85.399
echosf3m-h2old-c16,main,TTLB p99.9 ms,3,86.527,86.513,86.882
echosf3m-h2old-c16,main,srv CPU us/stream,3,4196.377228292122,4173.12661498708,4299.465240641711
echosf3m-h2old-c16,main,srv cores busy,3,2.9192300128469415,2.9072937654634257,3.2163220297403767
echosf3m-h2old-c16,main,srv ctxsw/stream,3,149.3090856814261,147.9744652406417,150.5
echosf3m-h2old-c16,main,srv peak RSS MiB,3,39.93359375,37.40234375,40.671875
echosf3m-h2old-c16,main,errors,3,0,0,0
echosf3m-h2old-c16,main,timeouts,3,0,0,0
echosf3m-h2old-c16,main,client CPU %,3,6.983050210587108,6.963203592032715,7.848285798627988
echosf3m-h2old-c16,listener-nodelay,streams/s,3,3802.787313127285,3790.3895640628216,3810.9990565710123
echosf3m-h2old-c16,listener-nodelay,GiB/s,3,11.14034667821392,11.103990030747546,11.164638002447054
echosf3m-h2old-c16,listener-nodelay,TTFB p50 ms,3,3.022,3.016,3.062
echosf3m-h2old-c16,listener-nodelay,TTFB p99 ms,3,3.647,3.644,3.649
echosf3m-h2old-c16,listener-nodelay,TTFB p99.9 ms,3,4.401,4.386,4.43
echosf3m-h2old-c16,listener-nodelay,TTLB p50 ms,3,4.185,4.174,4.201
echosf3m-h2old-c16,listener-nodelay,TTLB p99 ms,3,4.693,4.659,4.694
echosf3m-h2old-c16,listener-nodelay,TTLB p99.9 ms,3,5.638,5.579,5.715
echosf3m-h2old-c16,listener-nodelay,srv CPU us/stream,3,4398.257492258437,4392.488954344624,4423.863426475633
echosf3m-h2old-c16,listener-nodelay,srv cores busy,3,16.76175515355329,16.703701268633473,16.768165764552432
echosf3m-h2old-c16,listener-nodelay,srv ctxsw/stream,3,45.34423071848862,44.331790448138015,45.36143914344198
echosf3m-h2old-c16,listener-nodelay,srv peak RSS MiB,3,47.41796875,46.33203125,47.44140625
echosf3m-h2old-c16,listener-nodelay,errors,3,0,0,0
echosf3m-h2old-c16,listener-nodelay,timeouts,3,0,0,0
echosf3m-h2old-c16,listener-nodelay,client CPU %,3,39.83167084595129,39.56260987899814,40.23909834411853
echosf3m-h2old-c16,inline-streaming-nodelay,streams/s,3,0.0,0.0,0.0
echosf3m-h2old-c16,inline-streaming-nodelay,GiB/s,3,0.0,0.0,0.0
echosf3m-h2old-c16,inline-streaming-nodelay,srv CPU us/stream,3,60000.0,50000.0,70000.0
echosf3m-h2old-c16,inline-streaming-nodelay,srv cores busy,3,0.006000705822221068,0.0050003798858604615,0.0070007160136318705
echosf3m-h2old-c16,inline-streaming-nodelay,srv ctxsw/stream,3,1907.0,1885.0,2053.0
echosf3m-h2old-c16,inline-streaming-nodelay,srv peak RSS MiB,3,35.65234375,35.546875,35.94921875
echosf3m-h2old-c16,inline-streaming-nodelay,errors,3,32,32,32
echosf3m-h2old-c16,inline-streaming-nodelay,timeouts,3,32,32,32
echosf3m-h2old-c16,inline-streaming-nodelay,client CPU %,3,0.017501329600511616,0.015001764555552672,0.017501790034079676
echosf4m-h2old-c16,main,streams/s,3,0.0,0.0,0.0
echosf4m-h2old-c16,main,GiB/s,3,0.0,0.0,0.0
echosf4m-h2old-c16,main,srv CPU us/stream,3,40000.0,20000.0,50000.0
echosf4m-h2old-c16,main,srv cores busy,3,0.004000569992411265,0.0020002888271045257,0.005000750837734532
echosf4m-h2old-c16,main,srv ctxsw/stream,3,1856.0,984.0,1887.0
echosf4m-h2old-c16,main,srv peak RSS MiB,3,42.71875,41.6171875,44.44921875
echosf4m-h2old-c16,main,errors,3,32,32,32
echosf4m-h2old-c16,main,timeouts,3,32,32,32
echosf4m-h2old-c16,main,client CPU %,3,0.010001424981028163,0.005000722067761315,0.010001501675469062
echosf4m-h2old-c16,listener-nodelay,streams/s,3,0.0,0.0,0.0
echosf4m-h2old-c16,listener-nodelay,GiB/s,3,0.0,0.0,0.0
echosf4m-h2old-c16,listener-nodelay,srv CPU us/stream,3,30000.0,20000.0,30000.0
echosf4m-h2old-c16,listener-nodelay,srv cores busy,3,0.0030002507093499753,0.002000322124073605,0.003000369011184169
echosf4m-h2old-c16,listener-nodelay,srv ctxsw/stream,3,735.0,517.0,911.0
echosf4m-h2old-c16,listener-nodelay,srv peak RSS MiB,3,41.23828125,39.796875,41.41015625
echosf4m-h2old-c16,listener-nodelay,errors,3,32,32,32
echosf4m-h2old-c16,listener-nodelay,timeouts,3,32,32,32
echosf4m-h2old-c16,listener-nodelay,client CPU %,3,0.005000805310184012,0.005000615018640282,0.0075006267733749386
echosf4m-h2old-c16,inline-streaming-nodelay,streams/s,3,0.0,0.0,0.0
echosf4m-h2old-c16,inline-streaming-nodelay,GiB/s,3,0.0,0.0,0.0
echosf4m-h2old-c16,inline-streaming-nodelay,srv CPU us/stream,3,10000.0,10000.0,30000.0
echosf4m-h2old-c16,inline-streaming-nodelay,srv cores busy,3,0.0010001209538280592,0.0010000269581267212,0.0030003142385118336
echosf4m-h2old-c16,inline-streaming-nodelay,srv ctxsw/stream,3,479.0,281.0,697.0
echosf4m-h2old-c16,inline-streaming-nodelay,srv peak RSS MiB,3,31.52734375,31.17578125,31.6796875
echosf4m-h2old-c16,inline-streaming-nodelay,errors,3,32,32,32
echosf4m-h2old-c16,inline-streaming-nodelay,timeouts,3,32,32,32
echosf4m-h2old-c16,inline-streaming-nodelay,client CPU %,3,0.005000134790633606,0.002500302384570148,0.007500785596279583
echosf8m-h1-c16,main,streams/s,3,0.0,0.0,0.0
echosf8m-h1-c16,main,GiB/s,3,0.0,0.0,0.0
echosf8m-h1-c16,main,srv CPU us/stream,3,170000.0,170000.0,180000.0
echosf8m-h1-c16,main,srv cores busy,3,0.01700162005887298,0.017001075464232362,0.018001360184575682
echosf8m-h1-c16,main,srv ctxsw/stream,3,2144.0,1926.0,2275.0
echosf8m-h1-c16,main,srv peak RSS MiB,3,56.51171875,56.39453125,56.81640625
echosf8m-h1-c16,main,errors,3,32,32,32
echosf8m-h1-c16,main,timeouts,3,32,32,32
echosf8m-h1-c16,main,client CPU %,3,0.02250214419556718,0.02000126525203807,0.025001889145244004
echosf8m-h1-c16,listener-nodelay,streams/s,3,56.10945937031443,55.81118473443546,187.42767782003904
echosf8m-h1-c16,listener-nodelay,GiB/s,3,0.4384992498291395,0.43642779118522324,1.464566962127275
echosf8m-h1-c16,listener-nodelay,TTFB p50 ms,3,4.217,4.197,4.27
echosf8m-h1-c16,listener-nodelay,TTFB p99 ms,3,6.29,5.54,6.438
echosf8m-h1-c16,listener-nodelay,TTFB p99.9 ms,3,6.952,6.855,7.017
echosf8m-h1-c16,listener-nodelay,TTLB p50 ms,3,8.86,8.841,8.943
echosf8m-h1-c16,listener-nodelay,TTLB p99 ms,3,10.925,10.192,11.1
echosf8m-h1-c16,listener-nodelay,TTLB p99.9 ms,3,12.299,12.292,12.338
echosf8m-h1-c16,listener-nodelay,srv CPU us/stream,3,9569.89247311828,9498.399146211314,9679.144385026739
echosf8m-h1-c16,listener-nodelay,srv cores busy,3,0.5430915586110647,0.5341070367058877,1.780262894982228
echosf8m-h1-c16,listener-nodelay,srv ctxsw/stream,3,376.0445632798574,332.5384204909285,377.01075268817203
echosf8m-h1-c16,listener-nodelay,srv peak RSS MiB,3,58.05078125,57.7578125,60.57421875
echosf8m-h1-c16,listener-nodelay,errors,3,32,30,32
echosf8m-h1-c16,listener-nodelay,timeouts,3,32,30,32
echosf8m-h1-c16,listener-nodelay,client CPU %,3,1.2327470463296002,1.227706976418199,4.025594467586218
echosf8m-h1-c16,inline-streaming-nodelay,streams/s,3,0.0,0.0,0.0
echosf8m-h1-c16,inline-streaming-nodelay,GiB/s,3,0.0,0.0,0.0
echosf8m-h1-c16,inline-streaming-nodelay,srv CPU us/stream,3,200000.0,200000.0,200000.0
echosf8m-h1-c16,inline-streaming-nodelay,srv cores busy,3,0.020002427148516754,0.02000200398077683,0.02000253703578671
echosf8m-h1-c16,inline-streaming-nodelay,srv ctxsw/stream,3,2476.0,2185.0,2622.0
echosf8m-h1-c16,inline-streaming-nodelay,srv peak RSS MiB,3,30.25390625,30.24609375,30.34375
echosf8m-h1-c16,inline-streaming-nodelay,errors,3,32,32,32
echosf8m-h1-c16,inline-streaming-nodelay,timeouts,3,32,32,32
echosf8m-h1-c16,inline-streaming-nodelay,client CPU %,3,0.025003171294733388,0.02500250497597104,0.027503337329210533
echosf16m-h1-c16,main,streams/s,3,0.0,0.0,0.0
echosf16m-h1-c16,main,GiB/s,3,0.0,0.0,0.0
echosf16m-h1-c16,main,srv CPU us/stream,3,170000.0,160000.0,170000.0
echosf16m-h1-c16,main,srv cores busy,3,0.01700197921230149,0.016002008413676203,0.017002835035711022
echosf16m-h1-c16,main,srv ctxsw/stream,3,1988.0,1908.0,2208.0
echosf16m-h1-c16,main,srv peak RSS MiB,3,56.640625,56.34375,56.7421875
echosf16m-h1-c16,main,errors,3,32,32,32
echosf16m-h1-c16,main,timeouts,3,32,32,32
echosf16m-h1-c16,main,client CPU %,3,0.02250282433173216,0.022502619545693145,0.02250375225314694
echosf16m-h1-c16,listener-nodelay,streams/s,3,0.0,0.0,0.0
echosf16m-h1-c16,listener-nodelay,GiB/s,3,0.0,0.0,0.0
echosf16m-h1-c16,listener-nodelay,srv CPU us/stream,3,230000.0,220000.0,230000.0
echosf16m-h1-c16,listener-nodelay,srv cores busy,3,0.02300256812171795,0.022001871897259145,0.023004046089650527
echosf16m-h1-c16,listener-nodelay,srv ctxsw/stream,3,2824.0,2779.0,2844.0
echosf16m-h1-c16,listener-nodelay,srv peak RSS MiB,3,56.86328125,56.3125,57.1328125
echosf16m-h1-c16,listener-nodelay,errors,3,32,32,32
echosf16m-h1-c16,listener-nodelay,timeouts,3,32,32,32
echosf16m-h1-c16,listener-nodelay,client CPU %,3,0.027502339871573928,0.025004397923533178,0.02750307058031494
echosf16m-h1-c16,inline-streaming-nodelay,streams/s,3,0.0,0.0,0.0
echosf16m-h1-c16,inline-streaming-nodelay,GiB/s,3,0.0,0.0,0.0
echosf16m-h1-c16,inline-streaming-nodelay,srv CPU us/stream,3,190000.0,180000.0,190000.0
echosf16m-h1-c16,inline-streaming-nodelay,srv cores busy,3,0.01900210170465652,0.018001976530613573,0.019003496270845306
echosf16m-h1-c16,inline-streaming-nodelay,srv ctxsw/stream,3,2009.0,1772.0,2434.0
echosf16m-h1-c16,inline-streaming-nodelay,srv peak RSS MiB,3,30.2421875,30.234375,30.34375
echosf16m-h1-c16,inline-streaming-nodelay,errors,3,32,32,32
echosf16m-h1-c16,inline-streaming-nodelay,timeouts,3,32,32,32
echosf16m-h1-c16,inline-streaming-nodelay,client CPU %,3,0.025004600356375407,0.025002745181407746,0.02750304194095023
echosf16m-h2old-c16,main,streams/s,3,0.0,0.0,0.0
echosf16m-h2old-c16,main,GiB/s,3,0.0,0.0,0.0
echosf16m-h2old-c16,main,srv CPU us/stream,3,30000.0,20000.0,50000.0
echosf16m-h2old-c16,main,srv cores busy,3,0.0030001716092160125,0.00200030012723142,0.0050005961490702695
echosf16m-h2old-c16,main,srv ctxsw/stream,3,1157.0,670.0,2327.0
echosf16m-h2old-c16,main,srv peak RSS MiB,3,42.0546875,40.6875,46.11328125
echosf16m-h2old-c16,main,errors,3,32,32,32
echosf16m-h2old-c16,main,timeouts,3,32,32,32
echosf16m-h2old-c16,main,client CPU %,3,0.00500075031807855,0.005000286015360022,0.015001788447210805
echosf16m-h2old-c16,listener-nodelay,streams/s,3,0.0,0.0,0.0
echosf16m-h2old-c16,listener-nodelay,GiB/s,3,0.0,0.0,0.0
echosf16m-h2old-c16,listener-nodelay,srv CPU us/stream,3,30000.0,20000.0,40000.0
echosf16m-h2old-c16,listener-nodelay,srv cores busy,3,0.0030001934671757117,0.002000253272869512,0.004000381537989338
echosf16m-h2old-c16,listener-nodelay,srv ctxsw/stream,3,728.0,627.0,1223.0
echosf16m-h2old-c16,listener-nodelay,srv peak RSS MiB,3,41.421875,40.49609375,42.984375
echosf16m-h2old-c16,listener-nodelay,errors,3,32,32,32
echosf16m-h2old-c16,listener-nodelay,timeouts,3,32,32,32
echosf16m-h2old-c16,listener-nodelay,client CPU %,3,0.007500483667939279,0.00500063318217378,0.010000953844973345
echosf16m-h2old-c16,inline-streaming-nodelay,streams/s,3,0.0,0.0,0.0
echosf16m-h2old-c16,inline-streaming-nodelay,GiB/s,3,0.0,0.0,0.0
echosf16m-h2old-c16,inline-streaming-nodelay,srv CPU us/stream,3,30000.0,20000.0,30000.0
echosf16m-h2old-c16,inline-streaming-nodelay,srv cores busy,3,0.0030003519973958765,0.0020002804607235944,0.003000450513443963
echosf16m-h2old-c16,inline-streaming-nodelay,srv ctxsw/stream,3,588.0,567.0,763.0
echosf16m-h2old-c16,inline-streaming-nodelay,srv peak RSS MiB,3,31.5,31.48828125,32.3125
echosf16m-h2old-c16,inline-streaming-nodelay,errors,3,32,32,32
echosf16m-h2old-c16,inline-streaming-nodelay,timeouts,3,32,32,32
echosf16m-h2old-c16,inline-streaming-nodelay,client CPU %,3,0.007500879993489691,0.005000750855739938,0.00750105172771348
echosf64m-h1-c16,main,streams/s,3,0.0,0.0,0.0
echosf64m-h1-c16,main,GiB/s,3,0.0,0.0,0.0
echosf64m-h1-c16,main,srv CPU us/stream,3,150000.0,150000.0,160000.0
echosf64m-h1-c16,main,srv cores busy,3,0.015001386104073798,0.015001076918311318,0.016001549743692056
echosf64m-h1-c16,main,srv ctxsw/stream,3,2018.0,2007.0,2036.0
echosf64m-h1-c16,main,srv peak RSS MiB,3,56.52734375,56.5,56.83203125
echosf64m-h1-c16,main,errors,3,32,32,32
echosf64m-h1-c16,main,timeouts,3,32,32,32
echosf64m-h1-c16,main,client CPU %,3,0.0225020791561107,0.022501615377466977,0.022502179327066954
echosf64m-h1-c16,listener-nodelay,streams/s,3,0.0,0.0,0.0
echosf64m-h1-c16,listener-nodelay,GiB/s,3,0.0,0.0,0.0
echosf64m-h1-c16,listener-nodelay,srv CPU us/stream,3,230000.0,210000.0,240000.0
echosf64m-h1-c16,listener-nodelay,srv cores busy,3,0.023002805836250292,0.021002817656105753,0.02400292567100448
echosf64m-h1-c16,listener-nodelay,srv ctxsw/stream,3,2809.0,2700.0,2881.0
echosf64m-h1-c16,listener-nodelay,srv peak RSS MiB,3,56.97265625,56.96484375,57.01953125
echosf64m-h1-c16,listener-nodelay,errors,3,32,32,32
echosf64m-h1-c16,listener-nodelay,timeouts,3,32,32,32
echosf64m-h1-c16,listener-nodelay,client CPU %,3,0.02750335480421231,0.025003354352506852,0.030003657088755596
echosf64m-h1-c16,inline-streaming-nodelay,streams/s,3,0.0,0.0,0.0
echosf64m-h1-c16,inline-streaming-nodelay,GiB/s,3,0.0,0.0,0.0
echosf64m-h1-c16,inline-streaming-nodelay,srv CPU us/stream,3,190000.0,190000.0,200000.0
echosf64m-h1-c16,inline-streaming-nodelay,srv cores busy,3,0.01900198598496442,0.019001960555783286,0.020002168785155955
echosf64m-h1-c16,inline-streaming-nodelay,srv ctxsw/stream,3,2072.0,2022.0,2589.0
echosf64m-h1-c16,inline-streaming-nodelay,srv peak RSS MiB,3,30.37109375,30.36328125,30.37890625
echosf64m-h1-c16,inline-streaming-nodelay,errors,3,32,32,32
echosf64m-h1-c16,inline-streaming-nodelay,timeouts,3,32,32,32
echosf64m-h1-c16,inline-streaming-nodelay,client CPU %,3,0.027502837646528437,0.025002613138111085,0.027502982079589434
echosf64m-h2old-c16,main,streams/s,3,0.0,0.0,0.0
echosf64m-h2old-c16,main,GiB/s,3,0.0,0.0,0.0
echosf64m-h2old-c16,main,srv CPU us/stream,3,40000.0,10000.0,60000.0
echosf64m-h2old-c16,main,srv cores busy,3,0.004000337436063373,0.0010001821059565414,0.006000164551512743
echosf64m-h2old-c16,main,srv ctxsw/stream,3,1759.0,933.0,1801.0
echosf64m-h2old-c16,main,srv peak RSS MiB,3,43.73046875,40.21484375,46.19140625
echosf64m-h2old-c16,main,errors,3,32,32,32
echosf64m-h2old-c16,main,timeouts,3,32,32,32
echosf64m-h2old-c16,main,client CPU %,3,0.010000843590158435,0.005000910529782706,0.012500342815651547
echosf64m-h2old-c16,listener-nodelay,streams/s,3,0.0,0.0,0.0
echosf64m-h2old-c16,listener-nodelay,GiB/s,3,0.0,0.0,0.0
echosf64m-h2old-c16,listener-nodelay,srv CPU us/stream,3,40000.0,30000.0,40000.0
echosf64m-h2old-c16,listener-nodelay,srv cores busy,3,0.004000435059714092,0.0030003955478458237,0.004000676836907674
echosf64m-h2old-c16,listener-nodelay,srv ctxsw/stream,3,997.0,733.0,1271.0
echosf64m-h2old-c16,listener-nodelay,srv peak RSS MiB,3,42.44140625,41.9921875,43.53515625
echosf64m-h2old-c16,listener-nodelay,errors,3,32,32,32
echosf64m-h2old-c16,listener-nodelay,timeouts,3,32,32,32
echosf64m-h2old-c16,listener-nodelay,client CPU %,3,0.007500815736963922,0.005000659246409706,0.010001692092269185
echosf64m-h2old-c16,inline-streaming-nodelay,streams/s,3,0.0,0.0,0.0
echosf64m-h2old-c16,inline-streaming-nodelay,GiB/s,3,0.0,0.0,0.0
echosf64m-h2old-c16,inline-streaming-nodelay,srv CPU us/stream,3,20000.0,20000.0,20000.0
echosf64m-h2old-c16,inline-streaming-nodelay,srv cores busy,3,0.0020001912470859755,0.0020001618959040813,0.0020002892942395266
echosf64m-h2old-c16,inline-streaming-nodelay,srv ctxsw/stream,3,471.0,418.0,511.0
echosf64m-h2old-c16,inline-streaming-nodelay,srv peak RSS MiB,3,30.72265625,30.62109375,31.41015625
echosf64m-h2old-c16,inline-streaming-nodelay,errors,3,32,32,32
echosf64m-h2old-c16,inline-streaming-nodelay,timeouts,3,32,32,32
echosf64m-h2old-c16,inline-streaming-nodelay,client CPU %,3,0.0025002390588574693,0.0025002023698801014,0.005000723235598817
slow64k-h1-c64,main,plateau KiB/stream,3,2728.75,2725.6875,2802.8125
slow64k-h1-c64,main,peak KiB/stream,3,2906.9375,2881.5,3087.4375
slow64k-h1-c64,main,srv RSS baseline MiB,3,15.80859375,15.79296875,15.91796875
slow64k-h1-c64,main,srv RSS plateau MiB,3,186.46484375,186.1640625,190.96875
slow64k-h1-c64,main,srv peak RSS MiB,3,197.6015625,195.88671875,208.7734375
slow64k-h1-c64,main,TTFB p50 ms,3,3.437,3.178,5.244
slow64k-h1-c64,main,TTFB p99 ms,3,5.787,5.688,7.77
slow64k-h1-c64,main,drain s,3,0.0321536,0.031152403,0.032943018
slow64k-h1-c64,main,srv CPU us/stream,3,12500.0,12500.0,12500.0
slow64k-h1-c64,main,errors,3,0,0,0
slow64k-h1-c64,listener-nodelay,plateau KiB/stream,3,2755.9375,2718.875,2909.6875
slow64k-h1-c64,listener-nodelay,peak KiB/stream,3,2758.5625,2755.9375,2915.9375
slow64k-h1-c64,listener-nodelay,srv RSS baseline MiB,3,15.95703125,15.87890625,16.01171875
slow64k-h1-c64,listener-nodelay,srv RSS plateau MiB,3,188.203125,185.80859375,197.8671875
slow64k-h1-c64,listener-nodelay,srv peak RSS MiB,3,188.2890625,187.83984375,198.2578125
slow64k-h1-c64,listener-nodelay,TTFB p50 ms,3,4.585,3.395,4.779
slow64k-h1-c64,listener-nodelay,TTFB p99 ms,3,7.219,5.612,7.338
slow64k-h1-c64,listener-nodelay,drain s,3,0.03188038,0.030421287,0.032809188
slow64k-h1-c64,listener-nodelay,srv CPU us/stream,3,12812.5,12656.25,12812.5
slow64k-h1-c64,listener-nodelay,errors,3,0,0,0
slow64k-h1-c64,inline-streaming-nodelay,plateau KiB/stream,3,458.4375,397.4375,466.6875
slow64k-h1-c64,inline-streaming-nodelay,peak KiB/stream,3,458.4375,399.4375,466.6875
slow64k-h1-c64,inline-streaming-nodelay,srv RSS baseline MiB,3,16.0703125,15.9921875,16.07421875
slow64k-h1-c64,inline-streaming-nodelay,srv RSS plateau MiB,3,44.7265625,40.91015625,45.16015625
slow64k-h1-c64,inline-streaming-nodelay,srv peak RSS MiB,3,41.6953125,38.2890625,42.8984375
slow64k-h1-c64,inline-streaming-nodelay,TTFB p50 ms,3,3.312,1.974,3.339
slow64k-h1-c64,inline-streaming-nodelay,TTFB p99 ms,3,4.892,3.587,4.903
slow64k-h1-c64,inline-streaming-nodelay,drain s,3,0.025742617,0.022754108,0.02611599
slow64k-h1-c64,inline-streaming-nodelay,srv CPU us/stream,3,9062.5,8750.0,9531.25
slow64k-h1-c64,inline-streaming-nodelay,errors,3,0,0,0
slow64k-h1-c1000,main,plateau KiB/stream,3,2560.412,2558.472,2560.856
slow64k-h1-c1000,main,peak KiB/stream,3,2715.752,2693.764,2732.712
slow64k-h1-c1000,main,srv RSS baseline MiB,3,39.31640625,39.23046875,39.3515625
slow64k-h1-c1000,main,srv RSS plateau MiB,3,2539.75390625,2537.82421875,2540.06640625
slow64k-h1-c1000,main,srv peak RSS MiB,3,2691.453125,2669.9453125,2707.89453125
slow64k-h1-c1000,main,TTFB p50 ms,3,37.179,37.099,39.336
slow64k-h1-c1000,main,TTFB p99 ms,3,102.578,101.845,105.378
slow64k-h1-c1000,main,drain s,3,0.334118488,0.333331876,0.336742827
slow64k-h1-c1000,main,srv CPU us/stream,3,10080.0,10080.0,10090.0
slow64k-h1-c1000,main,errors,3,0,0,0
slow64k-h1-c1000,listener-nodelay,plateau KiB/stream,3,2614.116,2576.152,2648.312
slow64k-h1-c1000,listener-nodelay,peak KiB/stream,3,2796.164,2762.42,2868.276
slow64k-h1-c1000,listener-nodelay,srv RSS baseline MiB,3,39.359375,39.1640625,39.8671875
slow64k-h1-c1000,listener-nodelay,srv RSS plateau MiB,3,2592.20703125,2555.640625,2625.40625
slow64k-h1-c1000,listener-nodelay,srv peak RSS MiB,3,2770.49609375,2736.83984375,2840.41015625
slow64k-h1-c1000,listener-nodelay,TTFB p50 ms,3,38.344,37.738,40.061
slow64k-h1-c1000,listener-nodelay,TTFB p99 ms,3,118.046,111.779,123.313
slow64k-h1-c1000,listener-nodelay,drain s,3,0.324068135,0.3224564,0.325037533
slow64k-h1-c1000,listener-nodelay,srv CPU us/stream,3,10150.0,10100.0,10210.0
slow64k-h1-c1000,listener-nodelay,errors,3,0,0,0
slow64k-h1-c1000,inline-streaming-nodelay,plateau KiB/stream,3,374.416,373.688,378.896
slow64k-h1-c1000,inline-streaming-nodelay,peak KiB/stream,3,388.364,384.876,389.556
slow64k-h1-c1000,inline-streaming-nodelay,srv RSS baseline MiB,3,39.95703125,39.875,40.1171875
slow64k-h1-c1000,inline-streaming-nodelay,srv RSS plateau MiB,3,405.7578125,404.8046875,409.97265625
slow64k-h1-c1000,inline-streaming-nodelay,srv peak RSS MiB,3,416.4296875,414.37109375,420.3828125
slow64k-h1-c1000,inline-streaming-nodelay,TTFB p50 ms,3,29.455,28.693,30.997
slow64k-h1-c1000,inline-streaming-nodelay,TTFB p99 ms,3,64.028,60.345,68.086
slow64k-h1-c1000,inline-streaming-nodelay,drain s,3,0.267095198,0.265698863,0.26927874
slow64k-h1-c1000,inline-streaming-nodelay,srv CPU us/stream,3,7910.0,7890.0,7910.0
slow64k-h1-c1000,inline-streaming-nodelay,errors,3,0,0,0
slow64k-h1-c5000,main,plateau KiB/stream,3,2474.4032,2460.576,2480.8936
slow64k-h1-c5000,main,peak KiB/stream,3,2541.4808,2533.9136,2557.516
slow64k-h1-c5000,main,srv RSS baseline MiB,3,139.23046875,138.7265625,139.37890625
slow64k-h1-c5000,main,srv RSS plateau MiB,3,12220.7734375,12153.76171875,12253.1171875
slow64k-h1-c5000,main,srv peak RSS MiB,3,12544.203125,12510.4765625,12621.43359375
slow64k-h1-c5000,main,TTFB p50 ms,3,178.458,178.068,179.018
slow64k-h1-c5000,main,TTFB p99 ms,3,377.356,359.764,397.33
slow64k-h1-c5000,main,drain s,3,1.741751877,1.738594146,1.7438033960000001
slow64k-h1-c5000,main,srv CPU us/stream,3,9882.0,9864.0,9882.0
slow64k-h1-c5000,main,errors,3,0,0,0
slow64k-h1-c5000,listener-nodelay,plateau KiB/stream,3,2465.8352,2463.5936,2476.6016
slow64k-h1-c5000,listener-nodelay,peak KiB/stream,3,2555.4984,2553.1984,2568.4608
slow64k-h1-c5000,listener-nodelay,srv RSS baseline MiB,3,138.5625,138.40625,138.86328125
slow64k-h1-c5000,listener-nodelay,srv RSS plateau MiB,3,12178.6171875,12168.12890625,12231.34375
slow64k-h1-c5000,listener-nodelay,srv peak RSS MiB,3,12612.03515625,12600.44921875,12673.98828125
slow64k-h1-c5000,listener-nodelay,TTFB p50 ms,3,184.1,179.911,199.473
slow64k-h1-c5000,listener-nodelay,TTFB p99 ms,3,387.813,374.339,411.866
slow64k-h1-c5000,listener-nodelay,drain s,3,1.755446934,1.745415526,1.787637047
slow64k-h1-c5000,listener-nodelay,srv CPU us/stream,3,10000.0,10000.0,10006.0
slow64k-h1-c5000,listener-nodelay,errors,3,0,0,0
slow64k-h1-c5000,inline-streaming-nodelay,plateau KiB/stream,3,380.4192,376.9472,397.5792
slow64k-h1-c5000,inline-streaming-nodelay,peak KiB/stream,3,418.428,415.6192,419.9696
slow64k-h1-c5000,inline-streaming-nodelay,srv RSS baseline MiB,3,140.66015625,140.15234375,140.796875
slow64k-h1-c5000,inline-streaming-nodelay,srv RSS plateau MiB,3,1997.66796875,1981.22265625,2082.1015625
slow64k-h1-c5000,inline-streaming-nodelay,srv peak RSS MiB,3,2181.4296875,2167.45703125,2191.4296875
slow64k-h1-c5000,inline-streaming-nodelay,TTFB p50 ms,3,148.674,147.433,151.596
slow64k-h1-c5000,inline-streaming-nodelay,TTFB p99 ms,3,345.929,340.978,347.101
slow64k-h1-c5000,inline-streaming-nodelay,drain s,3,1.514364061,1.506610536,1.517229087
slow64k-h1-c5000,inline-streaming-nodelay,srv CPU us/stream,3,8078.0,8062.0,8086.0
slow64k-h1-c5000,inline-streaming-nodelay,errors,3,0,0,0
slow64k-h2-c64,main,plateau KiB/stream,3,3476.625,3404.1875,3548.6875
slow64k-h2-c64,main,peak KiB/stream,3,4500.0,4331.1875,4577.6875
slow64k-h2-c64,main,srv RSS baseline MiB,3,17.26953125,17.09375,17.56640625
slow64k-h2-c64,main,srv RSS plateau MiB,3,234.85546875,230.03125,238.88671875
slow64k-h2-c64,main,srv peak RSS MiB,3,298.34375,288.265625,303.375
slow64k-h2-c64,main,TTFB p50 ms,3,7.922,7.193,8.771
slow64k-h2-c64,main,TTFB p99 ms,3,11.406,8.2,12.73
slow64k-h2-c64,main,drain s,3,0.679878283,0.635188051,0.693015018
slow64k-h2-c64,main,srv CPU us/stream,3,15312.5,14843.75,15468.75
slow64k-h2-c64,main,errors,3,0,0,0
slow64k-h2-c64,listener-nodelay,plateau KiB/stream,3,3630.75,3614.875,3685.25
slow64k-h2-c64,listener-nodelay,peak KiB/stream,3,4025.875,3955.1875,4565.75
slow64k-h2-c64,listener-nodelay,srv RSS baseline MiB,3,18.53125,18.2734375,18.57421875
slow64k-h2-c64,listener-nodelay,srv RSS plateau MiB,3,245.49609375,244.203125,248.859375
slow64k-h2-c64,listener-nodelay,srv peak RSS MiB,3,270.19140625,265.47265625,303.890625
slow64k-h2-c64,listener-nodelay,TTFB p50 ms,3,7.12,6.913,7.198
slow64k-h2-c64,listener-nodelay,TTFB p99 ms,3,10.54,9.616,11.62
slow64k-h2-c64,listener-nodelay,drain s,3,0.648566049,0.648432404,0.649728427
slow64k-h2-c64,listener-nodelay,srv CPU us/stream,3,14531.25,14375.0,15156.25
slow64k-h2-c64,listener-nodelay,errors,3,0,0,0
slow64k-h2-c64,inline-streaming-nodelay,plateau KiB/stream,3,588.4375,492.8125,673.0
slow64k-h2-c64,inline-streaming-nodelay,peak KiB/stream,3,1002.25,964.375,1059.375
slow64k-h2-c64,inline-streaming-nodelay,srv RSS baseline MiB,3,16.6875,16.2265625,17.47265625
slow64k-h2-c64,inline-streaming-nodelay,srv RSS plateau MiB,3,53.46484375,48.2734375,58.2890625
slow64k-h2-c64,inline-streaming-nodelay,srv peak RSS MiB,3,78.8671875,77.74609375,82.8984375
slow64k-h2-c64,inline-streaming-nodelay,TTFB p50 ms,3,3.736,3.727,3.752
slow64k-h2-c64,inline-streaming-nodelay,TTFB p99 ms,3,6.315,4.336,51.191
slow64k-h2-c64,inline-streaming-nodelay,drain s,3,0.629300474,0.624208304,0.635306444
slow64k-h2-c64,inline-streaming-nodelay,srv CPU us/stream,3,13125.0,12656.25,13281.25
slow64k-h2-c64,inline-streaming-nodelay,errors,3,0,0,0
slow64k-h2-c1000,main,plateau KiB/stream,3,2861.332,2851.496,2867.3
slow64k-h2-c1000,main,peak KiB/stream,3,4404.492,4099.524,4487.308
slow64k-h2-c1000,main,srv RSS baseline MiB,3,59.4375,57.65234375,61.95703125
slow64k-h2-c1000,main,srv RSS plateau MiB,3,2856.2265625,2844.1015625,2857.75
slow64k-h2-c1000,main,srv peak RSS MiB,3,4360.69921875,4065.3984375,4438.79296875
slow64k-h2-c1000,main,TTFB p50 ms,3,44.082,43.877,54.799
slow64k-h2-c1000,main,TTFB p99 ms,3,71.703,69.003,72.213
slow64k-h2-c1000,main,drain s,3,0.704233073,0.704035913,0.729219536
slow64k-h2-c1000,main,srv CPU us/stream,3,12950.0,12880.0,12970.0
slow64k-h2-c1000,main,errors,3,0,0,0
slow64k-h2-c1000,listener-nodelay,plateau KiB/stream,3,2821.22,2797.0,2821.988
slow64k-h2-c1000,listener-nodelay,peak KiB/stream,3,4217.192,4178.564,4420.796
slow64k-h2-c1000,listener-nodelay,srv RSS baseline MiB,3,64.9296875,64.546875,68.73828125
slow64k-h2-c1000,listener-nodelay,srv RSS plateau MiB,3,2820.77734375,2795.9921875,2823.8359375
slow64k-h2-c1000,listener-nodelay,srv peak RSS MiB,3,4182.8984375,4145.55859375,4385.921875
slow64k-h2-c1000,listener-nodelay,TTFB p50 ms,3,49.546,46.694,55.316
slow64k-h2-c1000,listener-nodelay,TTFB p99 ms,3,70.026,69.42,70.47
slow64k-h2-c1000,listener-nodelay,drain s,3,0.782013068,0.771705695,0.788442483
slow64k-h2-c1000,listener-nodelay,srv CPU us/stream,3,14010.0,13930.0,14510.0
slow64k-h2-c1000,listener-nodelay,errors,3,0,0,0
slow64k-h2-c1000,inline-streaming-nodelay,plateau KiB/stream,3,654.248,602.116,654.568
slow64k-h2-c1000,inline-streaming-nodelay,peak KiB/stream,3,1261.568,1254.524,1283.352
slow64k-h2-c1000,inline-streaming-nodelay,srv RSS baseline MiB,3,62.78125,61.3984375,66.9765625
slow64k-h2-c1000,inline-streaming-nodelay,srv RSS plateau MiB,3,700.3125,654.98046875,702.0078125
slow64k-h2-c1000,inline-streaming-nodelay,srv peak RSS MiB,3,1298.9765625,1287.90234375,1314.671875
slow64k-h2-c1000,inline-streaming-nodelay,TTFB p50 ms,3,11.43,11.406,12.896
slow64k-h2-c1000,inline-streaming-nodelay,TTFB p99 ms,3,19.547,18.917,20.011
slow64k-h2-c1000,inline-streaming-nodelay,drain s,3,0.696681375,0.683869749,0.698136876
slow64k-h2-c1000,inline-streaming-nodelay,srv CPU us/stream,3,13130.0,12830.0,13270.0
slow64k-h2-c1000,inline-streaming-nodelay,errors,3,0,0,0
slow64k-h2-c5000,main,plateau KiB/stream,3,2718.7368,2716.5464,2727.424
slow64k-h2-c5000,main,peak KiB/stream,3,2856.5592,2833.9704,2868.3896
slow64k-h2-c5000,main,srv RSS baseline MiB,3,189.1484375,186.234375,190.16796875
slow64k-h2-c5000,main,srv RSS plateau MiB,3,13465.25,13450.62109375,13506.6484375
slow64k-h2-c5000,main,srv peak RSS MiB,3,14137.19140625,14027.9140625,14190.10546875
slow64k-h2-c5000,main,TTFB p50 ms,3,204.928,203.217,218.22
slow64k-h2-c5000,main,TTFB p99 ms,3,380.226,368.343,385.175
slow64k-h2-c5000,main,drain s,3,2.083816269,2.082767765,2.191101482
slow64k-h2-c5000,main,srv CPU us/stream,3,12006.0,11988.0,12032.0
slow64k-h2-c5000,main,errors,3,0,0,0
slow64k-h2-c5000,listener-nodelay,plateau KiB/stream,3,2716.3664,2693.2144,2723.544
slow64k-h2-c5000,listener-nodelay,peak KiB/stream,3,2872.468,2844.7232,2889.8472
slow64k-h2-c5000,listener-nodelay,srv RSS baseline MiB,3,223.15625,221.02734375,223.703125
slow64k-h2-c5000,listener-nodelay,srv RSS plateau MiB,3,13487.2109375,13373.6171875,13519.58203125
slow64k-h2-c5000,listener-nodelay,srv peak RSS MiB,3,14245.7265625,14111.9375,14332.94140625
slow64k-h2-c5000,listener-nodelay,TTFB p50 ms,3,205.89,203.419,239.336
slow64k-h2-c5000,listener-nodelay,TTFB p99 ms,3,372.272,365.921,381.133
slow64k-h2-c5000,listener-nodelay,drain s,3,2.337427521,2.314917006,2.426616019
slow64k-h2-c5000,listener-nodelay,srv CPU us/stream,3,13213.999999999998,13197.999999999998,13222.0
slow64k-h2-c5000,listener-nodelay,errors,3,0,0,0
slow64k-h2-c5000,inline-streaming-nodelay,plateau KiB/stream,3,644.5112,631.6384,655.5936
slow64k-h2-c5000,inline-streaming-nodelay,peak KiB/stream,3,663.972,662.0368,675.9832
slow64k-h2-c5000,inline-streaming-nodelay,srv RSS baseline MiB,3,329.76953125,326.8828125,334.33984375
slow64k-h2-c5000,inline-streaming-nodelay,srv RSS plateau MiB,3,3476.796875,3418.51171875,3528.0234375
slow64k-h2-c5000,inline-streaming-nodelay,srv peak RSS MiB,3,3571.8203125,3566.94140625,3627.58203125
slow64k-h2-c5000,inline-streaming-nodelay,TTFB p50 ms,3,37.329,33.535,40.94
slow64k-h2-c5000,inline-streaming-nodelay,TTFB p99 ms,3,115.046,105.113,119.223
slow64k-h2-c5000,inline-streaming-nodelay,drain s,3,2.298631317,2.253176824,2.333480813
slow64k-h2-c5000,inline-streaming-nodelay,srv CPU us/stream,3,11778.0,11776.0,11814.0
slow64k-h2-c5000,inline-streaming-nodelay,errors,3,0,0,0
slow64k-h3-c1000,main,plateau KiB/stream,3,231.764,226.172,261.6
slow64k-h3-c1000,main,peak KiB/stream,3,268.528,257.168,274.436
slow64k-h3-c1000,main,srv RSS baseline MiB,3,84.4921875,83.0859375,86.81640625
slow64k-h3-c1000,main,srv RSS plateau MiB,3,310.82421875,303.95703125,342.28515625
slow64k-h3-c1000,main,srv peak RSS MiB,3,345.3203125,335.02734375,354.8203125
slow64k-h3-c1000,main,TTFB p50 ms,3,27.921,26.894,30.485
slow64k-h3-c1000,main,TTFB p99 ms,3,76.541,74.128,78.496
slow64k-h3-c1000,main,drain s,3,2.07721681,2.041445047,2.222686997
slow64k-h3-c1000,main,srv CPU us/stream,3,31760.0,31640.0,32420.0
slow64k-h3-c1000,main,errors,3,0,0,0
slow64k-h3-c1000,listener-nodelay,plateau KiB/stream,3,241.128,226.22,251.176
slow64k-h3-c1000,listener-nodelay,peak KiB/stream,3,272.776,270.196,274.764
slow64k-h3-c1000,listener-nodelay,srv RSS baseline MiB,3,83.53515625,83.30078125,86.5625
slow64k-h3-c1000,listener-nodelay,srv RSS plateau MiB,3,319.01171875,307.48046875,328.58984375
slow64k-h3-c1000,listener-nodelay,srv peak RSS MiB,3,349.48046875,346.3828125,354.78125
slow64k-h3-c1000,listener-nodelay,TTFB p50 ms,3,26.669,25.597,36.062
slow64k-h3-c1000,listener-nodelay,TTFB p99 ms,3,78.67,71.637,81.705
slow64k-h3-c1000,listener-nodelay,drain s,3,2.262475351,2.144488505,2.300392595
slow64k-h3-c1000,listener-nodelay,srv CPU us/stream,3,32220.0,32130.000000000004,33060.00000000001
slow64k-h3-c1000,listener-nodelay,errors,3,0,0,0
slow64k-h3-c1000,inline-streaming-nodelay,plateau KiB/stream,3,228.288,224.368,255.468
slow64k-h3-c1000,inline-streaming-nodelay,peak KiB/stream,3,273.996,252.156,278.648
slow64k-h3-c1000,inline-streaming-nodelay,srv RSS baseline MiB,3,82.91796875,76.73046875,84.48046875
slow64k-h3-c1000,inline-streaming-nodelay,srv RSS plateau MiB,3,307.41796875,295.83984375,332.3984375
slow64k-h3-c1000,inline-streaming-nodelay,srv peak RSS MiB,3,341.484375,330.35546875,354.06640625
slow64k-h3-c1000,inline-streaming-nodelay,TTFB p50 ms,3,24.889,23.891,33.156
slow64k-h3-c1000,inline-streaming-nodelay,TTFB p99 ms,3,80.273,79.817,91.148
slow64k-h3-c1000,inline-streaming-nodelay,drain s,3,2.076904624,2.05470233,2.318617767
slow64k-h3-c1000,inline-streaming-nodelay,srv CPU us/stream,3,31980.0,31300.0,32560.000000000004
slow64k-h3-c1000,inline-streaming-nodelay,errors,3,0,0,0
slow256k-h1-c64,main,plateau KiB/stream,3,9275.25,9121.0,9368.3125
slow256k-h1-c64,main,peak KiB/stream,3,10297.75,10074.3125,10864.9375
slow256k-h1-c64,main,srv RSS baseline MiB,3,15.9453125,15.87890625,16.015625
slow256k-h1-c64,main,srv RSS plateau MiB,3,595.58203125,586.0078125,601.53515625
slow256k-h1-c64,main,srv peak RSS MiB,3,659.48828125,645.58984375,695.07421875
slow256k-h1-c64,main,TTFB p50 ms,3,17.824,17.457,18.343
slow256k-h1-c64,main,TTFB p99 ms,3,23.121,22.92,23.552
slow256k-h1-c64,main,drain s,3,0.065325285,0.056354722,0.065777845
slow256k-h1-c64,main,srv CPU us/stream,3,24843.75,24531.25,25156.25
slow256k-h1-c64,main,errors,3,0,0,0
slow256k-h1-c64,listener-nodelay,plateau KiB/stream,3,9608.125,9568.375,9856.875
slow256k-h1-c64,listener-nodelay,peak KiB/stream,3,10433.5625,10287.3125,10916.625
slow256k-h1-c64,listener-nodelay,srv RSS baseline MiB,3,15.94140625,15.859375,15.98046875
slow256k-h1-c64,listener-nodelay,srv RSS plateau MiB,3,616.44921875,613.8828125,632.03515625
slow256k-h1-c64,listener-nodelay,srv peak RSS MiB,3,667.95703125,658.8984375,698.26953125
slow256k-h1-c64,listener-nodelay,TTFB p50 ms,3,16.737,16.275,17.273
slow256k-h1-c64,listener-nodelay,TTFB p99 ms,3,22.799,22.192,22.818
slow256k-h1-c64,listener-nodelay,drain s,3,0.061008217,0.059711072,0.064499378
slow256k-h1-c64,listener-nodelay,srv CPU us/stream,3,25312.5,24687.5,25937.5
slow256k-h1-c64,listener-nodelay,errors,3,0,0,0
slow256k-h1-c64,inline-streaming-nodelay,plateau KiB/stream,3,886.0625,782.8125,925.5625
slow256k-h1-c64,inline-streaming-nodelay,peak KiB/stream,3,886.0625,810.125,925.5625
slow256k-h1-c64,inline-streaming-nodelay,srv RSS baseline MiB,3,16.0859375,16.015625,16.17578125
slow256k-h1-c64,inline-streaming-nodelay,srv RSS plateau MiB,3,71.46484375,65.1015625,73.86328125
slow256k-h1-c64,inline-streaming-nodelay,srv peak RSS MiB,3,67.109375,65.03515625,70.4296875
slow256k-h1-c64,inline-streaming-nodelay,TTFB p50 ms,3,2.675,2.394,4.236
slow256k-h1-c64,inline-streaming-nodelay,TTFB p99 ms,3,3.449,3.168,5.997
slow256k-h1-c64,inline-streaming-nodelay,drain s,3,0.052297293,0.050911033,0.056071649
slow256k-h1-c64,inline-streaming-nodelay,srv CPU us/stream,3,18437.5,18281.25,19062.5
slow256k-h1-c64,inline-streaming-nodelay,errors,3,0,0,0
slow256k-h1-c1000,main,plateau KiB/stream,3,9017.848,8989.34,9030.36
slow256k-h1-c1000,main,peak KiB/stream,3,9383.584,9325.752,9414.568
slow256k-h1-c1000,main,srv RSS baseline MiB,3,39.43359375,39.421875,39.57421875
slow256k-h1-c1000,main,srv RSS plateau MiB,3,8845.9140625,8818.2265625,8858.14453125
slow256k-h1-c1000,main,srv peak RSS MiB,3,9203.078125,9146.75390625,9233.34765625
slow256k-h1-c1000,main,TTFB p50 ms,3,136.228,130.732,147.544
slow256k-h1-c1000,main,TTFB p99 ms,3,244.46,242.578,265.822
slow256k-h1-c1000,main,drain s,3,0.685966693,0.675294774,0.693456704
slow256k-h1-c1000,main,srv CPU us/stream,3,21560.0,21330.0,21840.0
slow256k-h1-c1000,main,errors,3,0,0,0
slow256k-h1-c1000,listener-nodelay,plateau KiB/stream,3,9102.696,9067.88,9145.168
slow256k-h1-c1000,listener-nodelay,peak KiB/stream,3,9415.392,9364.092,9495.728
slow256k-h1-c1000,listener-nodelay,srv RSS baseline MiB,3,39.51953125,39.31640625,39.60546875
slow256k-h1-c1000,listener-nodelay,srv RSS plateau MiB,3,8928.95703125,8894.66796875,8970.34765625
slow256k-h1-c1000,listener-nodelay,srv peak RSS MiB,3,9234.32421875,9183.9375,9312.69140625
slow256k-h1-c1000,listener-nodelay,TTFB p50 ms,3,127.712,126.851,139.504
slow256k-h1-c1000,listener-nodelay,TTFB p99 ms,3,243.2,241.297,254.814
slow256k-h1-c1000,listener-nodelay,drain s,3,0.689218497,0.688303723,0.691806234
slow256k-h1-c1000,listener-nodelay,srv CPU us/stream,3,21430.0,21390.0,21510.0
slow256k-h1-c1000,listener-nodelay,errors,3,0,0,0
slow256k-h1-c1000,inline-streaming-nodelay,plateau KiB/stream,3,753.528,736.872,778.956
slow256k-h1-c1000,inline-streaming-nodelay,peak KiB/stream,3,857.1,848.608,873.108
slow256k-h1-c1000,inline-streaming-nodelay,srv RSS baseline MiB,3,39.87109375,39.828125,40.16796875
slow256k-h1-c1000,inline-streaming-nodelay,srv RSS plateau MiB,3,775.73828125,759.4296875,800.8671875
slow256k-h1-c1000,inline-streaming-nodelay,srv peak RSS MiB,3,876.8828125,868.546875,890.81640625
slow256k-h1-c1000,inline-streaming-nodelay,TTFB p50 ms,3,38.06,35.279,38.178
slow256k-h1-c1000,inline-streaming-nodelay,TTFB p99 ms,3,73.653,73.343,75.057
slow256k-h1-c1000,inline-streaming-nodelay,drain s,3,0.632238749,0.631725539,0.632923118
slow256k-h1-c1000,inline-streaming-nodelay,srv CPU us/stream,3,16480.0,16460.0,16520.0
slow256k-h1-c1000,inline-streaming-nodelay,errors,3,0,0,0
slow256k-h2-c64,main,plateau KiB/stream,3,9974.75,9092.75,10115.75
slow256k-h2-c64,main,peak KiB/stream,3,13338.0,13134.125,15380.5
slow256k-h2-c64,main,srv RSS baseline MiB,3,17.1484375,17.0078125,17.49609375
slow256k-h2-c64,main,srv RSS plateau MiB,3,640.91796875,585.3046875,649.3828125
slow256k-h2-c64,main,srv peak RSS MiB,3,851.12109375,837.890625,971.80078125
slow256k-h2-c64,main,TTFB p50 ms,3,20.356,19.78,41.189
slow256k-h2-c64,main,TTFB p99 ms,3,22.463,22.282,49.604
slow256k-h2-c64,main,drain s,3,1.399499772,1.384516106,1.412137556
slow256k-h2-c64,main,srv CPU us/stream,3,27187.5,26250.0,29062.5
slow256k-h2-c64,main,errors,3,0,0,0
slow256k-h2-c64,listener-nodelay,plateau KiB/stream,3,10124.0625,10121.1875,10161.25
slow256k-h2-c64,listener-nodelay,peak KiB/stream,3,13535.8125,13296.0,13575.0625
slow256k-h2-c64,listener-nodelay,srv RSS baseline MiB,3,18.2421875,17.87109375,18.3203125
slow256k-h2-c64,listener-nodelay,srv RSS plateau MiB,3,650.99609375,650.89453125,652.94921875
slow256k-h2-c64,listener-nodelay,srv peak RSS MiB,3,863.859375,849.2421875,866.76171875
slow256k-h2-c64,listener-nodelay,TTFB p50 ms,3,19.634,15.037,19.992
slow256k-h2-c64,listener-nodelay,TTFB p99 ms,3,22.522,20.774,22.79
slow256k-h2-c64,listener-nodelay,drain s,3,1.380012231,1.356137008,1.38579217
slow256k-h2-c64,listener-nodelay,srv CPU us/stream,3,26250.0,25781.25,27656.25
slow256k-h2-c64,listener-nodelay,errors,3,0,0,0
slow256k-h2-c64,inline-streaming-nodelay,plateau KiB/stream,3,1293.5625,1185.6875,1326.25
slow256k-h2-c64,inline-streaming-nodelay,peak KiB/stream,3,1977.125,1822.3125,1993.5
slow256k-h2-c64,inline-streaming-nodelay,srv RSS baseline MiB,3,16.2421875,15.5078125,17.41015625
slow256k-h2-c64,inline-streaming-nodelay,srv RSS plateau MiB,3,98.2578125,90.34765625,98.3984375
slow256k-h2-c64,inline-streaming-nodelay,srv peak RSS MiB,3,139.078125,131.09375,140.8359375
slow256k-h2-c64,inline-streaming-nodelay,TTFB p50 ms,3,4.074,3.898,4.489
slow256k-h2-c64,inline-streaming-nodelay,TTFB p99 ms,3,7.021,6.889,7.162
slow256k-h2-c64,inline-streaming-nodelay,drain s,3,1.328082735,1.321826307,1.390122753
slow256k-h2-c64,inline-streaming-nodelay,srv CPU us/stream,3,21406.25,21093.75,22187.5
slow256k-h2-c64,inline-streaming-nodelay,errors,3,0,0,0
slow256k-h2-c1000,main,plateau KiB/stream,3,9547.48,9536.544,9562.264
slow256k-h2-c1000,main,peak KiB/stream,3,10480.944,10459.108,10533.128
slow256k-h2-c1000,main,srv RSS baseline MiB,3,60.01953125,59.11328125,61.51171875
slow256k-h2-c1000,main,srv RSS plateau MiB,3,9382.82421875,9373.05078125,9399.66015625
slow256k-h2-c1000,main,srv peak RSS MiB,3,10292.22265625,10269.75,10342.625
slow256k-h2-c1000,main,TTFB p50 ms,3,169.273,166.538,173.88
slow256k-h2-c1000,main,TTFB p99 ms,3,226.09,225.841,235.855
slow256k-h2-c1000,main,drain s,3,1.33398752,1.2705728170000001,1.3631950019999999
slow256k-h2-c1000,main,srv CPU us/stream,3,24160.0,24040.0,24210.0
slow256k-h2-c1000,main,errors,3,0,0,0
slow256k-h2-c1000,listener-nodelay,plateau KiB/stream,3,9553.86,9494.364,9574.092
slow256k-h2-c1000,listener-nodelay,peak KiB/stream,3,11444.624,11212.176,11715.728
slow256k-h2-c1000,listener-nodelay,srv RSS baseline MiB,3,65.671875,65.48828125,66.54296875
slow256k-h2-c1000,listener-nodelay,srv RSS plateau MiB,3,9395.4296875,9338.3828125,9415.37109375
slow256k-h2-c1000,listener-nodelay,srv peak RSS MiB,3,11240.31640625,11012.3515625,11505.15234375
slow256k-h2-c1000,listener-nodelay,TTFB p50 ms,3,182.537,182.367,220.227
slow256k-h2-c1000,listener-nodelay,TTFB p99 ms,3,233.219,226.104,278.782
slow256k-h2-c1000,listener-nodelay,drain s,3,1.472434335,1.409454032,1.492817433
slow256k-h2-c1000,listener-nodelay,srv CPU us/stream,3,27290.0,27220.0,27520.0
slow256k-h2-c1000,listener-nodelay,errors,3,0,0,0
slow256k-h2-c1000,inline-streaming-nodelay,plateau KiB/stream,3,1281.384,1264.728,1307.616
slow256k-h2-c1000,inline-streaming-nodelay,peak KiB/stream,3,2246.836,2195.456,2267.184
slow256k-h2-c1000,inline-streaming-nodelay,srv RSS baseline MiB,3,58.94921875,57.28125,59.63671875
slow256k-h2-c1000,inline-streaming-nodelay,srv RSS plateau MiB,3,1310.30078125,1292.3671875,1336.60546875
slow256k-h2-c1000,inline-streaming-nodelay,srv peak RSS MiB,3,2253.125,2201.28125,2273.68359375
slow256k-h2-c1000,inline-streaming-nodelay,TTFB p50 ms,3,21.646,21.466,21.783
slow256k-h2-c1000,inline-streaming-nodelay,TTFB p99 ms,3,30.861,29.706,31.581
slow256k-h2-c1000,inline-streaming-nodelay,drain s,3,1.362837355,1.330758693,1.383082068
slow256k-h2-c1000,inline-streaming-nodelay,srv CPU us/stream,3,23390.0,23330.0,23420.0
slow256k-h2-c1000,inline-streaming-nodelay,errors,3,0,0,0
