scenario,tree,metric,n,median,min,max
short-h1-c64,main,streams/s,3,429262.4218743435,426572.09821596596,431282.3831120205
short-h1-c64,main,GiB/s,3,26.197315474241282,26.033234770875133,26.320398127676267
short-h1-c64,main,TTFB p50 ms,3,0.14,0.139,0.141
short-h1-c64,main,TTFB p99 ms,3,0.218,0.216,0.219
short-h1-c64,main,TTFB p99.9 ms,3,0.258,0.255,0.259
short-h1-c64,main,TTLB p50 ms,3,0.145,0.144,0.146
short-h1-c64,main,TTLB p99 ms,3,0.226,0.224,0.227
short-h1-c64,main,TTLB p99.9 ms,3,0.268,0.265,0.269
short-h1-c64,main,srv CPU us/stream,3,45.569343031681164,45.5596659560747,45.964394182016655
short-h1-c64,main,srv cores busy,3,19.607128069448585,19.561206553002194,19.64908130732349
short-h1-c64,main,srv ctxsw/stream,3,0.2866817019016155,0.2834213785607765,0.2879645264131736
short-h1-c64,main,srv peak RSS MiB,3,21.625,15.9296875,22.4609375
short-h1-c64,main,errors,3,0,0,0
short-h1-c64,main,timeouts,3,0,0,0
short-h1-c64,main,client CPU %,3,54.82618453068052,54.7259397072291,55.05583172841442
short-h1-c64,inline-streaming,streams/s,3,434253.93380916445,424701.7695627436,435028.5088891714
short-h1-c64,inline-streaming,GiB/s,3,26.502028149030302,25.919309410740105,26.549200681804866
short-h1-c64,inline-streaming,TTFB p50 ms,3,0.138,0.138,0.141
short-h1-c64,inline-streaming,TTFB p99 ms,3,0.217,0.215,0.222
short-h1-c64,inline-streaming,TTFB p99.9 ms,3,0.26,0.256,0.264
short-h1-c64,inline-streaming,TTLB p50 ms,3,0.143,0.143,0.146
short-h1-c64,inline-streaming,TTLB p99 ms,3,0.225,0.223,0.231
short-h1-c64,inline-streaming,TTLB p99.9 ms,3,0.27,0.266,0.274
short-h1-c64,inline-streaming,srv CPU us/stream,3,43.689123973751585,42.940141051857275,44.25216386299349
short-h1-c64,inline-streaming,srv cores busy,3,18.79397229959383,18.646925170089414,19.0060144569753
short-h1-c64,inline-streaming,srv ctxsw/stream,3,0.29133310350089436,0.2887726032133714,0.29944789273186584
short-h1-c64,inline-streaming,srv peak RSS MiB,3,16.1640625,16.10546875,22.28125
short-h1-c64,inline-streaming,errors,3,0,0,0
short-h1-c64,inline-streaming,timeouts,3,0,0,0
short-h1-c64,inline-streaming,client CPU %,3,55.29586083593794,55.08078035334878,55.47072698090692
short-h1-c1000,main,streams/s,3,499059.426741047,496381.23031077127,501223.5479671353
short-h1-c1000,main,GiB/s,3,30.45505267051699,30.293467665144757,30.589100185579245
short-h1-c1000,main,TTFB p50 ms,3,1.772,1.758,1.787
short-h1-c1000,main,TTFB p99 ms,3,4.756,4.726,4.759
short-h1-c1000,main,TTFB p99.9 ms,3,5.909,5.88,6.028
short-h1-c1000,main,TTLB p50 ms,3,1.805,1.795,1.817
short-h1-c1000,main,TTLB p99 ms,3,4.802,4.796,4.809
short-h1-c1000,main,TTLB p99.9 ms,3,6.051,5.933,6.094
short-h1-c1000,main,srv CPU us/stream,3,47.340015389131665,46.97008998942474,47.596180440591354
short-h1-c1000,main,srv cores busy,3,23.542515152835097,23.498695081788018,23.753322525744956
short-h1-c1000,main,srv ctxsw/stream,3,0.008821047045248439,0.008314299938510577,0.009280683201308938
short-h1-c1000,main,srv peak RSS MiB,3,39.76171875,39.6328125,40.26171875
short-h1-c1000,main,errors,3,0,0,0
short-h1-c1000,main,timeouts,3,0,0,0
short-h1-c1000,main,client CPU %,3,71.63015257153491,70.52558862912778,71.75357818303137
short-h1-c1000,inline-streaming,streams/s,3,516568.8337718031,511245.3298053063,523603.59837159235
short-h1-c1000,inline-streaming,GiB/s,3,31.52591582719255,31.20370816784398,31.952632515105563
short-h1-c1000,inline-streaming,TTFB p50 ms,3,1.723,1.704,1.736
short-h1-c1000,inline-streaming,TTFB p99 ms,3,4.524,4.422,4.574
short-h1-c1000,inline-streaming,TTFB p99.9 ms,3,5.606,5.444,5.65
short-h1-c1000,inline-streaming,TTLB p50 ms,3,1.759,1.742,1.771
short-h1-c1000,inline-streaming,TTLB p99 ms,3,4.576,4.484,4.621
short-h1-c1000,inline-streaming,TTLB p99.9 ms,3,5.677,5.588,5.714
short-h1-c1000,inline-streaming,srv CPU us/stream,3,45.65875001815005,44.6356683058102,45.731734153853374
short-h1-c1000,inline-streaming,srv cores busy,3,23.380135510055357,23.371396540643058,23.585887248354066
short-h1-c1000,inline-streaming,srv ctxsw/stream,3,0.0071757685773555634,0.006477293077328894,0.007430682146172024
short-h1-c1000,inline-streaming,srv peak RSS MiB,3,41.79296875,39.8828125,41.8671875
short-h1-c1000,inline-streaming,errors,3,0,0,0
short-h1-c1000,inline-streaming,timeouts,3,0,0,0
short-h1-c1000,inline-streaming,client CPU %,3,74.19093646197194,72.8710391496197,74.69655163891707
short-h1-c5000,main,streams/s,3,485032.9059904478,480021.32861309825,488703.16967912397
short-h1-c5000,main,GiB/s,3,29.603615125233606,29.295649664273917,29.823906390571462
short-h1-c5000,main,TTFB p50 ms,3,9.38,9.227,9.499
short-h1-c5000,main,TTFB p99 ms,3,20.598,20.217,21.191
short-h1-c5000,main,TTFB p99.9 ms,3,24.082,23.735,24.224
short-h1-c5000,main,TTLB p50 ms,3,9.427,9.261,9.535
short-h1-c5000,main,TTLB p99 ms,3,20.632,20.282,21.228
short-h1-c5000,main,TTLB p99.9 ms,3,24.113,23.8,24.262
short-h1-c5000,main,srv CPU us/stream,3,49.23904235423656,48.83808220221009,49.732378549447986
short-h1-c5000,main,srv cores busy,3,23.872602426395567,23.86732557326968,23.882555801262097
short-h1-c5000,main,srv ctxsw/stream,3,0.013775683329970083,0.012684569211761592,0.0138813685484586
short-h1-c5000,main,srv peak RSS MiB,3,139.43359375,139.0078125,139.7734375
short-h1-c5000,main,errors,3,0,0,0
short-h1-c5000,main,timeouts,3,0,0,0
short-h1-c5000,main,client CPU %,3,72.37024473068796,72.34288632230094,73.20076647503141
short-h1-c5000,inline-streaming,streams/s,3,516946.6718364988,516648.11049080984,517167.3181218702
short-h1-c5000,inline-streaming,GiB/s,3,31.549589116925915,31.529823501726423,31.561337895170322
short-h1-c5000,inline-streaming,TTFB p50 ms,3,8.883,8.847,8.921
short-h1-c5000,inline-streaming,TTFB p99 ms,3,19.231,18.944,19.49
short-h1-c5000,inline-streaming,TTFB p99.9 ms,3,22.55,22.425,22.654
short-h1-c5000,inline-streaming,TTLB p50 ms,3,8.929,8.9,8.967
short-h1-c5000,inline-streaming,TTLB p99 ms,3,19.291,19.003,19.564
short-h1-c5000,inline-streaming,TTLB p99.9 ms,3,22.626,22.491,22.754
short-h1-c5000,inline-streaming,srv CPU us/stream,3,46.20271776140655,46.15313806916434,46.20886383222878
short-h1-c5000,inline-streaming,srv cores busy,3,23.873722186848124,23.868894638138116,23.884341176560202
short-h1-c5000,inline-streaming,srv ctxsw/stream,3,0.011109357758565676,0.009785914381229492,0.011582510822913061
short-h1-c5000,inline-streaming,srv peak RSS MiB,3,142.35546875,141.47265625,142.921875
short-h1-c5000,inline-streaming,errors,3,0,0,0
short-h1-c5000,inline-streaming,timeouts,3,0,0,0
short-h1-c5000,inline-streaming,client CPU %,3,77.78012411665809,77.75192916305424,78.69897360324572
short-h1-c10000,main,streams/s,3,469331.3408550852,468102.702405334,481480.53240606736
short-h1-c10000,main,GiB/s,3,28.642681001526803,28.56816395741508,29.382672101296297
short-h1-c10000,main,TTFB p50 ms,3,24.361,23.489,24.517
short-h1-c10000,main,TTFB p99 ms,3,37.053,36.551,37.984
short-h1-c10000,main,TTFB p99.9 ms,3,40.514,40.103,41.975
short-h1-c10000,main,TTLB p50 ms,3,24.391,23.528,24.552
short-h1-c10000,main,TTLB p99 ms,3,37.089,36.593,38.035
short-h1-c10000,main,TTLB p99.9 ms,3,40.552,40.154,42.033
short-h1-c10000,main,srv CPU us/stream,3,50.72440605948248,49.44841524538303,50.84214174097748
short-h1-c10000,main,srv cores busy,3,23.80655350997472,23.79934394502659,23.808449298983323
short-h1-c10000,main,srv ctxsw/stream,3,0.013374715788621316,0.013027412027891847,0.01569916971579933
short-h1-c10000,main,srv peak RSS MiB,3,265.40234375,264.97265625,266.9453125
short-h1-c10000,main,errors,3,0,0,0
short-h1-c10000,main,timeouts,3,0,0,0
short-h1-c10000,main,client CPU %,3,72.45027107403561,72.03209428249528,73.83259554303301
short-h1-c10000,inline-streaming,streams/s,3,507148.0305273984,501634.46050095995,508531.9806707543
short-h1-c10000,inline-streaming,GiB/s,3,30.951925805043583,30.61481968592823,31.036592294560073
short-h1-c10000,inline-streaming,TTFB p50 ms,3,23.174,22.873,23.211
short-h1-c10000,inline-streaming,TTFB p99 ms,3,35.709,35.69,35.744
short-h1-c10000,inline-streaming,TTFB p99.9 ms,3,39.33,39.31,39.366
short-h1-c10000,inline-streaming,TTLB p50 ms,3,23.214,22.915,23.253
short-h1-c10000,inline-streaming,TTLB p99 ms,3,35.755,35.736,35.798
short-h1-c10000,inline-streaming,TTLB p99.9 ms,3,39.387,39.355,39.435
short-h1-c10000,inline-streaming,srv CPU us/stream,3,46.947551340195126,46.84682204264809,47.50820662451291
short-h1-c10000,inline-streaming,srv cores busy,3,23.823107201478184,23.80935820026388,23.831753599455666
short-h1-c10000,inline-streaming,srv ctxsw/stream,3,0.011635105715583682,0.0111033910081513,0.012284415353409146
short-h1-c10000,inline-streaming,srv peak RSS MiB,3,269.08203125,268.87109375,269.703125
short-h1-c10000,inline-streaming,errors,3,0,0,0
short-h1-c10000,inline-streaming,timeouts,3,0,0,0
short-h1-c10000,inline-streaming,client CPU %,3,77.84270993899017,76.98889555105532,78.28692463505782
short-h2-c64,main,streams/s,3,17415.830006652774,17048.85323411765,17460.19066128161
short-h2-c64,main,GiB/s,3,1.062846666303287,1.040495489548976,1.0656793610244677
short-h2-c64,main,TTFB p50 ms,3,2.776,2.775,2.836
short-h2-c64,main,TTFB p99 ms,3,3.761,3.76,3.854
short-h2-c64,main,TTFB p99.9 ms,3,3.999,3.975,4.103
short-h2-c64,main,TTLB p50 ms,3,3.655,3.647,3.736
short-h2-c64,main,TTLB p99 ms,3,4.815,4.811,4.924
short-h2-c64,main,TTLB p99.9 ms,3,5.18,5.178,5.308
short-h2-c64,main,srv CPU us/stream,3,110.54850387206159,107.75963208034165,112.49569312047778
short-h2-c64,main,srv cores busy,3,1.9301979549256236,1.837178151900261,1.959205867866819
short-h2-c64,main,srv ctxsw/stream,3,4.023762489950615,3.8000903374161155,4.230788617513633
short-h2-c64,main,srv peak RSS MiB,3,19.5546875,19.23046875,20.55078125
short-h2-c64,main,errors,3,0,0,0
short-h2-c64,main,timeouts,3,0,0,0
short-h2-c64,main,client CPU %,3,5.025515400777855,4.99298417167232,5.033028856579767
short-h2-c64,inline-streaming,streams/s,3,17417.545600354104,16719.798901547867,17773.170178277378
short-h2-c64,inline-streaming,GiB/s,3,1.0629666387887877,1.0204421278746687,1.0846447711775558
short-h2-c64,inline-streaming,TTFB p50 ms,3,2.957,2.878,3.057
short-h2-c64,inline-streaming,TTFB p99 ms,3,3.783,3.693,3.945
short-h2-c64,inline-streaming,TTFB p99.9 ms,3,3.961,3.867,4.134
short-h2-c64,inline-streaming,TTLB p50 ms,3,3.653,3.579,3.804
short-h2-c64,inline-streaming,TTLB p99 ms,3,4.952,4.842,5.123
short-h2-c64,inline-streaming,TTLB p99.9 ms,3,5.228,5.131,5.411
short-h2-c64,inline-streaming,srv CPU us/stream,3,91.12415163242572,90.53924023566087,92.23425826788609
short-h2-c64,inline-streaming,srv cores busy,3,1.5871590663513568,1.542138250072484,1.609169324520339
short-h2-c64,inline-streaming,srv ctxsw/stream,3,3.4929269124253066,3.417667812709256,3.564223291493931
short-h2-c64,inline-streaming,srv peak RSS MiB,3,17.99609375,17.8515625,18.59765625
short-h2-c64,inline-streaming,errors,3,0,0,0
short-h2-c64,inline-streaming,timeouts,3,0,0,0
short-h2-c64,inline-streaming,client CPU %,3,5.013002407111642,4.925441557462375,5.018028020994904
short-h2-c1000,main,streams/s,3,252161.53713483465,251495.08141790872,252649.2646243902
short-h2-c1000,main,GiB/s,3,15.388354976572007,15.348959625796205,15.417033910256189
short-h2-c1000,main,TTFB p50 ms,3,2.272,2.265,2.275
short-h2-c1000,main,TTFB p99 ms,3,3.867,3.846,3.888
short-h2-c1000,main,TTFB p99.9 ms,3,5.816,5.59,5.914
short-h2-c1000,main,TTLB p50 ms,3,3.488,3.474,3.488
short-h2-c1000,main,TTLB p99 ms,3,44.597,44.536,44.739
short-h2-c1000,main,TTLB p99.9 ms,3,47.1,47.037,47.289
short-h2-c1000,main,srv CPU us/stream,3,77.22596144520891,77.06348322649403,77.3873595886635
short-h2-c1000,main,srv cores busy,3,19.511082369043542,19.381086988394756,19.514115548683574
short-h2-c1000,main,srv ctxsw/stream,3,1.5804984012482242,1.5444218503275444,1.6047771485835176
short-h2-c1000,main,srv peak RSS MiB,3,72.10546875,72.0,74.30078125
short-h2-c1000,main,errors,3,0,0,0
short-h2-c1000,main,timeouts,3,0,0,0
short-h2-c1000,main,client CPU %,3,47.52765252984395,47.27509066213015,47.74759598155012
short-h2-c1000,inline-streaming,streams/s,3,281146.35913599713,279983.51928308356,281327.87852783676
short-h2-c1000,inline-streaming,GiB/s,3,17.157860149794374,17.086237469475527,17.16910707771684
short-h2-c1000,inline-streaming,TTFB p50 ms,3,2.29,2.288,2.299
short-h2-c1000,inline-streaming,TTFB p99 ms,3,3.991,3.968,4.016
short-h2-c1000,inline-streaming,TTFB p99.9 ms,3,6.057,5.933,6.07
short-h2-c1000,inline-streaming,TTLB p50 ms,3,3.445,3.441,3.47
short-h2-c1000,inline-streaming,TTLB p99 ms,3,6.855,6.789,6.861
short-h2-c1000,inline-streaming,TTLB p99.9 ms,3,45.978,45.907,46.041
short-h2-c1000,inline-streaming,srv CPU us/stream,3,71.07383746430745,70.7827374159875,71.23328382509375
short-h2-c1000,inline-streaming,srv cores busy,3,19.9441454954405,19.9131573536327,19.982150632913672
short-h2-c1000,inline-streaming,srv ctxsw/stream,3,1.5007632077991975,1.4738399319315285,1.5181437866116074
short-h2-c1000,inline-streaming,srv peak RSS MiB,3,72.7734375,69.83984375,72.796875
short-h2-c1000,inline-streaming,errors,3,0,0,0
short-h2-c1000,inline-streaming,timeouts,3,0,0,0
short-h2-c1000,inline-streaming,client CPU %,3,51.433035619327725,51.323021084257746,51.92562552361054
short-h2-c5000,main,streams/s,3,393585.46239320457,390832.2289506478,394619.3185276015
short-h2-c5000,main,GiB/s,3,24.018175015824763,23.853244119768977,24.083208533695036
short-h2-c5000,main,TTFB p50 ms,3,3.212,3.208,3.278
short-h2-c5000,main,TTFB p99 ms,3,7.526,7.442,7.574
short-h2-c5000,main,TTFB p99.9 ms,3,9.814,9.799,9.861
short-h2-c5000,main,TTLB p50 ms,3,6.013,5.989,6.129
short-h2-c5000,main,TTLB p99 ms,3,51.457,51.354,51.457
short-h2-c5000,main,TTLB p99.9 ms,3,53.958,53.915,53.973
short-h2-c5000,main,srv CPU us/stream,3,58.45629143936135,58.26836190910176,58.880894518754246
short-h2-c5000,main,srv cores busy,3,23.007546495952965,22.993821268289388,23.012551247372702
short-h2-c5000,main,srv ctxsw/stream,3,0.2932694079080271,0.2849535900328796,0.2944264262772546
short-h2-c5000,main,srv peak RSS MiB,3,181.453125,180.98046875,186.5859375
short-h2-c5000,main,errors,3,0,0,0
short-h2-c5000,main,timeouts,3,0,0,0
short-h2-c5000,main,client CPU %,3,75.7758869433652,75.63678039091626,76.23595176919179
short-h2-c5000,inline-streaming,streams/s,3,413424.4308571436,410712.63373287563,416345.55648380355
short-h2-c5000,inline-streaming,GiB/s,3,25.229041872898154,25.06295010656716,25.4102587275126
short-h2-c5000,inline-streaming,TTFB p50 ms,3,7.606,7.604,7.621
short-h2-c5000,inline-streaming,TTFB p99 ms,3,21.318,21.289,21.667
short-h2-c5000,inline-streaming,TTFB p99.9 ms,3,26.917,26.864,27.605
short-h2-c5000,inline-streaming,TTLB p50 ms,3,10.803,10.696,10.853
short-h2-c5000,inline-streaming,TTLB p99 ms,3,50.341,49.859,50.386
short-h2-c5000,inline-streaming,TTLB p99.9 ms,3,59.09,59.011,59.153
short-h2-c5000,inline-streaming,srv CPU us/stream,3,56.20096295434373,55.824844505948924,56.59584353423778
short-h2-c5000,inline-streaming,srv cores busy,3,23.24242595145111,23.23485112302297,23.24462795628054
short-h2-c5000,inline-streaming,srv ctxsw/stream,3,0.263917854474051,0.24768632042276673,0.26601835542025853
short-h2-c5000,inline-streaming,srv peak RSS MiB,3,297.6328125,294.87109375,298.64453125
short-h2-c5000,inline-streaming,errors,3,0,0,0
short-h2-c5000,inline-streaming,timeouts,3,0,0,0
short-h2-c5000,inline-streaming,client CPU %,3,77.57951969752462,77.32624223430517,77.72061216661551
short-h2-c10000,main,streams/s,3,389019.1759860292,388427.70162672224,390180.79324174265
short-h2-c10000,main,GiB/s,3,23.738592022543557,23.707530277286185,23.81413222134819
short-h2-c10000,main,TTFB p50 ms,3,7.803,7.65,7.906
short-h2-c10000,main,TTFB p99 ms,3,21.274,20.548,21.537
short-h2-c10000,main,TTFB p99.9 ms,3,27.442,26.817,27.677
short-h2-c10000,main,TTLB p50 ms,3,15.106,14.861,15.302
short-h2-c10000,main,TTLB p99 ms,3,65.086,64.774,65.535
short-h2-c10000,main,TTLB p99.9 ms,3,72.008,71.666,72.954
short-h2-c10000,main,srv CPU us/stream,3,59.427647687319464,59.275427994939314,59.47488655019909
short-h2-c10000,main,srv cores busy,3,23.11849453410907,23.101693487203885,23.128133514809218
short-h2-c10000,main,srv ctxsw/stream,3,0.2703466938422098,0.26320330297879146,0.28427595029013897
short-h2-c10000,main,srv peak RSS MiB,3,286.39453125,284.6796875,292.3984375
short-h2-c10000,main,errors,3,0,0,0
short-h2-c10000,main,timeouts,3,0,0,0
short-h2-c10000,main,client CPU %,3,76.45705297964044,75.19202166282744,76.54825971797493
short-h2-c10000,inline-streaming,streams/s,3,358331.13500154094,355236.9964223298,359528.37497627095
short-h2-c10000,inline-streaming,GiB/s,3,21.870125351195785,21.680891083147504,21.941669987661488
short-h2-c10000,inline-streaming,TTFB p50 ms,3,18.611,18.588,18.733
short-h2-c10000,inline-streaming,TTFB p99 ms,3,48.82,48.669,49.126
short-h2-c10000,inline-streaming,TTFB p99.9 ms,3,61.231,60.792,61.465
short-h2-c10000,inline-streaming,TTLB p50 ms,3,26.37,26.277,26.663
short-h2-c10000,inline-streaming,TTLB p99 ms,3,67.666,67.08,67.682
short-h2-c10000,inline-streaming,TTLB p99.9 ms,3,83.107,82.625,83.973
short-h2-c10000,inline-streaming,srv CPU us/stream,3,62.80099528176159,62.63048016701461,63.28871591474717
short-h2-c10000,inline-streaming,srv cores busy,3,22.503551918540047,22.48249334898089,22.51743475843033
short-h2-c10000,inline-streaming,srv ctxsw/stream,3,0.6363091980351219,0.6287412030182212,0.6492064441381459
short-h2-c10000,inline-streaming,srv peak RSS MiB,3,488.953125,486.66796875,502.87890625
short-h2-c10000,inline-streaming,errors,3,0,0,0
short-h2-c10000,inline-streaming,timeouts,3,0,0,0
short-h2-c10000,inline-streaming,client CPU %,3,69.57752325756154,69.54038592844255,69.64272350339343
short-h2x1-c1000,main,streams/s,3,24420.55387358915,24410.164786171863,24421.4664144717
short-h2x1-c1000,main,GiB/s,3,1.4904451770670555,1.489603539249229,1.490569544525681
short-h2x1-c1000,main,TTFB p50 ms,3,0.153,0.149,0.157
short-h2x1-c1000,main,TTFB p99 ms,3,0.445,0.428,0.493
short-h2x1-c1000,main,TTFB p99.9 ms,3,0.662,0.642,0.684
short-h2x1-c1000,main,TTLB p50 ms,3,41.007,41.006,41.009
short-h2x1-c1000,main,TTLB p99 ms,3,42.137,42.118,42.141
short-h2x1-c1000,main,TTLB p99.9 ms,3,42.439,42.391,42.46
short-h2x1-c1000,main,srv CPU us/stream,3,67.16219259987304,66.75266703523967,67.43690593248115
short-h2x1-c1000,main,srv cores busy,3,1.6401992309000792,1.630137101539829,1.6461459864814358
short-h2x1-c1000,main,srv ctxsw/stream,3,0.7711571144828716,0.7381596197967879,0.7962364600610193
short-h2x1-c1000,main,srv peak RSS MiB,3,79.81640625,79.35546875,81.6796875
short-h2x1-c1000,main,errors,3,0,0,0
short-h2x1-c1000,main,timeouts,3,0,0,0
short-h2x1-c1000,main,client CPU %,3,5.058114396510458,5.052948114640008,5.077927075502135
short-h2x1-c1000,inline-streaming,streams/s,3,24355.626083152496,24354.25085388356,24358.321694010516
short-h2x1-c1000,inline-streaming,GiB/s,3,1.4866120011251591,1.486549443551788,1.4870436121444937
short-h2x1-c1000,inline-streaming,TTFB p50 ms,3,0.156,0.156,0.162
short-h2x1-c1000,inline-streaming,TTFB p99 ms,3,0.421,0.419,0.484
short-h2x1-c1000,inline-streaming,TTFB p99.9 ms,3,0.643,0.573,0.682
short-h2x1-c1000,inline-streaming,TTLB p50 ms,3,41.01,41.008,41.012
short-h2x1-c1000,inline-streaming,TTLB p99 ms,3,42.159,42.12,42.164
short-h2x1-c1000,inline-streaming,TTLB p99.9 ms,3,42.445,42.329,42.724
short-h2x1-c1000,inline-streaming,srv CPU us/stream,3,59.33195097415262,57.98101245031372,59.46001437224104
short-h2x1-c1000,inline-streaming,srv cores busy,3,1.44522674856167,1.4121638591624504,1.4481041057970803
short-h2x1-c1000,inline-streaming,srv ctxsw/stream,3,0.49346687033934494,0.4893797860764951,0.5088471409506211
short-h2x1-c1000,inline-streaming,srv peak RSS MiB,3,62.54296875,62.5,62.58203125
short-h2x1-c1000,inline-streaming,errors,3,0,0,0
short-h2x1-c1000,inline-streaming,timeouts,3,0,0,0
short-h2x1-c1000,inline-streaming,client CPU %,3,5.0107861662934035,5.008081108184117,5.027861458490899
short-h3-c64,main,streams/s,3,7468.545079234758,7145.326260964622,7545.584934754747
short-h3-c64,main,GiB/s,3,0.4558000554564961,0.43606963145233113,0.4604981138746574
short-h3-c64,main,TTFB p50 ms,3,7.796,7.73,8.338
short-h3-c64,main,TTFB p99 ms,3,8.6,8.506,9.063
short-h3-c64,main,TTFB p99.9 ms,3,8.815,8.716,9.261
short-h3-c64,main,TTLB p50 ms,3,8.545,8.462,8.949
short-h3-c64,main,TTLB p99 ms,3,10.071,9.985,10.206
short-h3-c64,main,TTLB p99.9 ms,3,10.819,10.788,10.885
short-h3-c64,main,srv CPU us/stream,3,235.27678834462625,231.02004029265188,245.08020043109482
short-h3-c64,main,srv cores busy,3,1.7511779921827748,1.7431813356586687,1.7571752998494161
short-h3-c64,main,srv ctxsw/stream,3,22.51859558901495,22.427046787541176,22.76288385633905
short-h3-c64,main,srv peak RSS MiB,3,16.94140625,16.53125,16.95703125
short-h3-c64,main,errors,3,0,0,0
short-h3-c64,main,timeouts,3,0,0,0
short-h3-c64,main,client CPU %,3,5.770575685902749,5.243032909205138,5.848108353565156
short-h3-c64,inline-streaming,streams/s,3,7432.875581916021,7371.263676185128,7493.973198178695
short-h3-c64,inline-streaming,GiB/s,3,0.45363768151282424,0.44986112701251585,0.4573620595737804
short-h3-c64,inline-streaming,TTFB p50 ms,3,7.899,7.723,7.988
short-h3-c64,inline-streaming,TTFB p99 ms,3,8.64,8.603,8.764
short-h3-c64,inline-streaming,TTFB p99.9 ms,3,8.869,8.786,8.978
short-h3-c64,inline-streaming,TTLB p50 ms,3,8.586,8.53,8.668
short-h3-c64,inline-streaming,TTLB p99 ms,3,10.043,9.813,10.261
short-h3-c64,inline-streaming,TTLB p99.9 ms,3,10.749,10.432,11.092
short-h3-c64,inline-streaming,srv CPU us/stream,3,234.65776832927438,234.21235253296322,238.24706600637677
short-h3-c64,inline-streaming,srv cores busy,3,1.7551810925644065,1.7441819963215701,1.7561819436104855
short-h3-c64,inline-streaming,srv ctxsw/stream,3,22.519070624032455,22.398568372330836,22.785102774574316
short-h3-c64,inline-streaming,srv peak RSS MiB,3,16.5703125,16.55859375,16.59765625
short-h3-c64,inline-streaming,errors,3,0,0,0
short-h3-c64,inline-streaming,timeouts,3,0,0,0
short-h3-c64,inline-streaming,client CPU %,3,5.585578676004877,5.455562883156032,6.100636569702739
short-h3-c1000,main,streams/s,3,89776.81500471596,88433.81207252255,91422.85015989638
short-h3-c1000,main,GiB/s,3,5.479110293768741,5.397002197076674,5.579808281353539
short-h3-c1000,main,TTFB p50 ms,3,1.016,0.995,1.038
short-h3-c1000,main,TTFB p99 ms,3,4.012,3.91,4.409
short-h3-c1000,main,TTFB p99.9 ms,3,6.061,5.918,6.533
short-h3-c1000,main,TTLB p50 ms,3,11.428,11.212,11.588
short-h3-c1000,main,TTLB p99 ms,3,15.637,15.141,15.978
short-h3-c1000,main,TTLB p99.9 ms,3,17.629,16.893,18.007
short-h3-c1000,main,srv CPU us/stream,3,140.93105173041855,140.09904401846984,142.29104183913037
short-h3-c1000,main,srv cores busy,3,12.65234095962184,12.583339253605098,12.808253908845295
short-h3-c1000,main,srv ctxsw/stream,3,3.0100047567432684,2.9610831399477973,3.060658171240916
short-h3-c1000,main,srv peak RSS MiB,3,96.61328125,93.47265625,98.984375
short-h3-c1000,main,errors,3,0,0,0
short-h3-c1000,main,timeouts,3,0,0,0
short-h3-c1000,main,client CPU %,3,56.08844453940336,55.88344771445867,56.120494112192844
short-h3-c1000,inline-streaming,streams/s,3,89357.72398817525,88145.40305574269,89906.93789787294
short-h3-c1000,inline-streaming,GiB/s,3,5.45380253362308,5.37898865151962,5.486629239738645
short-h3-c1000,inline-streaming,TTFB p50 ms,3,1.022,1.013,1.027
short-h3-c1000,inline-streaming,TTFB p99 ms,3,4.141,4.135,4.598
short-h3-c1000,inline-streaming,TTFB p99.9 ms,3,6.381,5.962,7.277
short-h3-c1000,inline-streaming,TTLB p50 ms,3,11.466,11.398,11.607
short-h3-c1000,inline-streaming,TTLB p99 ms,3,15.702,15.555,16.298
short-h3-c1000,inline-streaming,TTLB p99.9 ms,3,18.375,17.403,19.046
short-h3-c1000,inline-streaming,srv CPU us/stream,3,142.0850406109153,140.72725209767145,142.83671978179078
short-h3-c1000,inline-streaming,srv cores busy,3,12.652356314883656,12.590400236326124,12.696395841758843
short-h3-c1000,inline-streaming,srv ctxsw/stream,3,3.008077326301744,2.9758724678049284,3.01853652967781
short-h3-c1000,inline-streaming,srv peak RSS MiB,3,94.1484375,93.6875,96.546875
short-h3-c1000,inline-streaming,errors,3,0,0,0
short-h3-c1000,inline-streaming,timeouts,3,0,0,0
short-h3-c1000,inline-streaming,client CPU %,3,56.14851904263344,55.466168647759694,56.34619470064539
long256k-h1-c64,main,streams/s,3,4473.937825819147,4464.48639284549,4496.208840001011
long256k-h1-c64,main,GiB/s,3,34.947216804408036,34.87920285365321,35.12284546469384
long256k-h1-c64,main,TTFB p50 ms,3,1.319,1.175,1.439
long256k-h1-c64,main,TTFB p99 ms,3,3.37,3.324,3.392
long256k-h1-c64,main,TTFB p99.9 ms,3,4.152,4.142,4.316
long256k-h1-c64,main,TTLB p50 ms,3,6.131,6.101,6.196
long256k-h1-c64,main,TTLB p99 ms,3,55.053,54.994,55.201
long256k-h1-c64,main,TTLB p99.9 ms,3,62.514,62.431,62.889
long256k-h1-c64,main,srv CPU us/stream,3,5102.598566308244,5089.5299953288695,5118.140158712417
long256k-h1-c64,main,srv cores busy,3,22.883589756447968,22.78048186743606,22.8982408539075
long256k-h1-c64,main,srv ctxsw/stream,3,1.0112887001229462,0.9999555130457993,1.066173835125448
long256k-h1-c64,main,srv peak RSS MiB,3,314.0546875,312.609375,329.7890625
long256k-h1-c64,main,errors,3,0,0,0
long256k-h1-c64,main,timeouts,3,0,0,0
long256k-h1-c64,main,client CPU %,3,46.01950353304304,45.787488414079,46.152723145215795
long256k-h1-c64,inline-streaming,streams/s,3,5626.007687031707,5590.303019837416,5638.804903359889
long256k-h1-c64,inline-streaming,GiB/s,3,43.94701687452944,43.66711521329762,44.051309249552816
long256k-h1-c64,inline-streaming,TTFB p50 ms,3,0.298,0.297,0.3
long256k-h1-c64,inline-streaming,TTFB p99 ms,3,0.91,0.894,0.927
long256k-h1-c64,inline-streaming,TTFB p99.9 ms,3,1.439,1.398,1.455
long256k-h1-c64,inline-streaming,TTLB p50 ms,3,4.104,4.098,4.109
long256k-h1-c64,inline-streaming,TTLB p99 ms,3,48.398,48.283,48.45
long256k-h1-c64,inline-streaming,TTLB p99.9 ms,3,53.106,52.999,53.117
long256k-h1-c64,inline-streaming,srv CPU us/stream,3,3954.237257813478,3942.03823915434,3954.5632310591245
long256k-h1-c64,inline-streaming,srv cores busy,3,22.228384552175672,22.105384483508313,22.24840313679158
long256k-h1-c64,inline-streaming,srv ctxsw/stream,3,1.21423503955163,1.1835780566715255,1.2179186718428539
long256k-h1-c64,inline-streaming,srv peak RSS MiB,3,70.84765625,65.453125,76.47265625
long256k-h1-c64,inline-streaming,errors,3,0,0,0
long256k-h1-c64,inline-streaming,timeouts,3,0,0,0
long256k-h1-c64,inline-streaming,client CPU %,3,57.01611640958946,56.561101183767484,57.0186588077106
long256k-h1-c1000,main,streams/s,3,5443.781124179384,5437.168650633061,5454.988662555046
long256k-h1-c1000,main,GiB/s,3,42.537921845801876,42.504978060910865,42.571480180190086
long256k-h1-c1000,main,TTFB p50 ms,3,55.891,55.521,56.275
long256k-h1-c1000,main,TTFB p99 ms,3,166.82,160.488,168.268
long256k-h1-c1000,main,TTFB p99.9 ms,3,217.518,199.278,222.774
long256k-h1-c1000,main,TTLB p50 ms,3,181.35,180.674,181.708
long256k-h1-c1000,main,TTLB p99 ms,3,336.203,334.56,338.09
long256k-h1-c1000,main,TTLB p99.9 ms,3,401.046,390.812,407.005
long256k-h1-c1000,main,srv CPU us/stream,3,4400.169018224574,4391.133763567029,4406.614428135232
long256k-h1-c1000,main,srv cores busy,3,23.95358489602081,23.953557044609866,23.959505824084214
long256k-h1-c1000,main,srv ctxsw/stream,3,0.04607659198763933,0.04594723691945914,0.04779627456732179
long256k-h1-c1000,main,srv peak RSS MiB,3,5914.30859375,5742.5703125,6039.96484375
long256k-h1-c1000,main,errors,3,0,0,0
long256k-h1-c1000,main,timeouts,3,0,0,0
long256k-h1-c1000,main,client CPU %,3,56.013358201878226,55.93347090361232,56.22106696713332
long256k-h1-c1000,inline-streaming,streams/s,3,5955.414893610058,5948.126579817607,5974.1396463526235
long256k-h1-c1000,inline-streaming,GiB/s,3,46.563885849385294,46.43916403230844,46.574303922670246
long256k-h1-c1000,inline-streaming,TTFB p50 ms,3,56.904,56.745,57.516
long256k-h1-c1000,inline-streaming,TTFB p99 ms,3,171.006,166.409,174.966
long256k-h1-c1000,inline-streaming,TTFB p99.9 ms,3,220.668,212.258,230.114
long256k-h1-c1000,inline-streaming,TTLB p50 ms,3,163.501,163.3,163.674
long256k-h1-c1000,inline-streaming,TTLB p99 ms,3,313.711,312.589,314.062
long256k-h1-c1000,inline-streaming,TTLB p99.9 ms,3,373.423,361.975,378.076
long256k-h1-c1000,inline-streaming,srv CPU us/stream,3,4026.3316987976086,4014.396919728802,4031.6099201345105
long256k-h1-c1000,inline-streaming,srv cores busy,3,23.98052612540842,23.978475765633565,23.98256779434769
long256k-h1-c1000,inline-streaming,srv ctxsw/stream,3,0.05736864228667508,0.05249853519712062,0.058860079263787196
long256k-h1-c1000,inline-streaming,srv peak RSS MiB,3,992.68359375,990.3515625,1033.07421875
long256k-h1-c1000,inline-streaming,errors,3,0,0,0
long256k-h1-c1000,inline-streaming,timeouts,3,0,0,0
long256k-h1-c1000,inline-streaming,client CPU %,3,60.36896365664355,60.36885929789665,60.41623794635984
long256k-h1-c5000,main,streams/s,3,5453.584647179234,5446.474409700382,5462.794966110467
long256k-h1-c5000,main,GiB/s,3,42.61688185105107,42.55070431887716,42.69882075862373
long256k-h1-c5000,main,TTFB p50 ms,3,333.393,324.574,336.538
long256k-h1-c5000,main,TTFB p99 ms,3,838.531,835.235,841.621
long256k-h1-c5000,main,TTFB p99.9 ms,3,935.201,927.022,952.202
long256k-h1-c5000,main,TTLB p50 ms,3,904.92,903.351,910.607
long256k-h1-c5000,main,TTLB p99 ms,3,1661.389,1659.985,1678.047
long256k-h1-c5000,main,TTLB p99.9 ms,3,1874.976,1859.455,1911.178
long256k-h1-c5000,main,srv CPU us/stream,3,4397.395928846507,4390.172457983963,4402.945335022678
long256k-h1-c5000,main,srv cores busy,3,23.981570925125773,23.98052909451069,23.98261200383161
long256k-h1-c5000,main,srv ctxsw/stream,3,0.07654502108930863,0.07049339870361189,0.07919885760316356
long256k-h1-c5000,main,srv peak RSS MiB,3,19716.6953125,19575.29296875,20496.7109375
long256k-h1-c5000,main,errors,3,0,0,0
long256k-h1-c5000,main,timeouts,3,0,0,0
long256k-h1-c5000,main,client CPU %,3,55.76847861513515,55.72337683807655,55.87358532627449
long256k-h1-c5000,inline-streaming,streams/s,3,5986.622180064579,5938.111440209264,6001.334234204806
long256k-h1-c5000,inline-streaming,GiB/s,3,46.58202646738104,46.44334753870707,46.92086420612118
long256k-h1-c5000,inline-streaming,TTFB p50 ms,3,314.519,309.732,330.573
long256k-h1-c5000,inline-streaming,TTFB p99 ms,3,841.336,806.581,851.464
long256k-h1-c5000,inline-streaming,TTFB p99.9 ms,3,963.437,919.56,969.465
long256k-h1-c5000,inline-streaming,TTLB p50 ms,3,829.857,829.093,835.679
long256k-h1-c5000,inline-streaming,TTLB p99 ms,3,1575.306,1538.496,1581.003
long256k-h1-c5000,inline-streaming,TTLB p99.9 ms,3,1727.996,1695.557,1784.997
long256k-h1-c5000,inline-streaming,srv CPU us/stream,3,4007.517540928834,3996.867032179579,4039.7473684210527
long256k-h1-c5000,inline-streaming,srv cores busy,3,23.988470063976322,23.986534949783874,23.991493397522415
long256k-h1-c5000,inline-streaming,srv ctxsw/stream,3,0.06287599780025664,0.05833611760775142,0.06413473684210526
long256k-h1-c5000,inline-streaming,srv peak RSS MiB,3,3857.09765625,3704.390625,3863.90625
long256k-h1-c5000,inline-streaming,errors,3,0,0,0
long256k-h1-c5000,inline-streaming,timeouts,3,0,0,0
long256k-h1-c5000,inline-streaming,client CPU %,3,60.193861419701335,59.91866975352211,60.353772471006884
long256k-h2-c64,main,streams/s,3,159.91641703536447,153.6159890280484,160.41652203552042
long256k-h2-c64,main,GiB/s,3,1.2449076605243106,1.2077535738850649,1.2501605448002642
long256k-h2-c64,main,TTFB p50 ms,3,19.551,19.423,20.347
long256k-h2-c64,main,TTFB p99 ms,3,29.148,29.06,30.115
long256k-h2-c64,main,TTFB p99.9 ms,3,31.372,30.898,32.209
long256k-h2-c64,main,TTLB p50 ms,3,401.431,400.277,413.81
long256k-h2-c64,main,TTLB p99 ms,3,437.685,436.33,453.31
long256k-h2-c64,main,TTLB p99.9 ms,3,456.084,452.865,467.189
long256k-h2-c64,main,srv CPU us/stream,3,5834.896810506567,5760.598503740648,5957.03125
long256k-h2-c64,main,srv cores busy,3,0.9240951768130977,0.9150952471397414,0.9330957917072862
long256k-h2-c64,main,srv ctxsw/stream,3,40.31920199501247,37.93245778611632,42.677734375
long256k-h2-c64,main,srv peak RSS MiB,3,656.70703125,646.0625,657.5625
long256k-h2-c64,main,errors,3,0,0,0
long256k-h2-c64,main,timeouts,3,0,0,0
long256k-h2-c64,main,client CPU %,3,4.247937514625143,4.225439802366565,4.305441997105967
long256k-h2-c64,inline-streaming,streams/s,3,159.31591865541293,157.61651728107358,159.81509933058473
long256k-h2-c64,inline-streaming,GiB/s,3,1.235137737370762,1.2270802043222333,1.2496085001089376
long256k-h2-c64,inline-streaming,TTFB p50 ms,3,20.066,19.707,21.493
long256k-h2-c64,inline-streaming,TTFB p99 ms,3,27.293,27.139,28.534
long256k-h2-c64,inline-streaming,TTFB p99.9 ms,3,31.036,28.436,31.178
long256k-h2-c64,inline-streaming,TTLB p50 ms,3,403.168,400.539,408.335
long256k-h2-c64,inline-streaming,TTLB p99 ms,3,447.805,439.552,448.742
long256k-h2-c64,inline-streaming,TTLB p99.9 ms,3,454.515,449.222,467.771
long256k-h2-c64,inline-streaming,srv CPU us/stream,3,5193.992490613267,5160.0753295668555,5291.878172588832
long256k-h2-c64,inline-streaming,srv cores busy,3,0.8300784258096705,0.8220821414610763,0.8340874074391839
long256k-h2-c64,inline-streaming,srv ctxsw/stream,3,23.112309644670052,22.13057124921532,23.483729662077597
long256k-h2-c64,inline-streaming,srv peak RSS MiB,3,107.85546875,103.94921875,117.12109375
long256k-h2-c64,inline-streaming,errors,3,0,0,0
long256k-h2-c64,inline-streaming,timeouts,3,0,0,0
long256k-h2-c64,inline-streaming,client CPU %,3,4.2404236980474,4.237900396829493,4.280448565755044
long256k-h2-c1000,main,streams/s,3,3418.168603338594,3398.254008013904,3419.3751663206235
long256k-h2-c1000,main,GiB/s,3,26.628281672239765,26.48527717099976,26.65996214601395
long256k-h2-c1000,main,TTFB p50 ms,3,13.016,12.852,13.27
long256k-h2-c1000,main,TTFB p99 ms,3,21.506,21.41,21.534
long256k-h2-c1000,main,TTFB p99.9 ms,3,23.543,23.292,23.598
long256k-h2-c1000,main,TTLB p50 ms,3,299.218,298.884,301.024
long256k-h2-c1000,main,TTLB p99 ms,3,323.651,323.14,325.566
long256k-h2-c1000,main,TTLB p99.9 ms,3,332.936,331.384,333.468
long256k-h2-c1000,main,srv CPU us/stream,3,5127.815150628839,5097.7236819006375,5135.23058359575
long256k-h2-c1000,main,srv cores busy,3,17.450817912779836,17.424879037968378,17.533923783542896
long256k-h2-c1000,main,srv ctxsw/stream,3,31.924159110851125,31.899261308455223,32.31078471531394
long256k-h2-c1000,main,srv peak RSS MiB,3,7594.92578125,7494.84375,7669.4453125
long256k-h2-c1000,main,errors,3,0,0,0
long256k-h2-c1000,main,timeouts,3,0,0,0
long256k-h2-c1000,main,client CPU %,3,49.562844683700725,49.477654260416095,49.67295000679425
long256k-h2-c1000,inline-streaming,streams/s,3,3423.9757166217582,3415.1582460018158,3432.3680411550017
long256k-h2-c1000,inline-streaming,GiB/s,3,26.712713481678623,26.6180920907073,26.769801433186483
long256k-h2-c1000,inline-streaming,TTFB p50 ms,3,14.554,14.535,14.639
long256k-h2-c1000,inline-streaming,TTFB p99 ms,3,23.053,22.957,23.146
long256k-h2-c1000,inline-streaming,TTFB p99.9 ms,3,23.731,23.7,23.759
long256k-h2-c1000,inline-streaming,TTLB p50 ms,3,298.37,297.555,299.327
long256k-h2-c1000,inline-streaming,TTLB p99 ms,3,326.326,325.908,328.507
long256k-h2-c1000,inline-streaming,TTLB p99.9 ms,3,337.553,335.921,338.936
long256k-h2-c1000,inline-streaming,srv CPU us/stream,3,5011.420873843271,5007.575757575758,5020.738404019161
long256k-h2-c1000,inline-streaming,srv cores busy,3,17.187842993965578,17.11479532149147,17.19088637487189
long256k-h2-c1000,inline-streaming,srv ctxsw/stream,3,21.866171328671328,21.433520271059702,22.207567061028463
long256k-h2-c1000,inline-streaming,srv peak RSS MiB,3,1611.3203125,1602.8046875,1618.28125
long256k-h2-c1000,inline-streaming,errors,3,0,0,0
long256k-h2-c1000,inline-streaming,timeouts,3,0,0,0
long256k-h2-c1000,inline-streaming,client CPU %,3,50.23038603351105,49.9429802981654,50.24527066859882
long256k-h2-c5000,main,streams/s,3,4792.535550990963,4778.2221445252435,4806.547287893842
long256k-h2-c5000,main,GiB/s,3,38.23507268802331,38.181162671482944,38.267514128997924
long256k-h2-c5000,main,TTFB p50 ms,3,35.52,35.142,35.55
long256k-h2-c5000,main,TTFB p99 ms,3,67.048,66.356,67.498
long256k-h2-c5000,main,TTFB p99.9 ms,3,79.216,78.053,80.801
long256k-h2-c5000,main,TTLB p50 ms,3,1033.513,1032.762,1034.863
long256k-h2-c5000,main,TTLB p99 ms,3,1160.832,1157.437,1170.005
long256k-h2-c5000,main,TTLB p99.9 ms,3,1201.246,1198.395,1220.317
long256k-h2-c5000,main,srv CPU us/stream,3,4994.991652754591,4982.521847690387,5010.988550976411
long256k-h2-c5000,main,srv cores busy,3,23.943616460237948,23.938675072729488,23.94872687388804
long256k-h2-c5000,main,srv ctxsw/stream,3,0.8577139627854407,0.8506450270495214,0.8813230383973288
long256k-h2-c5000,main,srv peak RSS MiB,3,38578.703125,38188.23046875,38584.3984375
long256k-h2-c5000,main,errors,3,0,0,0
long256k-h2-c5000,main,timeouts,3,0,0,0
long256k-h2-c5000,main,client CPU %,3,70.89042178487415,70.8180635571708,70.985256977843
long256k-h2-c5000,inline-streaming,streams/s,3,5002.26388469844,4998.666681346331,5009.958069750302
long256k-h2-c5000,inline-streaming,GiB/s,3,37.979826039249026,37.847898377775174,37.99611180983465
long256k-h2-c5000,inline-streaming,TTFB p50 ms,3,33.326,33.109,33.678
long256k-h2-c5000,inline-streaming,TTFB p99 ms,3,62.995,62.853,63.219
long256k-h2-c5000,inline-streaming,TTFB p99.9 ms,3,73.471,73.443,73.516
long256k-h2-c5000,inline-streaming,TTLB p50 ms,3,1037.651,1037.034,1040.485
long256k-h2-c5000,inline-streaming,TTLB p99 ms,3,1161.829,1159.641,1166.584
long256k-h2-c5000,inline-streaming,TTLB p99.9 ms,3,1201.41,1195.266,1229.173
long256k-h2-c5000,inline-streaming,srv CPU us/stream,3,4789.971409720695,4785.004192118817,4795.222184430084
long256k-h2-c5000,inline-streaming,srv cores busy,3,23.969717362963426,23.96070099158391,23.972670366094686
long256k-h2-c5000,inline-streaming,srv ctxsw/stream,3,0.30592486126082963,0.3041355715171765,0.30603594777775556
long256k-h2-c5000,inline-streaming,srv peak RSS MiB,3,6293.37109375,6255.078125,6325.65625
long256k-h2-c5000,inline-streaming,errors,3,0,0,0
long256k-h2-c5000,inline-streaming,timeouts,3,0,0,0
long256k-h2-c5000,inline-streaming,client CPU %,3,70.49794694451748,70.22546121474879,70.57536153772995
long256k-h3-c64,main,streams/s,3,62.707006749249445,61.906487211748164,62.806642926728415
long256k-h3-c64,main,GiB/s,3,0.4776921462859855,0.47246167763688485,0.4778010602588857
long256k-h3-c64,main,TTFB p50 ms,3,6.906,6.763,7.068
long256k-h3-c64,main,TTFB p99 ms,3,24.26,21.899,26.648
long256k-h3-c64,main,TTFB p99.9 ms,3,41.396,29.779,43.089
long256k-h3-c64,main,TTLB p50 ms,3,1044.079,1041.275,1054.757
long256k-h3-c64,main,TTLB p99 ms,3,1233.85,1221.34,1244.961
long256k-h3-c64,main,TTLB p99.9 ms,3,1301.452,1279.827,1327.686
long256k-h3-c64,main,srv CPU us/stream,3,35183.41307814992,34984.076433121016,35589.66074313409
long256k-h3-c64,main,srv cores busy,3,2.2032308776652862,2.1972323966564065,2.206246521353178
long256k-h3-c64,main,srv ctxsw/stream,3,2515.59649122807,2500.654281098546,2530.627388535032
long256k-h3-c64,main,srv peak RSS MiB,3,65.18359375,64.30078125,66.55078125
long256k-h3-c64,main,errors,3,0,0,0
long256k-h3-c64,main,timeouts,3,0,0,0
long256k-h3-c64,main,client CPU %,3,11.596226508525733,11.451199976971187,12.37138235228414
long256k-h3-c64,inline-streaming,streams/s,3,62.20635439154237,60.206437525167225,62.40677113466811
long256k-h3-c64,inline-streaming,GiB/s,3,0.47450767561139234,0.4632847630918637,0.4745879304599797
long256k-h3-c64,inline-streaming,TTFB p50 ms,3,7.272,7.187,7.541
long256k-h3-c64,inline-streaming,TTFB p99 ms,3,27.34,24.603,27.995
long256k-h3-c64,inline-streaming,TTFB p99.9 ms,3,36.019,33.445,40.957
long256k-h3-c64,inline-streaming,TTLB p50 ms,3,1049.18,1046.429,1074.039
long256k-h3-c64,inline-streaming,TTLB p99 ms,3,1213.233,1208.965,1252.525
long256k-h3-c64,inline-streaming,TTLB p99.9 ms,3,1264.137,1244.045,1315.021
long256k-h3-c64,inline-streaming,srv CPU us/stream,3,35400.64102564102,34614.14790996785,37076.41196013289
long256k-h3-c64,inline-streaming,srv cores busy,3,2.209239702507722,2.1532199518487256,2.232238680335104
long256k-h3-c64,inline-streaming,srv ctxsw/stream,3,2513.548172757475,2428.337620578778,2543.102564102564
long256k-h3-c64,inline-streaming,srv peak RSS MiB,3,65.41796875,64.6484375,65.7109375
long256k-h3-c64,inline-streaming,errors,3,0,0,0
long256k-h3-c64,inline-streaming,timeouts,3,0,0,0
long256k-h3-c64,inline-streaming,client CPU %,3,11.438723076313957,11.413665908255261,12.363841476800234
long1m-h1-c64,main,streams/s,3,1409.4462898130907,1390.2439916019177,1413.643263980216
long1m-h1-c64,main,GiB/s,3,22.012936238753454,21.717498272775334,22.08050841500699
long1m-h1-c64,main,TTFB p50 ms,3,4.39,1.629,4.558
long1m-h1-c64,main,TTFB p99 ms,3,5.854,5.844,5.893
long1m-h1-c64,main,TTFB p99.9 ms,3,6.536,6.513,6.617
long1m-h1-c64,main,TTLB p50 ms,3,52.022,50.034,52.035
long1m-h1-c64,main,TTLB p99 ms,3,55.007,55.006,55.009
long1m-h1-c64,main,TTLB p99.9 ms,3,60.031,59.996,61.019
long1m-h1-c64,main,srv CPU us/stream,3,10994.110551337544,10721.613017332862,11033.019207251276
long1m-h1-c64,main,srv cores busy,3,15.338588662109641,15.156536020955201,15.495608326377655
long1m-h1-c64,main,srv ctxsw/stream,3,2.915617581468959,2.9076137089335132,2.926565263530244
long1m-h1-c64,main,srv peak RSS MiB,3,397.12109375,393.73828125,422.19140625
long1m-h1-c64,main,errors,3,0,0,0
long1m-h1-c64,main,timeouts,3,0,0,0
long1m-h1-c64,main,client CPU %,3,27.677804973931718,27.337831458483862,27.832888842331876
long1m-h1-c64,inline-streaming,streams/s,3,2410.761079397996,2397.0345253785563,2442.5625087877384
long1m-h1-c64,inline-streaming,GiB/s,3,37.66631434815293,37.449271795399135,38.16921991340769
long1m-h1-c64,inline-streaming,TTFB p50 ms,3,0.361,0.361,0.362
long1m-h1-c64,inline-streaming,TTFB p99 ms,3,1.042,1.027,1.113
long1m-h1-c64,inline-streaming,TTFB p99.9 ms,3,1.517,1.512,1.706
long1m-h1-c64,inline-streaming,TTLB p50 ms,3,8.822,8.793,8.839
long1m-h1-c64,inline-streaming,TTLB p99 ms,3,54.439,54.037,54.716
long1m-h1-c64,inline-streaming,TTLB p99.9 ms,3,60.991,59.035,61.613
long1m-h1-c64,inline-streaming,srv CPU us/stream,3,8288.96862483311,8276.215043196986,8293.30014519809
long1m-h1-c64,inline-streaming,srv cores busy,3,19.99316520980931,19.868943973504578,20.215172579178052
long1m-h1-c64,inline-streaming,srv ctxsw/stream,3,2.378504672897196,2.3280104819227776,2.387803360298693
long1m-h1-c64,inline-streaming,srv peak RSS MiB,3,188.15234375,186.02734375,189.04296875
long1m-h1-c64,inline-streaming,errors,3,0,0,0
long1m-h1-c64,inline-streaming,timeouts,3,0,0,0
long1m-h1-c64,inline-streaming,client CPU %,3,47.855182596637256,47.5671539608301,48.44020599972735
long1m-h1-c1000,main,streams/s,3,2770.2032336484835,2766.3038217655926,2773.1124343762867
long1m-h1-c1000,main,GiB/s,3,43.31020184171927,43.26932597309316,43.34524606176742
long1m-h1-c1000,main,TTFB p50 ms,3,61.339,60.629,62.004
long1m-h1-c1000,main,TTFB p99 ms,3,179.673,170.978,184.341
long1m-h1-c1000,main,TTFB p99.9 ms,3,238.057,218.663,240.654
long1m-h1-c1000,main,TTLB p50 ms,3,363.845,362.697,365.36
long1m-h1-c1000,main,TTLB p99 ms,3,563.561,562.755,576.608
long1m-h1-c1000,main,TTLB p99.9 ms,3,634.826,633.66,639.578
long1m-h1-c1000,main,srv CPU us/stream,3,8649.04870211921,8644.33064050779,8660.159074475778
long1m-h1-c1000,main,srv cores busy,3,23.959622682593857,23.95663114482032,23.971700786052082
long1m-h1-c1000,main,srv ctxsw/stream,3,0.059074475777295736,0.05377236006924409,0.060399292393227194
long1m-h1-c1000,main,srv peak RSS MiB,3,11761.2890625,11475.87109375,11888.17578125
long1m-h1-c1000,main,errors,3,0,0,0
long1m-h1-c1000,main,timeouts,3,0,0,0
long1m-h1-c1000,main,client CPU %,3,55.14871336288025,55.13353506009487,55.29857341466885
long1m-h1-c1000,inline-streaming,streams/s,3,2773.489122096184,2770.997603757145,2782.1947098172463
long1m-h1-c1000,inline-streaming,GiB/s,3,43.29872585516885,43.29115603736301,43.44866210330839
long1m-h1-c1000,inline-streaming,TTFB p50 ms,3,62.357,61.502,63.818
long1m-h1-c1000,inline-streaming,TTFB p99 ms,3,184.866,181.767,191.851
long1m-h1-c1000,inline-streaming,TTFB p99.9 ms,3,243.52,234.448,251.698
long1m-h1-c1000,inline-streaming,TTLB p50 ms,3,359.29,359.289,362.021
long1m-h1-c1000,inline-streaming,TTLB p99 ms,3,579.647,579.337,590.773
long1m-h1-c1000,inline-streaming,TTLB p99.9 ms,3,669.608,649.314,694.924
long1m-h1-c1000,inline-streaming,srv CPU us/stream,3,8641.641425068512,8616.413242747762,8651.243368101923
long1m-h1-c1000,inline-streaming,srv cores busy,3,23.97253934157209,23.967498489483287,23.972574642530322
long1m-h1-c1000,inline-streaming,srv ctxsw/stream,3,0.07608538872061157,0.07297794781102249,0.08044861425644344
long1m-h1-c1000,inline-streaming,srv peak RSS MiB,3,2435.26953125,2422.77734375,2542.12890625
long1m-h1-c1000,inline-streaming,errors,3,0,0,0
long1m-h1-c1000,inline-streaming,timeouts,3,0,0,0
long1m-h1-c1000,inline-streaming,client CPU %,3,55.47337613386107,55.43345352519189,55.540789844083214
long1m-h2-c64,main,streams/s,3,79.2082833171195,78.5082414261962,80.81351705473365
long1m-h2-c64,main,GiB/s,3,1.2550800558813662,1.2510496357732108,1.2648168258455812
long1m-h2-c64,main,TTFB p50 ms,3,38.871,38.835,39.261
long1m-h2-c64,main,TTFB p99 ms,3,50.181,48.956,50.29
long1m-h2-c64,main,TTFB p99.9 ms,3,56.748,55.243,58.057
long1m-h2-c64,main,TTLB p50 ms,3,793.597,783.027,793.875
long1m-h2-c64,main,TTLB p99 ms,3,929.417,925.405,936.899
long1m-h2-c64,main,TTLB p99.9 ms,3,972.149,966.433,1007.969
long1m-h2-c64,main,srv CPU us/stream,3,8939.39393939394,8873.762376237624,9006.369426751593
long1m-h2-c64,main,srv cores busy,3,0.7080740478348561,0.7070742253289262,0.7171199471317331
long1m-h2-c64,main,srv ctxsw/stream,3,34.39393939393939,34.12871287128713,34.65350318471337
long1m-h2-c64,main,srv peak RSS MiB,3,1907.53515625,1688.75,2094.47265625
long1m-h2-c64,main,errors,3,0,0,0
long1m-h2-c64,main,timeouts,3,0,0,0
long1m-h2-c64,main,client CPU %,3,4.285448156740619,4.272948554056347,4.315721857564057
long1m-h2-c64,inline-streaming,streams/s,3,78.10825123849845,76.20775257656574,81.50852540866768
long1m-h2-c64,inline-streaming,GiB/s,3,1.2431903342572863,1.2021978146700532,1.2454455393658057
long1m-h2-c64,inline-streaming,TTFB p50 ms,3,39.359,38.536,41.192
long1m-h2-c64,inline-streaming,TTFB p99 ms,3,49.795,49.139,52.829
long1m-h2-c64,inline-streaming,TTFB p99.9 ms,3,52.546,51.357,55.244
long1m-h2-c64,inline-streaming,TTLB p50 ms,3,800.45,798.977,825.288
long1m-h2-c64,inline-streaming,TTLB p99 ms,3,952.762,935.215,960.503
long1m-h2-c64,inline-streaming,TTLB p99.9 ms,3,1034.646,985.493,1076.709
long1m-h2-c64,inline-streaming,srv CPU us/stream,3,9743.918053777208,8834.35582822086,10000.0
long1m-h2-c64,inline-streaming,srv cores busy,3,0.7610803993917712,0.7200753164937513,0.7620775257656575
long1m-h2-c64,inline-streaming,srv ctxsw/stream,3,32.75196850393701,31.375460122699387,32.94878361075544
long1m-h2-c64,inline-streaming,srv peak RSS MiB,3,377.50390625,358.2109375,384.2265625
long1m-h2-c64,inline-streaming,errors,3,0,0,0
long1m-h2-c64,inline-streaming,timeouts,3,0,0,0
long1m-h2-c64,inline-streaming,client CPU %,3,4.17793699257312,4.170424255174267,4.200443728574822
long1m-h2-c1000,main,streams/s,3,1735.874289937319,1731.2896865038254,1747.684217800809
long1m-h2-c1000,main,GiB/s,3,26.947164443965246,26.85881133705797,27.070934182620157
long1m-h2-c1000,main,TTFB p50 ms,3,28.915,28.82,29.013
long1m-h2-c1000,main,TTFB p99 ms,3,38.174,37.985,38.241
long1m-h2-c1000,main,TTFB p99.9 ms,3,40.251,39.775,40.295
long1m-h2-c1000,main,TTLB p50 ms,3,586.659,583.47,588.569
long1m-h2-c1000,main,TTLB p99 ms,3,686.565,684.171,687.498
long1m-h2-c1000,main,TTLB p99.9 ms,3,726.061,721.591,732.516
long1m-h2-c1000,main,srv CPU us/stream,3,9214.372364392582,9185.91922567264,9217.167381974248
long1m-h2-c1000,main,srv cores busy,3,15.952747842078745,15.945601013286058,16.108697966304796
long1m-h2-c1000,main,srv ctxsw/stream,3,28.35397822204298,28.100200286123034,28.507827392987117
long1m-h2-c1000,main,srv peak RSS MiB,3,15594.94921875,15542.13671875,15692.921875
long1m-h2-c1000,main,errors,3,0,0,0
long1m-h2-c1000,main,timeouts,3,0,0,0
long1m-h2-c1000,main,client CPU %,3,49.202890850772306,49.194939403132295,49.547722666893605
long1m-h2-c1000,inline-streaming,streams/s,3,1709.4804197601377,1686.88072362895,1712.3783375255778
long1m-h2-c1000,inline-streaming,GiB/s,3,26.862819579485937,26.666446148524457,26.953986775181452
long1m-h2-c1000,inline-streaming,TTFB p50 ms,3,29.078,28.959,29.271
long1m-h2-c1000,inline-streaming,TTFB p99 ms,3,38.027,37.927,38.076
long1m-h2-c1000,inline-streaming,TTFB p99.9 ms,3,40.059,39.946,40.796
long1m-h2-c1000,inline-streaming,TTLB p50 ms,3,587.449,585.077,591.64
long1m-h2-c1000,inline-streaming,TTLB p99 ms,3,694.779,691.231,699.581
long1m-h2-c1000,inline-streaming,TTLB p99.9 ms,3,735.453,733.107,746.156
long1m-h2-c1000,inline-streaming,srv CPU us/stream,3,9547.768092201486,9498.306272631702,9609.296258967213
long1m-h2-c1000,inline-streaming,srv cores busy,3,16.26469390443784,16.209736626891576,16.321722606029045
long1m-h2-c1000,inline-streaming,srv ctxsw/stream,3,28.209905384884944,28.082606915111448,28.47815260567973
long1m-h2-c1000,inline-streaming,srv peak RSS MiB,3,3942.203125,3915.13671875,3952.88671875
long1m-h2-c1000,inline-streaming,errors,3,0,0,0
long1m-h2-c1000,inline-streaming,timeouts,3,0,0,0
long1m-h2-c1000,inline-streaming,client CPU %,3,49.17026784681172,49.10761436651658,49.20019262276954
cpu-h1-c4,main,streams/s,3,148.5159121879025,143.31371549518855,152.4236719907125
cpu-h1-c4,main,GiB/s,3,0.5801402876656706,0.5592881438182118,0.5953210763966307
cpu-h1-c4,main,TTFB p50 ms,3,1.618,1.615,1.619
cpu-h1-c4,main,TTFB p99 ms,3,3.629,3.503,4.009
cpu-h1-c4,main,TTFB p99.9 ms,3,4.279,4.252,4.326
cpu-h1-c4,main,TTLB p50 ms,3,44.548,44.431,44.62
cpu-h1-c4,main,TTLB p99 ms,3,46.013,46.01,46.987
cpu-h1-c4,main,TTLB p99.9 ms,3,47.028,47.007,48.0
cpu-h1-c4,main,srv CPU us/stream,3,5212.8401953942775,5131.313131313132,5242.782152230971
cpu-h1-c4,main,srv cores busy,3,0.762081650418732,0.7470714966846186,0.7991241070904153
cpu-h1-c4,main,srv ctxsw/stream,3,49.688764829030006,48.58989501312336,51.15016835016835
cpu-h1-c4,main,srv peak RSS MiB,3,28.9921875,26.8828125,29.0234375
cpu-h1-c4,main,errors,3,0,0,0
cpu-h1-c4,main,timeouts,3,0,0,0
cpu-h1-c4,main,client CPU %,3,0.8850948302107321,0.8675830299516823,0.9051405718608584
cpu-h1-c4,inline-streaming,streams/s,3,264.5290023778569,247.62153396098216,270.6264305409003
cpu-h1-c4,inline-streaming,GiB/s,3,1.0330295169865573,0.9670457686203123,1.0563958980791353
cpu-h1-c4,inline-streaming,TTFB p50 ms,3,0.654,0.627,0.662
cpu-h1-c4,inline-streaming,TTFB p99 ms,3,5.387,5.337,5.526
cpu-h1-c4,inline-streaming,TTFB p99.9 ms,3,5.469,5.401,5.603
cpu-h1-c4,inline-streaming,TTLB p50 ms,3,5.798,5.618,7.524
cpu-h1-c4,inline-streaming,TTLB p99 ms,3,50.284,50.251,50.933
cpu-h1-c4,inline-streaming,TTLB p99.9 ms,3,51.166,51.116,51.501
cpu-h1-c4,inline-streaming,srv CPU us/stream,3,4704.360679970436,4627.599243856333,4785.9450726979
cpu-h1-c4,inline-streaming,srv cores busy,3,1.2241342113818405,1.1851030603544583,1.2731243387973616
cpu-h1-c4,inline-streaming,srv ctxsw/stream,3,0.7270321361058601,0.7032520325203252,0.7637318255250404
cpu-h1-c4,inline-streaming,srv peak RSS MiB,3,12.17578125,11.3671875,12.3359375
cpu-h1-c4,inline-streaming,errors,3,0,0,0
cpu-h1-c4,inline-streaming,timeouts,3,0,0,0
cpu-h1-c4,inline-streaming,client CPU %,3,1.4951639264835388,1.4051221939223746,1.552651638635431
cpu-h1-c64,main,streams/s,3,2361.3249261167775,2350.3326408604908,2367.2375020979002
cpu-h1-c64,main,GiB/s,3,9.223634757357983,9.181076920369168,9.245854898100013
cpu-h1-c64,main,TTFB p50 ms,3,1.697,1.689,1.699
cpu-h1-c64,main,TTFB p99 ms,3,2.042,2.025,2.068
cpu-h1-c64,main,TTFB p99.9 ms,3,2.54,2.465,2.906
cpu-h1-c64,main,TTLB p50 ms,3,44.617,44.603,44.619
cpu-h1-c64,main,TTLB p99 ms,3,46.026,46.025,46.027
cpu-h1-c64,main,TTLB p99.9 ms,3,46.233,46.191,46.333
cpu-h1-c64,main,srv CPU us/stream,3,5105.196451204056,5102.282834272161,5156.376324411727
cpu-h1-c64,main,srv cores busy,3,12.085212494867354,12.048147636664613,12.119199583825125
cpu-h1-c64,main,srv ctxsw/stream,3,32.76818757921419,31.675971235266584,32.894117148786584
cpu-h1-c64,main,srv peak RSS MiB,3,68.609375,68.171875,69.2109375
cpu-h1-c64,main,errors,3,0,0,0
cpu-h1-c64,main,timeouts,3,0,0,0
cpu-h1-c64,main,client CPU %,3,13.291315602330082,13.183755808112496,13.296334005235144
cpu-h1-c64,inline-streaming,streams/s,3,4838.785444859335,4698.085963434738,4857.981558595354
cpu-h1-c64,inline-streaming,GiB/s,3,18.902195385299095,18.346242031415603,18.977985919187553
cpu-h1-c64,inline-streaming,TTFB p50 ms,3,1.13,0.973,1.273
cpu-h1-c64,inline-streaming,TTFB p99 ms,3,4.832,4.581,4.861
cpu-h1-c64,inline-streaming,TTFB p99.9 ms,3,6.21,5.818,6.401
cpu-h1-c64,inline-streaming,TTLB p50 ms,3,5.723,5.597,5.876
cpu-h1-c64,inline-streaming,TTLB p99 ms,3,48.815,48.509,48.907
cpu-h1-c64,inline-streaming,TTLB p99.9 ms,3,50.518,50.033,50.55
cpu-h1-c64,inline-streaming,srv CPU us/stream,3,4790.530108080288,4778.951284542091,4808.199931880109
cpu-h1-c64,inline-streaming,srv cores busy,3,23.12431991733409,22.5893366093538,23.272306920949845
cpu-h1-c64,inline-streaming,srv ctxsw/stream,3,0.2378521381476965,0.19746783324755532,0.3040063010899183
cpu-h1-c64,inline-streaming,srv peak RSS MiB,3,25.66015625,25.2734375,25.98046875
cpu-h1-c64,inline-streaming,errors,3,0,0,0
cpu-h1-c64,inline-streaming,timeouts,3,0,0,0
cpu-h1-c64,inline-streaming,client CPU %,3,26.127621219632957,25.587646750357152,26.192596401361257
cpu-h1-c1000,main,streams/s,3,4856.097355663851,4844.80027020006,4862.213893221031
cpu-h1-c1000,main,GiB/s,3,18.973000007942073,18.932913574941153,18.983046191372114
cpu-h1-c1000,main,TTFB p50 ms,3,68.013,67.084,68.473
cpu-h1-c1000,main,TTFB p99 ms,3,265.271,258.954,288.517
cpu-h1-c1000,main,TTFB p99.9 ms,3,351.287,329.481,384.248
cpu-h1-c1000,main,TTLB p50 ms,3,193.133,188.291,193.16
cpu-h1-c1000,main,TTLB p99 ms,3,437.883,437.776,465.278
cpu-h1-c1000,main,TTLB p99.9 ms,3,562.236,542.066,591.518
cpu-h1-c1000,main,srv CPU us/stream,3,4940.275146222918,4934.2822469506555,4952.211877877093
cpu-h1-c1000,main,srv cores busy,3,23.99153569419736,23.990457073824953,23.99247744402689
cpu-h1-c1000,main,srv ctxsw/stream,3,0.039912678144822474,0.03746671345705262,0.042577699158730484
cpu-h1-c1000,main,srv peak RSS MiB,3,1863.73046875,1776.796875,1921.02734375
cpu-h1-c1000,main,errors,3,0,0,0
cpu-h1-c1000,main,timeouts,3,0,0,0
cpu-h1-c1000,main,client CPU %,3,26.905278217504513,26.897754835772975,26.91034418656949
cpu-h1-c1000,inline-streaming,streams/s,3,4996.910602314222,4988.999277595005,5014.630060438352
cpu-h1-c1000,inline-streaming,GiB/s,3,19.516993671677785,19.489249017470488,19.587257199978833
cpu-h1-c1000,inline-streaming,TTFB p50 ms,3,169.731,167.613,173.367
cpu-h1-c1000,inline-streaming,TTFB p99 ms,3,569.124,553.877,592.465
cpu-h1-c1000,inline-streaming,TTFB p99.9 ms,3,722.707,705.953,728.643
cpu-h1-c1000,inline-streaming,TTLB p50 ms,3,178.264,176.342,181.65
cpu-h1-c1000,inline-streaming,TTLB p99 ms,3,575.871,562.769,602.464
cpu-h1-c1000,inline-streaming,TTLB p99.9 ms,3,732.146,711.854,743.941
cpu-h1-c1000,inline-streaming,srv CPU us/stream,3,4802.257625490353,4786.103189007,4810.2636062944775
cpu-h1-c1000,inline-streaming,srv cores busy,3,23.998401656844692,23.99645204385707,24.000536923954364
cpu-h1-c1000,inline-streaming,srv ctxsw/stream,3,0.013149467616684013,0.012385074091063202,0.013290568307106345
cpu-h1-c1000,inline-streaming,srv peak RSS MiB,3,50.79296875,50.09375,51.765625
cpu-h1-c1000,inline-streaming,errors,3,0,0,0
cpu-h1-c1000,inline-streaming,timeouts,3,0,0,0
cpu-h1-c1000,inline-streaming,client CPU %,3,26.937752596536225,26.925194557692993,27.09036352727785
cpu-h2-c4,main,streams/s,3,297.21914917589925,295.2301933099619,300.6307643578198
cpu-h2-c4,main,GiB/s,3,1.1612030486210572,1.1536168211857807,1.1756146885908683
cpu-h2-c4,main,TTFB p50 ms,3,3.064,3.049,3.181
cpu-h2-c4,main,TTFB p99 ms,3,8.919,8.815,9.217
cpu-h2-c4,main,TTFB p99.9 ms,3,9.69,9.441,9.781
cpu-h2-c4,main,TTLB p50 ms,3,13.379,13.22,13.476
cpu-h2-c4,main,TTLB p99 ms,3,17.376,17.297,17.569
cpu-h2-c4,main,TTLB p99.9 ms,3,18.665,18.656,18.786
cpu-h2-c4,main,srv CPU us/stream,3,5934.959349593496,5928.667563930014,5964.737192282102
cpu-h2-c4,main,srv cores busy,3,1.76211352909803,1.7521791960672535,1.7931835013092845
cpu-h2-c4,main,srv ctxsw/stream,3,84.81037924151697,83.77826379542395,85.07892953929539
cpu-h2-c4,main,srv peak RSS MiB,3,28.96484375,26.76953125,30.00390625
cpu-h2-c4,main,errors,3,0,0,0
cpu-h2-c4,main,timeouts,3,0,0,0
cpu-h2-c4,main,client CPU %,3,3.6978784138823646,3.69023775389996,3.7003784391831265
cpu-h2-c4,inline-streaming,streams/s,3,309.3229826666798,292.1318659776463,312.3318684073947
cpu-h2-c4,inline-streaming,GiB/s,3,1.2083783566098083,1.141268289286135,1.219904439747343
cpu-h2-c4,inline-streaming,TTFB p50 ms,3,2.216,2.209,2.452
cpu-h2-c4,inline-streaming,TTFB p99 ms,3,6.49,3.424,6.494
cpu-h2-c4,inline-streaming,TTFB p99.9 ms,3,6.753,3.733,6.776
cpu-h2-c4,inline-streaming,TTLB p50 ms,3,12.743,12.633,13.77
cpu-h2-c4,inline-streaming,TTLB p99 ms,3,17.618,15.165,17.784
cpu-h2-c4,inline-streaming,TTLB p99.9 ms,3,18.522,15.743,54.075
cpu-h2-c4,inline-streaming,srv CPU us/stream,3,5648.237956676366,5587.127695994523,5648.414985590778
cpu-h2-c4,inline-streaming,srv cores busy,3,1.7471298115702865,1.632178039286268,1.7641800059898953
cpu-h2-c4,inline-streaming,srv ctxsw/stream,3,60.62407941082293,60.526673132880696,81.2735364601164
cpu-h2-c4,inline-streaming,srv peak RSS MiB,3,12.59375,12.22265625,12.65625
cpu-h2-c4,inline-streaming,errors,3,0,0,0
cpu-h2-c4,inline-streaming,timeouts,3,0,0,0
cpu-h2-c4,inline-streaming,client CPU %,3,3.932901288863528,3.845419461431189,3.962794435230258
cpu-h2-c64,main,streams/s,3,312.13215011087283,305.1317259186365,315.53478215632055
cpu-h2-c64,main,GiB/s,3,1.2188724921964345,1.1927479142206237,1.2327271355194032
cpu-h2-c64,main,TTFB p50 ms,3,14.224,14.073,14.402
cpu-h2-c64,main,TTFB p99 ms,3,19.905,19.509,19.946
cpu-h2-c64,main,TTFB p99.9 ms,3,22.486,21.753,23.142
cpu-h2-c64,main,TTLB p50 ms,3,201.793,200.541,206.276
cpu-h2-c64,main,TTLB p99 ms,3,290.247,285.48,298.925
cpu-h2-c64,main,TTLB p99.9 ms,3,317.736,313.79,327.661
cpu-h2-c64,main,srv CPU us/stream,3,6574.815764178148,6567.353407290016,6696.165191740413
cpu-h2-c64,main,srv cores busy,3,2.0522113810557867,2.0432124419920497,2.0722284267128246
cpu-h2-c64,main,srv ctxsw/stream,3,57.54801704359227,53.26017302146748,59.001267828843105
cpu-h2-c64,main,srv peak RSS MiB,3,203.28515625,193.203125,203.51953125
cpu-h2-c64,main,errors,3,0,0,0
cpu-h2-c64,main,timeouts,3,0,0,0
cpu-h2-c64,main,client CPU %,3,4.192931878692196,4.162932838860454,4.192962200286447
cpu-h2-c64,inline-streaming,streams/s,3,308.4319975681941,306.6320461764723,313.5325805186318
cpu-h2-c64,inline-streaming,GiB/s,3,1.2040189515181607,1.197291574008729,1.224394807646657
cpu-h2-c64,inline-streaming,TTFB p50 ms,3,14.264,14.145,14.311
cpu-h2-c64,inline-streaming,TTFB p99 ms,3,19.356,19.154,19.479
cpu-h2-c64,inline-streaming,TTFB p99.9 ms,3,20.25,20.081,20.562
cpu-h2-c64,inline-streaming,TTLB p50 ms,3,205.273,201.186,206.168
cpu-h2-c64,inline-streaming,TTLB p99 ms,3,297.026,291.668,302.661
cpu-h2-c64,inline-streaming,TTLB p99.9 ms,3,339.362,323.584,344.094
cpu-h2-c64,inline-streaming,srv CPU us/stream,3,5368.558382257012,5304.625199362041,5389.10505836576
cpu-h2-c64,inline-streaming,srv cores busy,3,1.6621724382566103,1.6461720417693197,1.6631728274401423
cpu-h2-c64,inline-streaming,srv ctxsw/stream,3,22.731419457735246,22.395303326810176,22.825226977950713
cpu-h2-c64,inline-streaming,srv peak RSS MiB,3,41.3203125,41.27734375,41.3671875
cpu-h2-c64,inline-streaming,errors,3,0,0,0
cpu-h2-c64,inline-streaming,timeouts,3,0,0,0
cpu-h2-c64,inline-streaming,client CPU %,3,4.2454411620465455,4.207936542698368,4.247943953472165
cpu-h2-c1000,main,streams/s,3,4498.174419757147,4498.079905542819,4511.775612435606
cpu-h2-c1000,main,GiB/s,3,17.573691987274707,17.55967976432524,17.623534434816595
cpu-h2-c1000,main,TTFB p50 ms,3,9.501,9.493,9.509
cpu-h2-c1000,main,TTFB p99 ms,3,17.068,17.019,17.187
cpu-h2-c1000,main,TTFB p99.9 ms,3,20.065,19.796,20.336
cpu-h2-c1000,main,TTLB p50 ms,3,223.945,223.497,224.219
cpu-h2-c1000,main,TTLB p99 ms,3,281.934,281.579,282.048
cpu-h2-c1000,main,TTLB p99.9 ms,3,305.358,305.262,305.869
cpu-h2-c1000,main,srv CPU us/stream,3,5327.063322660974,5310.885997384346,5327.389554661271
cpu-h2-c1000,main,srv cores busy,3,23.96155648721549,23.96152592342444,23.963527418858753
cpu-h2-c1000,main,srv ctxsw/stream,3,0.7593214309535985,0.75184542867307,0.7979296433400572
cpu-h2-c1000,main,srv peak RSS MiB,3,2291.05078125,2274.6796875,2295.65234375
cpu-h2-c1000,main,errors,3,0,0,0
cpu-h2-c1000,main,timeouts,3,0,0,0
cpu-h2-c1000,main,client CPU %,3,33.92357789940691,33.828609214911474,33.93357713518057
cpu-h2-c1000,inline-streaming,streams/s,3,4501.088008411981,4486.871578279246,4507.9799434370725
cpu-h2-c1000,inline-streaming,GiB/s,3,17.590997167659847,17.516288015163482,17.610386237068962
cpu-h2-c1000,inline-streaming,TTFB p50 ms,3,8.231,8.213,8.257
cpu-h2-c1000,inline-streaming,TTFB p99 ms,3,15.001,14.939,15.134
cpu-h2-c1000,inline-streaming,TTFB p99.9 ms,3,17.796,17.482,18.039
cpu-h2-c1000,inline-streaming,TTLB p50 ms,3,223.585,223.486,224.73
cpu-h2-c1000,inline-streaming,TTLB p99 ms,3,280.821,280.662,281.775
cpu-h2-c1000,inline-streaming,TTLB p99.9 ms,3,303.603,302.263,305.827
cpu-h2-c1000,inline-streaming,srv CPU us/stream,3,5315.735679687153,5308.4858569051585,5332.114835948645
cpu-h2-c1000,inline-streaming,srv cores busy,3,23.926594123727554,23.92451450953908,23.93054777294781
cpu-h2-c1000,inline-streaming,srv ctxsw/stream,3,0.8740543538546867,0.8574580955777461,0.893014264764698
cpu-h2-c1000,inline-streaming,srv peak RSS MiB,3,520.03515625,517.41796875,525.109375
cpu-h2-c1000,inline-streaming,errors,3,0,0,0
cpu-h2-c1000,inline-streaming,timeouts,3,0,0,0
cpu-h2-c1000,inline-streaming,client CPU %,3,33.79109757934112,33.74365849082794,33.86605938380014
echo-h1-c64,main,streams/s,3,1541.063091015135,1538.853761498422,1545.4560391326295
echo-h1-c64,main,GiB/s,3,1.5049322209670297,1.502699896027366,1.5085201029198598
echo-h1-c64,main,TTFB p50 ms,3,0.563,0.563,0.565
echo-h1-c64,main,TTFB p99 ms,3,0.67,0.666,0.674
echo-h1-c64,main,TTFB p99.9 ms,3,0.699,0.698,0.704
echo-h1-c64,main,TTLB p50 ms,3,42.001,42.0,42.001
echo-h1-c64,main,TTLB p99 ms,3,43.029,43.029,43.03
echo-h1-c64,main,TTLB p99.9 ms,3,43.061,43.06,43.062
echo-h1-c64,main,srv CPU us/stream,3,1344.722707564874,1336.842789367648,1355.052242196119
echo-h1-c64,main,srv cores busy,3,2.0782098293649156,2.057205554950448,2.0882209968457404
echo-h1-c64,main,srv ctxsw/stream,3,36.092802907391786,35.67121596152597,36.717789426001424
echo-h1-c64,main,srv peak RSS MiB,3,23.640625,23.47265625,24.94140625
echo-h1-c64,main,errors,3,0,0,0
echo-h1-c64,main,timeouts,3,0,0,0
echo-h1-c64,main,client CPU %,3,4.662970803375321,4.627962423691394,4.680495337757693
echo-h1-c64,inline-streaming,streams/s,3,1548.7592624771069,1545.4603795327018,1549.3604424712596
echo-h1-c64,inline-streaming,GiB/s,3,1.5124617432986316,1.5090562203908942,1.5126734257235896
echo-h1-c64,inline-streaming,TTFB p50 ms,3,0.571,0.571,0.571
echo-h1-c64,inline-streaming,TTFB p99 ms,3,0.683,0.682,0.687
echo-h1-c64,inline-streaming,TTFB p99.9 ms,3,0.718,0.71,0.722
echo-h1-c64,inline-streaming,TTLB p50 ms,3,42.0,42.0,42.0
echo-h1-c64,inline-streaming,TTLB p99 ms,3,43.027,43.024,43.028
echo-h1-c64,inline-streaming,TTLB p99.9 ms,3,43.056,43.054,43.062
echo-h1-c64,inline-streaming,srv CPU us/stream,3,1360.0568035114898,1350.8975849154074,1364.1364136413642
echo-h1-c64,inline-streaming,srv cores busy,3,2.107218210874609,2.0922151472956916,2.1082187795605614
echo-h1-c64,inline-streaming,srv ctxsw/stream,3,51.968161522034556,51.261360702297964,52.46170734857291
echo-h1-c64,inline-streaming,srv peak RSS MiB,3,22.34765625,21.94921875,22.5546875
echo-h1-c64,inline-streaming,errors,3,0,0,0
echo-h1-c64,inline-streaming,timeouts,3,0,0,0
echo-h1-c64,inline-streaming,client CPU %,3,4.6679844182158075,4.662979504907342,4.680484682910854
echo-h1-c1000,main,streams/s,3,18321.908323858046,18267.99758178717,18328.18074115524
echo-h1-c1000,main,GiB/s,3,17.895028282539673,17.836575369955423,17.907273496301993
echo-h1-c1000,main,TTFB p50 ms,3,0.73,0.729,0.735
echo-h1-c1000,main,TTFB p99 ms,3,2.361,2.3,2.367
echo-h1-c1000,main,TTFB p99.9 ms,3,3.167,3.14,3.195
echo-h1-c1000,main,TTLB p50 ms,3,54.049,54.039,54.118
echo-h1-c1000,main,TTLB p99 ms,3,82.109,81.861,82.176
echo-h1-c1000,main,TTLB p99.9 ms,3,95.012,94.081,98.025
echo-h1-c1000,main,srv CPU us/stream,3,1300.8733624454148,1300.05129268479,1304.445417715975
echo-h1-c1000,main,srv cores busy,3,23.82960573640879,23.827575065099346,23.83448248767385
echo-h1-c1000,main,srv ctxsw/stream,3,0.529481441048035,0.5282273466403291,0.536160078834994
echo-h1-c1000,main,srv peak RSS MiB,3,154.08984375,153.28125,156.1875
echo-h1-c1000,main,errors,3,0,0,0
echo-h1-c1000,main,timeouts,3,0,0,0
echo-h1-c1000,main,client CPU %,3,56.54118270482523,56.39087340833711,56.54611098345087
echo-h1-c1000,inline-streaming,streams/s,3,19065.705660758103,18924.379745393046,19072.99904675199
echo-h1-c1000,inline-streaming,GiB/s,3,18.62782419468578,18.480039981774315,18.628341211348282
echo-h1-c1000,inline-streaming,TTFB p50 ms,3,0.516,0.514,0.518
echo-h1-c1000,inline-streaming,TTFB p99 ms,3,1.384,1.347,1.384
echo-h1-c1000,inline-streaming,TTFB p99.9 ms,3,1.806,1.795,2.232
echo-h1-c1000,inline-streaming,TTLB p50 ms,3,52.037,52.033,52.882
echo-h1-c1000,inline-streaming,TTLB p99 ms,3,82.076,82.005,82.728
echo-h1-c1000,inline-streaming,TTLB p99.9 ms,3,94.541,94.009,95.963
echo-h1-c1000,inline-streaming,srv CPU us/stream,3,1252.7921975774736,1252.5900008917472,1262.9937904610913
echo-h1-c1000,inline-streaming,srv cores busy,3,23.894504390173484,23.88151227061078,23.901374106759064
echo-h1-c1000,inline-streaming,srv ctxsw/stream,3,0.3136857008022652,0.2902312062359625,0.3151434401506528
echo-h1-c1000,inline-streaming,srv peak RSS MiB,3,159.30078125,158.546875,162.80078125
echo-h1-c1000,inline-streaming,errors,3,0,0,0
echo-h1-c1000,inline-streaming,timeouts,3,0,0,0
echo-h1-c1000,inline-streaming,client CPU %,3,58.63866862961543,58.46080687102393,58.87867109118068
echo-h2-c64,main,streams/s,3,502.4521920204653,498.5516178408841,502.75153726118526
echo-h2-c64,main,GiB/s,3,0.6340287902030962,0.6302891062177712,0.6348720596537986
echo-h2-c64,main,TTFB p50 ms,3,4.243,4.219,4.376
echo-h2-c64,main,TTFB p99 ms,3,8.772,8.749,8.778
echo-h2-c64,main,TTFB p99.9 ms,3,9.446,9.218,9.522
echo-h2-c64,main,TTLB p50 ms,3,95.88,95.826,96.314
echo-h2-c64,main,TTLB p99 ms,3,104.669,104.121,104.785
echo-h2-c64,main,TTLB p99.9 ms,3,107.512,106.543,108.471
echo-h2-c64,main,srv CPU us/stream,3,3041.123370110331,3009.5541401273886,3045.5540083548835
echo-h2-c64,main,srv cores busy,3,1.5161569762222273,1.512157074711273,1.5311569595123824
echo-h2-c64,main,srv ctxsw/stream,3,258.4268806419258,256.8968949044586,258.9757310523175
echo-h2-c64,main,srv peak RSS MiB,3,40.78125,39.0,41.375
echo-h2-c64,main,errors,3,3368,3367,3409
echo-h2-c64,main,timeouts,3,0,0,0
echo-h2-c64,main,client CPU %,3,3.537866295109583,3.535362411414939,3.5553693125651953
echo-h2-c64,inline-streaming,streams/s,3,496.7233427187337,480.24920124251776,497.44111131910967
echo-h2-c64,inline-streaming,GiB/s,3,0.6284558657702638,0.6138127196399734,0.6308264378100769
echo-h2-c64,inline-streaming,TTFB p50 ms,3,4.247,4.035,4.367
echo-h2-c64,inline-streaming,TTFB p99 ms,3,8.868,8.838,9.09
echo-h2-c64,inline-streaming,TTFB p99.9 ms,3,9.447,9.437,9.655
echo-h2-c64,inline-streaming,TTLB p50 ms,3,96.823,96.336,99.09
echo-h2-c64,inline-streaming,TTLB p99 ms,3,105.636,104.562,107.848
echo-h2-c64,inline-streaming,TTLB p99.9 ms,3,108.319,108.172,111.355
echo-h2-c64,inline-streaming,srv CPU us/stream,3,3042.077712905174,3019.7024527543226,3084.131611828405
echo-h2-c64,inline-streaming,srv cores busy,3,1.5021241439511515,1.4811517431073902,1.5110710103644185
echo-h2-c64,inline-streaming,srv ctxsw/stream,3,259.81805388017693,259.27139118179986,263.2503123698459
echo-h2-c64,inline-streaming,srv peak RSS MiB,3,40.35546875,39.81640625,40.390625
echo-h2-c64,inline-streaming,errors,3,3296,3291,3357
echo-h2-c64,inline-streaming,timeouts,3,0,0,0
echo-h2-c64,inline-streaming,client CPU %,3,3.5076648370967556,3.492857841190115,3.542792796236321
echo-h2-c1000,main,streams/s,3,9327.789872523503,9303.465414093595,9336.599922775591
echo-h2-c1000,main,GiB/s,3,11.766818016732495,11.747842415318765,11.809284538283
echo-h2-c1000,main,TTFB p50 ms,3,3.705,3.631,3.717
echo-h2-c1000,main,TTFB p99 ms,3,7.365,7.35,7.367
echo-h2-c1000,main,TTFB p99.9 ms,3,7.923,7.919,7.935
echo-h2-c1000,main,TTLB p50 ms,3,82.168,81.865,82.311
echo-h2-c1000,main,TTLB p99 ms,3,90.451,90.429,90.936
echo-h2-c1000,main,TTLB p99.9 ms,3,95.805,94.109,97.287
echo-h2-c1000,main,srv CPU us/stream,3,2200.5912389142704,2193.7856499549684,2202.7507605295855
echo-h2-c1000,main,srv cores busy,3,20.47312448179629,20.463171568137348,20.5662025806544
echo-h2-c1000,main,srv ctxsw/stream,3,30.94571318394104,30.868691212039774,31.28737616331432
echo-h2-c1000,main,srv peak RSS MiB,3,64.5703125,64.08984375,64.796875
echo-h2-c1000,main,errors,3,62091,61843,62520
echo-h2-c1000,main,timeouts,3,0,0,0
echo-h2-c1000,main,client CPU %,3,51.775494456892154,51.77037217528137,51.8230500983787
echo-h2-c1000,inline-streaming,streams/s,3,9342.74297052221,9287.170680220024,9424.003951392147
echo-h2-c1000,inline-streaming,GiB/s,3,11.780731499226777,11.729653497210734,11.849843309687722
echo-h2-c1000,inline-streaming,TTFB p50 ms,3,3.66,3.628,3.676
echo-h2-c1000,inline-streaming,TTFB p99 ms,3,7.355,7.293,7.372
echo-h2-c1000,inline-streaming,TTFB p99.9 ms,3,7.872,7.857,7.907
echo-h2-c1000,inline-streaming,TTLB p50 ms,3,82.064,81.597,82.442
echo-h2-c1000,inline-streaming,TTLB p99 ms,3,90.665,89.937,90.828
echo-h2-c1000,inline-streaming,TTLB p99.9 ms,3,95.022,94.254,95.29
echo-h2-c1000,inline-streaming,srv CPU us/stream,3,2220.0218373332764,2199.193462803778,2229.6526027869313
echo-h2-c1000,inline-streaming,srv cores busy,3,20.72520788333858,20.707164279679052,20.741093415151266
echo-h2-c1000,inline-streaming,srv ctxsw/stream,3,35.42368708385964,35.01894301177969,35.55276647067692
echo-h2-c1000,inline-streaming,srv peak RSS MiB,3,63.234375,61.45703125,63.5546875
echo-h2-c1000,inline-streaming,errors,3,62441,61568,62568
echo-h2-c1000,inline-streaming,timeouts,3,0,0,0
echo-h2-c1000,inline-streaming,client CPU %,3,51.72022016319725,51.51788456686632,51.82802130648621
echo-h2old-c64,main,streams/s,3,653.7860942794754,650.452171012416,656.1596712917392
echo-h2old-c64,main,GiB/s,3,0.6378351685819331,0.6347653879988585,0.640288503189432
echo-h2old-c64,main,TTFB p50 ms,3,8.053,8.033,8.112
echo-h2old-c64,main,TTFB p99 ms,3,9.073,9.057,9.14
echo-h2old-c64,main,TTFB p99.9 ms,3,9.286,9.283,9.352
echo-h2old-c64,main,TTLB p50 ms,3,97.54,97.154,97.989
echo-h2old-c64,main,TTLB p99 ms,3,109.642,109.38,110.008
echo-h2old-c64,main,TTLB p99.9 ms,3,114.71,114.009,114.914
echo-h2old-c64,main,srv CPU us/stream,3,2300.1230012300125,2289.285169943606,2319.106623833563
echo-h2old-c64,main,srv cores busy,3,1.5021366046032498,1.4961199997456556,1.5161996618138056
echo-h2old-c64,main,srv ctxsw/stream,3,203.3250726633012,201.9045877152873,205.03997539975398
echo-h2old-c64,main,srv peak RSS MiB,3,29.74609375,29.62109375,30.5
echo-h2old-c64,main,errors,3,0,0,0
echo-h2old-c64,main,timeouts,3,0,0,0
echo-h2old-c64,main,client CPU %,3,3.5728249134121906,3.537965899516053,3.5852875662354107
echo-h2old-c64,inline-streaming,streams/s,3,647.8692050645504,646.4656301604724,648.0563182974516
echo-h2old-c64,inline-streaming,GiB/s,3,0.6324474907057179,0.6310383764617016,0.6324684082299902
echo-h2old-c64,inline-streaming,TTFB p50 ms,3,8.065,7.761,8.12
echo-h2old-c64,inline-streaming,TTFB p99 ms,3,9.299,9.271,9.313
echo-h2old-c64,inline-streaming,TTFB p99.9 ms,3,9.439,9.437,9.445
echo-h2old-c64,inline-streaming,TTLB p50 ms,3,98.383,98.367,98.541
echo-h2old-c64,inline-streaming,TTLB p99 ms,3,110.181,109.992,110.528
echo-h2old-c64,inline-streaming,TTLB p99.9 ms,3,115.662,114.12,116.547
echo-h2old-c64,inline-streaming,srv CPU us/stream,3,2329.422661315221,2323.638613861386,2370.3703703703704
echo-h2old-c64,inline-streaming,srv cores busy,3,1.5091612078456416,1.5021525007751075,1.5361334952235888
echo-h2old-c64,inline-streaming,srv ctxsw/stream,3,206.60046296296295,204.42048267326732,207.15683853041062
echo-h2old-c64,inline-streaming,srv peak RSS MiB,3,30.91015625,30.58984375,33.25
echo-h2old-c64,inline-streaming,errors,3,0,0,0
echo-h2old-c64,inline-streaming,timeouts,3,0,0,0
echo-h2old-c64,inline-streaming,client CPU %,3,3.5353776472725933,3.512805274721912,3.5428596764286406
echo-h2old-c1000,main,streams/s,3,12153.308523637455,12084.787979784182,12182.716870069453
echo-h2old-c1000,main,GiB/s,3,11.865645787602135,11.798158319356126,11.894267387207472
echo-h2old-c1000,main,TTFB p50 ms,3,6.359,6.348,6.399
echo-h2old-c1000,main,TTFB p99 ms,3,7.792,7.763,7.824
echo-h2old-c1000,main,TTFB p99.9 ms,3,8.089,8.078,8.14
echo-h2old-c1000,main,TTLB p50 ms,3,83.611,83.397,84.08
echo-h2old-c1000,main,TTLB p99 ms,3,94.275,94.082,95.053
echo-h2old-c1000,main,TTLB p99.9 ms,3,98.488,98.425,99.366
echo-h2old-c1000,main,srv CPU us/stream,3,1703.893739396698,1695.8641863825176,1704.3285055957867
echo-h2old-c1000,main,srv cores busy,3,20.660233232788904,20.591194580690736,20.713230154135562
echo-h2old-c1000,main,srv ctxsw/stream,3,22.91589038841343,22.738809119874208,23.091270297338564
echo-h2old-c1000,main,srv peak RSS MiB,3,61.94140625,60.79296875,62.94921875
echo-h2old-c1000,main,errors,3,0,0,0
echo-h2old-c1000,main,timeouts,3,0,0,0
echo-h2old-c1000,main,client CPU %,3,51.50056686622444,51.39547765805512,51.66806300217412
echo-h2old-c1000,inline-streaming,streams/s,3,12142.085529949189,12086.09494893138,12215.522584402632
echo-h2old-c1000,inline-streaming,GiB/s,3,11.854225796668423,11.800614797656646,11.92839131818728
echo-h2old-c1000,inline-streaming,TTFB p50 ms,3,6.381,6.32,6.386
echo-h2old-c1000,inline-streaming,TTFB p99 ms,3,7.787,7.719,7.813
echo-h2old-c1000,inline-streaming,TTFB p99.9 ms,3,8.093,8.032,8.128
echo-h2old-c1000,inline-streaming,TTLB p50 ms,3,83.682,83.173,84.062
echo-h2old-c1000,inline-streaming,TTLB p99 ms,3,94.394,93.862,94.935
echo-h2old-c1000,inline-streaming,TTLB p99.9 ms,3,98.762,98.347,98.919
echo-h2old-c1000,inline-streaming,srv CPU us/stream,3,1711.2546125461254,1703.5090304727285,1712.2335495829473
echo-h2old-c1000,inline-streaming,srv cores busy,3,20.778199869055115,20.694217255005306,20.809253034473446
echo-h2old-c1000,inline-streaming,srv ctxsw/stream,3,26.57197360449313,26.037386333684765,26.757794915927445
echo-h2old-c1000,inline-streaming,srv peak RSS MiB,3,60.8828125,58.859375,61.5078125
echo-h2old-c1000,inline-streaming,errors,3,0,0,0
echo-h2old-c1000,inline-streaming,timeouts,3,0,0,0
echo-h2old-c1000,inline-streaming,client CPU %,3,51.400565180312526,51.19048473793961,51.45544778893366
echosf2m-h1-c16,main,streams/s,3,379.73221279753125,374.3026049589792,381.5572259145869
echosf2m-h1-c16,main,GiB/s,3,0.7414325311832936,0.7310658757020901,0.7452335351878028
echosf2m-h1-c16,main,TTFB p50 ms,3,0.966,0.949,0.97
echosf2m-h1-c16,main,TTFB p99 ms,3,1.074,1.07,1.098
echosf2m-h1-c16,main,TTFB p99.9 ms,3,1.115,1.093,1.157
echosf2m-h1-c16,main,TTLB p50 ms,3,42.999,42.999,43.0
echosf2m-h1-c16,main,TTLB p99 ms,3,44.02,44.02,44.025
echosf2m-h1-c16,main,TTLB p99.9 ms,3,44.054,44.053,44.389
echosf2m-h1-c16,main,srv CPU us/stream,3,2671.653753673524,2576.6710353866315,2686.3313141954172
echosf2m-h1-c16,main,srv cores busy,3,1.0000069595484349,0.9831474523565896,1.020086534246726
echosf2m-h1-c16,main,srv ctxsw/stream,3,92.63197903014417,90.94363971556491,93.37536735239112
echosf2m-h1-c16,main,srv peak RSS MiB,3,14.109375,14.10546875,14.1171875
echosf2m-h1-c16,main,errors,3,0,0,0
echosf2m-h1-c16,main,timeouts,3,0,0,0
echosf2m-h1-c16,main,client CPU %,3,2.2578386304120053,2.2450156241862365,2.272692793211456
echosf2m-h1-c16,inline-streaming,streams/s,3,376.7402365730724,374.4281073070597,377.43855746230065
echosf2m-h1-c16,inline-streaming,GiB/s,3,0.7360665644484603,0.7312598161041337,0.7369222020432571
echosf2m-h1-c16,inline-streaming,TTFB p50 ms,3,0.968,0.959,0.977
echosf2m-h1-c16,inline-streaming,TTFB p99 ms,3,1.064,1.05,1.07
echosf2m-h1-c16,inline-streaming,TTFB p99.9 ms,3,1.094,1.083,1.118
echosf2m-h1-c16,inline-streaming,TTLB p50 ms,3,42.999,42.999,42.999
echosf2m-h1-c16,inline-streaming,TTLB p99 ms,3,44.013,44.012,44.013
echosf2m-h1-c16,inline-streaming,TTLB p99.9 ms,3,44.162,44.051,44.317
echosf2m-h1-c16,inline-streaming,srv CPU us/stream,3,2788.4615384615386,2774.090788425803,2790.1430842607315
echosf2m-h1-c16,inline-streaming,srv cores busy,3,1.045111619906718,1.0440783761446857,1.053107580836785
echosf2m-h1-c16,inline-streaming,srv ctxsw/stream,3,148.79214228829306,132.97516025641025,154.41547429782725
echosf2m-h1-c16,inline-streaming,srv peak RSS MiB,3,13.7421875,13.60546875,14.05078125
echosf2m-h1-c16,inline-streaming,errors,3,0,0,0
echosf2m-h1-c16,inline-streaming,timeouts,3,0,0,0
echosf2m-h1-c16,inline-streaming,client CPU %,3,2.232667600328554,2.21023605741038,2.232728085677229
echosf2m-h2old-c16,main,streams/s,3,696.3819865833209,696.343178081809,700.7733235246191
echosf2m-h2old-c16,main,GiB/s,3,1.360065107346886,1.3599058932868284,1.368639908043013
echosf2m-h2old-c16,main,TTFB p50 ms,3,2.005,1.928,2.009
echosf2m-h2old-c16,main,TTFB p99 ms,3,2.968,2.77,3.007
echosf2m-h2old-c16,main,TTFB p99.9 ms,3,3.141,2.946,3.235
echosf2m-h2old-c16,main,TTLB p50 ms,3,3.32,3.283,42.511
echosf2m-h2old-c16,main,TTLB p99 ms,3,44.593,44.404,44.72
echosf2m-h2old-c16,main,TTLB p99.9 ms,3,45.022,44.783,45.027
echosf2m-h2old-c16,main,srv CPU us/stream,3,2982.9096653741203,2826.367944851357,3005.56586270872
echosf2m-h2old-c16,main,srv cores busy,3,2.077244558571819,1.968122037146345,2.1062203786825284
echosf2m-h2old-c16,main,srv ctxsw/stream,3,118.83359497645212,118.06793048973144,123.877638948729
echosf2m-h2old-c16,main,srv peak RSS MiB,3,29.0234375,26.2265625,32.625
echosf2m-h2old-c16,main,errors,3,0,0,0
echosf2m-h2old-c16,main,timeouts,3,0,0,0
echosf2m-h2old-c16,main,client CPU %,3,4.9880872584867335,4.797797496549589,5.038027140367159
echosf2m-h2old-c16,inline-streaming,streams/s,3,671.3665343033757,662.2060109764028,717.272363600401
echosf2m-h2old-c16,inline-streaming,GiB/s,3,1.311264288341421,1.2935664294611935,1.4002816513543914
echosf2m-h2old-c16,inline-streaming,TTFB p50 ms,3,2.034,1.98,2.086
echosf2m-h2old-c16,inline-streaming,TTFB p99 ms,3,2.862,2.721,2.906
echosf2m-h2old-c16,inline-streaming,TTFB p99.9 ms,3,3.15,2.98,3.165
echosf2m-h2old-c16,inline-streaming,TTLB p50 ms,3,42.789,3.169,42.942
echosf2m-h2old-c16,inline-streaming,TTLB p99 ms,3,44.486,44.392,44.673
echosf2m-h2old-c16,inline-streaming,TTLB p99.9 ms,3,45.008,44.88,45.054
echosf2m-h2old-c16,inline-streaming,srv CPU us/stream,3,2777.467930842164,2754.3572173394905,2778.6167321051043
echosf2m-h2old-c16,inline-streaming,srv cores busy,3,1.8491832592387034,1.840016702199609,1.9922009875794742
echosf2m-h2old-c16,inline-streaming,srv ctxsw/stream,3,92.52837777446746,91.8421926910299,94.042526491913
echosf2m-h2old-c16,inline-streaming,srv peak RSS MiB,3,26.015625,23.6484375,27.9453125
echosf2m-h2old-c16,inline-streaming,errors,3,0,0,0
echosf2m-h2old-c16,inline-streaming,timeouts,3,0,0,0
echosf2m-h2old-c16,inline-streaming,client CPU %,3,4.645460378130761,4.632542050510701,5.223026936563154
echosf2m-h2oldmux-c16,main,streams/s,3,0.0,0.0,0.0
echosf2m-h2oldmux-c16,main,GiB/s,3,0.0,0.0,0.0
echosf2m-h2oldmux-c16,main,srv CPU us/stream,3,160000.0,150000.0,160000.0
echosf2m-h2oldmux-c16,main,srv cores busy,3,0.016000585952658,0.01500094375137404,0.016002369080331917
echosf2m-h2oldmux-c16,main,srv ctxsw/stream,3,12177.0,11834.0,12729.0
echosf2m-h2oldmux-c16,main,srv peak RSS MiB,3,29.5625,26.34375,32.875
echosf2m-h2oldmux-c16,main,errors,3,32,32,32
echosf2m-h2oldmux-c16,main,timeouts,3,32,32,32
echosf2m-h2oldmux-c16,main,client CPU %,3,0.022503331519216758,0.02250082399592531,0.025001572918956737
echosf2m-h2oldmux-c16,inline-streaming,streams/s,3,0.0,0.0,0.0
echosf2m-h2oldmux-c16,inline-streaming,GiB/s,3,0.0,0.0,0.0
echosf2m-h2oldmux-c16,inline-streaming,srv CPU us/stream,3,130000.0,130000.0,140000.0
echosf2m-h2oldmux-c16,inline-streaming,srv cores busy,3,0.013001618605304383,0.013000198844541427,0.014001311901923243
echosf2m-h2oldmux-c16,inline-streaming,srv ctxsw/stream,3,11391.0,11338.0,11401.0
echosf2m-h2oldmux-c16,inline-streaming,srv peak RSS MiB,3,21.90234375,21.203125,22.35546875
echosf2m-h2oldmux-c16,inline-streaming,errors,3,32,32,32
echosf2m-h2oldmux-c16,inline-streaming,timeouts,3,32,32,32
echosf2m-h2oldmux-c16,inline-streaming,client CPU %,3,0.025000382393348897,0.022502801432257583,0.025002342682005792
echosf4m-h1-c16,main,streams/s,3,358.23469094594265,355.13702434879536,358.83569033601435
echosf4m-h1-c16,main,GiB/s,3,1.3991869424242065,1.386787208375256,1.4015041795575223
echosf4m-h1-c16,main,TTFB p50 ms,3,1.599,1.577,1.632
echosf4m-h1-c16,main,TTFB p99 ms,3,1.797,1.771,1.799
echosf4m-h1-c16,main,TTFB p99.9 ms,3,1.872,1.841,2.414
echosf4m-h1-c16,main,TTLB p50 ms,3,45.004,45.003,45.984
echosf4m-h1-c16,main,TTLB p99 ms,3,46.483,46.079,47.028
echosf4m-h1-c16,main,TTLB p99.9 ms,3,47.039,47.0,47.391
echosf4m-h1-c16,main,srv CPU us/stream,3,5108.695652173913,5058.626465661641,5308.363841171501
echosf4m-h1-c16,main,srv cores busy,3,1.8331823310644209,1.8121754885372645,1.8851965387143883
echosf4m-h1-c16,main,srv ctxsw/stream,3,170.72711912137427,170.07370184254606,172.85730211817167
echosf4m-h1-c16,main,srv peak RSS MiB,3,14.546875,14.21875,14.7734375
echosf4m-h1-c16,main,errors,3,0,0,0
echosf4m-h1-c16,main,timeouts,3,0,0,0
echosf4m-h1-c16,main,client CPU %,3,4.0704048485718465,4.042921489524093,4.11039804519214
echosf4m-h1-c16,inline-streaming,streams/s,3,355.04548420239473,352.6664352678091,355.2333656846286
echosf4m-h1-c16,inline-streaming,GiB/s,3,1.3865821786655113,1.3773535307458353,1.3878069212973851
echosf4m-h1-c16,inline-streaming,TTFB p50 ms,3,1.606,1.586,1.608
echosf4m-h1-c16,inline-streaming,TTFB p99 ms,3,1.815,1.782,1.816
echosf4m-h1-c16,inline-streaming,TTFB p99.9 ms,3,2.378,2.372,2.397
echosf4m-h1-c16,inline-streaming,TTLB p50 ms,3,45.958,45.031,45.969
echosf4m-h1-c16,inline-streaming,TTLB p99 ms,3,47.011,47.007,47.011
echosf4m-h1-c16,inline-streaming,TTLB p99.9 ms,3,47.043,47.034,47.05
echosf4m-h1-c16,inline-streaming,srv CPU us/stream,3,5374.361883153715,5369.014084507042,5408.220720720721
echosf4m-h1-c16,inline-streaming,srv cores busy,3,1.9062442053232798,1.8953570471710102,1.9211804489869695
echosf4m-h1-c16,inline-streaming,srv ctxsw/stream,3,242.46901408450705,236.74560408394782,245.42032657657657
echosf4m-h1-c16,inline-streaming,srv peak RSS MiB,3,14.11328125,13.9921875,14.125
echosf4m-h1-c16,inline-streaming,errors,3,0,0,0
echosf4m-h1-c16,inline-streaming,timeouts,3,0,0,0
echosf4m-h1-c16,inline-streaming,client CPU %,3,4.052880671275218,4.015514419922859,4.058264495459828
echosf3m-h2old-c16,main,streams/s,3,675.9796642034264,671.0673643591971,705.0303360452994
echosf3m-h2old-c16,main,GiB/s,3,1.979826218027607,1.9654652454025854,2.065578074470732
echosf3m-h2old-c16,main,TTFB p50 ms,3,3.071,3.052,3.1
echosf3m-h2old-c16,main,TTFB p99 ms,3,44.452,44.41,44.608
echosf3m-h2old-c16,main,TTFB p99.9 ms,3,45.178,45.137,45.23
echosf3m-h2old-c16,main,TTLB p50 ms,3,4.213,4.188,4.248
echosf3m-h2old-c16,main,TTLB p99 ms,3,85.64,85.559,85.735
echosf3m-h2old-c16,main,TTLB p99.9 ms,3,86.832,86.475,86.97
echosf3m-h2old-c16,main,srv CPU us/stream,3,4235.469448584203,4215.602836879432,4306.850125758248
echosf3m-h2old-c16,main,srv cores busy,3,2.9113431017845453,2.8422853196853026,2.9721278847186237
echosf3m-h2old-c16,main,srv ctxsw/stream,3,151.60774962742175,146.20921985815602,153.0285545198994
echosf3m-h2old-c16,main,srv peak RSS MiB,3,40.5546875,38.375,41.4921875
echosf3m-h2old-c16,main,errors,3,0,0,0
echosf3m-h2old-c16,main,timeouts,3,0,0,0
echosf3m-h2old-c16,main,client CPU %,3,6.91831532346087,6.778180420185481,7.165308308885915
echosf3m-h2old-c16,inline-streaming,streams/s,3,0.0,0.0,0.0
echosf3m-h2old-c16,inline-streaming,GiB/s,3,0.0,0.0,0.0
echosf3m-h2old-c16,inline-streaming,srv CPU us/stream,3,50000.0,50000.0,50000.0
echosf3m-h2old-c16,inline-streaming,srv cores busy,3,0.005000827176321498,0.005000659992606551,0.005000834114626233
echosf3m-h2old-c16,inline-streaming,srv ctxsw/stream,3,2370.0,1771.0,2719.0
echosf3m-h2old-c16,inline-streaming,srv peak RSS MiB,3,34.9375,34.890625,35.94921875
echosf3m-h2old-c16,inline-streaming,errors,3,32,32,32
echosf3m-h2old-c16,inline-streaming,timeouts,3,32,32,32
echosf3m-h2old-c16,inline-streaming,client CPU %,3,0.01500197997781965,0.012502067940803748,0.015002502343878697
echosf4m-h2old-c16,main,streams/s,3,0.0,0.0,0.0
echosf4m-h2old-c16,main,GiB/s,3,0.0,0.0,0.0
echosf4m-h2old-c16,main,srv CPU us/stream,3,10000.0,0.0,30000.0
echosf4m-h2old-c16,main,srv cores busy,3,0.001000121802133953,0.0,0.0030003247731553947
echosf4m-h2old-c16,main,srv ctxsw/stream,3,508.0,24.0,1779.0
echosf4m-h2old-c16,main,srv peak RSS MiB,3,41.4921875,39.8671875,42.65234375
echosf4m-h2old-c16,main,errors,3,32,32,32
echosf4m-h2old-c16,main,timeouts,3,32,32,32
echosf4m-h2old-c16,main,client CPU %,3,0.0025003045053348825,0.0025003013008084948,0.01000108257718465
echosf4m-h2old-c16,inline-streaming,streams/s,3,0.0,0.0,0.0
echosf4m-h2old-c16,inline-streaming,GiB/s,3,0.0,0.0,0.0
echosf4m-h2old-c16,inline-streaming,srv CPU us/stream,3,20000.0,20000.0,40000.0
echosf4m-h2old-c16,inline-streaming,srv cores busy,3,0.00200022860632744,0.0020001346474643597,0.004000365836255982
echosf4m-h2old-c16,inline-streaming,srv ctxsw/stream,3,666.0,526.0,809.0
echosf4m-h2old-c16,inline-streaming,srv peak RSS MiB,3,32.39453125,31.4453125,33.74609375
echosf4m-h2old-c16,inline-streaming,errors,3,32,32,32
echosf4m-h2old-c16,inline-streaming,timeouts,3,32,32,32
echosf4m-h2old-c16,inline-streaming,client CPU %,3,0.0075008572737279,0.0050003366186609,0.010000914590639953
echosf8m-h1-c16,main,streams/s,3,0.0,0.0,0.0
echosf8m-h1-c16,main,GiB/s,3,0.0,0.0,0.0
echosf8m-h1-c16,main,srv CPU us/stream,3,160000.0,150000.0,160000.0
echosf8m-h1-c16,main,srv cores busy,3,0.016001882080563166,0.01500141349768583,0.016002028900444693
echosf8m-h1-c16,main,srv ctxsw/stream,3,2243.0,2102.0,2298.0
echosf8m-h1-c16,main,srv peak RSS MiB,3,56.5703125,56.453125,56.8359375
echosf8m-h1-c16,main,errors,3,32,32,32
echosf8m-h1-c16,main,timeouts,3,32,32,32
echosf8m-h1-c16,main,client CPU %,3,0.022502853141250348,0.022502120246528746,0.025002940750879946
echosf8m-h1-c16,inline-streaming,streams/s,3,0.0,0.0,0.0
echosf8m-h1-c16,inline-streaming,GiB/s,3,0.0,0.0,0.0
echosf8m-h1-c16,inline-streaming,srv CPU us/stream,3,140000.0,130000.0,150000.0
echosf8m-h1-c16,inline-streaming,srv cores busy,3,0.014001481647989176,0.013001301447176554,0.015001560183261244
echosf8m-h1-c16,inline-streaming,srv ctxsw/stream,3,1935.0,1845.0,2060.0
echosf8m-h1-c16,inline-streaming,srv peak RSS MiB,3,30.34375,30.2890625,30.37109375
echosf8m-h1-c16,inline-streaming,errors,3,32,32,32
echosf8m-h1-c16,inline-streaming,timeouts,3,32,32,32
echosf8m-h1-c16,inline-streaming,client CPU %,3,0.022502252504728648,0.020002116639984538,0.022502340274891865
echosf16m-h1-c16,main,streams/s,3,0.0,0.0,0.0
echosf16m-h1-c16,main,GiB/s,3,0.0,0.0,0.0
echosf16m-h1-c16,main,srv CPU us/stream,3,150000.0,150000.0,160000.0
echosf16m-h1-c16,main,srv cores busy,3,0.015002413777358914,0.015000248942631427,0.01600169122994728
echosf16m-h1-c16,main,srv ctxsw/stream,3,2201.0,2063.0,2332.0
echosf16m-h1-c16,main,srv peak RSS MiB,3,56.8046875,56.77734375,56.90625
echosf16m-h1-c16,main,errors,3,32,32,32
echosf16m-h1-c16,main,timeouts,3,32,32,32
echosf16m-h1-c16,main,client CPU %,3,0.02250362066603837,0.02250037341394714,0.025002642546792624
echosf16m-h1-c16,inline-streaming,streams/s,3,0.0,0.0,0.0
echosf16m-h1-c16,inline-streaming,GiB/s,3,0.0,0.0,0.0
echosf16m-h1-c16,inline-streaming,srv CPU us/stream,3,140000.0,130000.0,140000.0
echosf16m-h1-c16,inline-streaming,srv cores busy,3,0.014001384227249692,0.013001705576739263,0.014001421915802803
echosf16m-h1-c16,inline-streaming,srv ctxsw/stream,3,1707.0,1511.0,1902.0
echosf16m-h1-c16,inline-streaming,srv peak RSS MiB,3,30.29296875,30.27734375,30.40234375
echosf16m-h1-c16,inline-streaming,errors,3,32,32,32
echosf16m-h1-c16,inline-streaming,timeouts,3,32,32,32
echosf16m-h1-c16,inline-streaming,client CPU %,3,0.02250228522182593,0.022502224650937,0.02250295195974103
echosf16m-h2old-c16,main,streams/s,3,0.0,0.0,0.0
echosf16m-h2old-c16,main,GiB/s,3,0.0,0.0,0.0
echosf16m-h2old-c16,main,srv CPU us/stream,3,40000.0,30000.0,60000.0
echosf16m-h2old-c16,main,srv cores busy,3,0.004000487889501784,0.0030005343999774912,0.006000326004312172
echosf16m-h2old-c16,main,srv ctxsw/stream,3,1952.0,1107.0,2123.0
echosf16m-h2old-c16,main,srv peak RSS MiB,3,42.94921875,42.4296875,45.140625
echosf16m-h2old-c16,main,errors,3,32,32,32
echosf16m-h2old-c16,main,timeouts,3,32,32,32
echosf16m-h2old-c16,main,client CPU %,3,0.010000543340520288,0.007501335999943728,0.012501524654693076
echosf16m-h2old-c16,inline-streaming,streams/s,3,0.0,0.0,0.0
echosf16m-h2old-c16,inline-streaming,GiB/s,3,0.0,0.0,0.0
echosf16m-h2old-c16,inline-streaming,srv CPU us/stream,3,20000.0,20000.0,20000.0
echosf16m-h2old-c16,inline-streaming,srv cores busy,3,0.002000285494347695,0.0020001860475052273,0.002000339205920573
echosf16m-h2old-c16,inline-streaming,srv ctxsw/stream,3,711.0,579.0,735.0
echosf16m-h2old-c16,inline-streaming,srv peak RSS MiB,3,32.015625,31.27734375,32.421875
echosf16m-h2old-c16,inline-streaming,errors,3,32,32,32
echosf16m-h2old-c16,inline-streaming,timeouts,3,32,32,32
echosf16m-h2old-c16,inline-streaming,client CPU %,3,0.007501272022202149,0.007500697678144603,0.010001427471738475
echosf64m-h1-c16,main,streams/s,3,0.0,0.0,0.0
echosf64m-h1-c16,main,GiB/s,3,0.0,0.0,0.0
echosf64m-h1-c16,main,srv CPU us/stream,3,170000.0,150000.0,180000.0
echosf64m-h1-c16,main,srv cores busy,3,0.017001696704724685,0.015001315747402624,0.018000393819816145
echosf64m-h1-c16,main,srv ctxsw/stream,3,2121.0,2022.0,2190.0
echosf64m-h1-c16,main,srv peak RSS MiB,3,56.83203125,56.76953125,56.87890625
echosf64m-h1-c16,main,errors,3,32,32,32
echosf64m-h1-c16,main,timeouts,3,32,32,32
echosf64m-h1-c16,main,client CPU %,3,0.022500492274770183,0.02000199612320551,0.022501973621103937
echosf64m-h1-c16,inline-streaming,streams/s,3,0.0,0.0,0.0
echosf64m-h1-c16,inline-streaming,GiB/s,3,0.0,0.0,0.0
echosf64m-h1-c16,inline-streaming,srv CPU us/stream,3,140000.0,140000.0,140000.0
echosf64m-h1-c16,inline-streaming,srv cores busy,3,0.014001420372689566,0.01400135783768174,0.014001714264881738
echosf64m-h1-c16,inline-streaming,srv ctxsw/stream,3,1980.0,1712.0,2073.0
echosf64m-h1-c16,inline-streaming,srv peak RSS MiB,3,30.37109375,30.30859375,30.515625
echosf64m-h1-c16,inline-streaming,errors,3,32,32,32
echosf64m-h1-c16,inline-streaming,timeouts,3,32,32,32
echosf64m-h1-c16,inline-streaming,client CPU %,3,0.022502282741822515,0.02250218223913137,0.02250275506855993
echosf64m-h2old-c16,main,streams/s,3,0.0,0.0,0.0
echosf64m-h2old-c16,main,GiB/s,3,0.0,0.0,0.0
echosf64m-h2old-c16,main,srv CPU us/stream,3,40000.0,20000.0,50000.0
echosf64m-h2old-c16,main,srv cores busy,3,0.004000401240244397,0.002000216714680082,0.005000416150633388
echosf64m-h2old-c16,main,srv ctxsw/stream,3,766.0,614.0,1646.0
echosf64m-h2old-c16,main,srv peak RSS MiB,3,44.37109375,41.8984375,45.03515625
echosf64m-h2old-c16,main,errors,3,32,32,32
echosf64m-h2old-c16,main,timeouts,3,32,32,32
echosf64m-h2old-c16,main,client CPU %,3,0.01000108357340041,0.007500752325458244,0.01250104037658347
echosf64m-h2old-c16,inline-streaming,streams/s,3,0.0,0.0,0.0
echosf64m-h2old-c16,inline-streaming,GiB/s,3,0.0,0.0,0.0
echosf64m-h2old-c16,inline-streaming,srv CPU us/stream,3,30000.0,20000.0,30000.0
echosf64m-h2old-c16,inline-streaming,srv cores busy,3,0.0030003209605348816,0.002000174315191569,0.0030004144640522405
echosf64m-h2old-c16,inline-streaming,srv ctxsw/stream,3,771.0,606.0,823.0
echosf64m-h2old-c16,inline-streaming,srv peak RSS MiB,3,31.6484375,31.5546875,32.41796875
echosf64m-h2old-c16,inline-streaming,errors,3,32,32,32
echosf64m-h2old-c16,inline-streaming,timeouts,3,32,32,32
echosf64m-h2old-c16,inline-streaming,client CPU %,3,0.005000690773420402,0.005000435787978923,0.010001069868449605
slow64k-h1-c64,main,plateau KiB/stream,3,2858.5625,2817.5625,2873.375
slow64k-h1-c64,main,peak KiB/stream,3,2873.375,2835.5625,2888.0
slow64k-h1-c64,main,srv RSS baseline MiB,3,15.98046875,15.96484375,15.98046875
slow64k-h1-c64,main,srv RSS plateau MiB,3,194.640625,192.078125,195.55078125
slow64k-h1-c64,main,srv peak RSS MiB,3,193.203125,193.1796875,196.48046875
slow64k-h1-c64,main,TTFB p50 ms,3,4.838,3.575,5.063
slow64k-h1-c64,main,TTFB p99 ms,3,7.408,5.988,7.591
slow64k-h1-c64,main,drain s,3,0.031484341,0.030042615,0.032265342
slow64k-h1-c64,main,srv CPU us/stream,3,12656.25,12343.75,12812.5
slow64k-h1-c64,main,errors,3,0,0,0
slow64k-h1-c64,inline-streaming,plateau KiB/stream,3,396.0625,376.0625,397.6875
slow64k-h1-c64,inline-streaming,peak KiB/stream,3,396.0625,376.0625,397.6875
slow64k-h1-c64,inline-streaming,srv RSS baseline MiB,3,16.03125,16.02734375,16.1171875
slow64k-h1-c64,inline-streaming,srv RSS plateau MiB,3,40.87109375,39.53125,40.88671875
slow64k-h1-c64,inline-streaming,srv peak RSS MiB,3,38.265625,37.40234375,40.03515625
slow64k-h1-c64,inline-streaming,TTFB p50 ms,3,2.053,2.032,3.302
slow64k-h1-c64,inline-streaming,TTFB p99 ms,3,3.597,3.581,4.905
slow64k-h1-c64,inline-streaming,drain s,3,0.022358933,0.021672714,0.023235503
slow64k-h1-c64,inline-streaming,srv CPU us/stream,3,8437.5,8125.0,8750.0
slow64k-h1-c64,inline-streaming,errors,3,0,0,0
slow64k-h1-c1000,main,plateau KiB/stream,3,2568.032,2523.168,2597.304
slow64k-h1-c1000,main,peak KiB/stream,3,2727.9,2698.172,2804.104
slow64k-h1-c1000,main,srv RSS baseline MiB,3,39.375,39.0703125,39.421875
slow64k-h1-c1000,main,srv RSS plateau MiB,3,2546.9140625,2503.453125,2575.8046875
slow64k-h1-c1000,main,srv peak RSS MiB,3,2703.38671875,2674.00390625,2777.7578125
slow64k-h1-c1000,main,TTFB p50 ms,3,37.335,37.119,37.673
slow64k-h1-c1000,main,TTFB p99 ms,3,105.17,101.276,106.365
slow64k-h1-c1000,main,drain s,3,0.336997635,0.335267075,0.346478472
slow64k-h1-c1000,main,srv CPU us/stream,3,10110.0,10110.0,10150.0
slow64k-h1-c1000,main,errors,3,0,0,0
slow64k-h1-c1000,inline-streaming,plateau KiB/stream,3,386.028,380.992,388.42
slow64k-h1-c1000,inline-streaming,peak KiB/stream,3,393.764,390.912,403.768
slow64k-h1-c1000,inline-streaming,srv RSS baseline MiB,3,39.765625,39.71484375,39.78515625
slow64k-h1-c1000,inline-streaming,srv RSS plateau MiB,3,416.765625,411.77734375,419.08203125
slow64k-h1-c1000,inline-streaming,srv peak RSS MiB,3,424.25,420.46484375,431.3671875
slow64k-h1-c1000,inline-streaming,TTFB p50 ms,3,29.324,29.088,29.339
slow64k-h1-c1000,inline-streaming,TTFB p99 ms,3,60.805,59.344,62.553
slow64k-h1-c1000,inline-streaming,drain s,3,0.2852119,0.28510567,0.287631528
slow64k-h1-c1000,inline-streaming,srv CPU us/stream,3,8070.0,8060.000000000001,8109.999999999999
slow64k-h1-c1000,inline-streaming,errors,3,0,0,0
slow64k-h1-c5000,main,plateau KiB/stream,3,2469.7184,2468.9672,2481.3904
slow64k-h1-c5000,main,peak KiB/stream,3,2542.4112,2533.9336,2564.0584
slow64k-h1-c5000,main,srv RSS baseline MiB,3,139.09375,138.9140625,139.3203125
slow64k-h1-c5000,main,srv RSS plateau MiB,3,12198.0859375,12194.59765625,12255.484375
slow64k-h1-c5000,main,srv peak RSS MiB,3,12549.57421875,12509.53515625,12656.62109375
slow64k-h1-c5000,main,TTFB p50 ms,3,183.805,171.201,189.032
slow64k-h1-c5000,main,TTFB p99 ms,3,393.119,370.712,451.187
slow64k-h1-c5000,main,drain s,3,1.753485856,1.745806042,1.759383143
slow64k-h1-c5000,main,srv CPU us/stream,3,9938.0,9888.0,9978.0
slow64k-h1-c5000,main,errors,3,0,0,0
slow64k-h1-c5000,inline-streaming,plateau KiB/stream,3,339.364,336.7904,340.6192
slow64k-h1-c5000,inline-streaming,peak KiB/stream,3,381.1224,381.0168,387.2152
slow64k-h1-c5000,inline-streaming,srv RSS baseline MiB,3,140.3203125,140.21875,140.4140625
slow64k-h1-c5000,inline-streaming,srv RSS plateau MiB,3,1797.37109375,1784.8984375,1803.3984375
slow64k-h1-c5000,inline-streaming,srv peak RSS MiB,3,1998.8984375,1998.03515625,2028.03515625
slow64k-h1-c5000,inline-streaming,TTFB p50 ms,3,145.321,144.889,145.804
slow64k-h1-c5000,inline-streaming,TTFB p99 ms,3,320.499,315.59,321.009
slow64k-h1-c5000,inline-streaming,drain s,3,1.500656445,1.4984819489999999,1.508488098
slow64k-h1-c5000,inline-streaming,srv CPU us/stream,3,8024.0,8024.0,8038.0
slow64k-h1-c5000,inline-streaming,errors,3,0,0,0
slow64k-h2-c64,main,plateau KiB/stream,3,3604.0625,3437.75,3716.125
slow64k-h2-c64,main,peak KiB/stream,3,4540.0625,4311.9375,4885.125
slow64k-h2-c64,main,srv RSS baseline MiB,3,17.390625,16.91796875,17.7890625
slow64k-h2-c64,main,srv RSS plateau MiB,3,243.04296875,232.25,249.17578125
slow64k-h2-c64,main,srv peak RSS MiB,3,300.671875,287.28515625,322.7109375
slow64k-h2-c64,main,TTFB p50 ms,3,7.857,6.068,9.692
slow64k-h2-c64,main,TTFB p99 ms,3,12.657,11.906,13.693
slow64k-h2-c64,main,drain s,3,0.701817811,0.697985251,0.706631946
slow64k-h2-c64,main,srv CPU us/stream,3,15000.0,14531.25,15625.0
slow64k-h2-c64,main,errors,3,0,0,0
slow64k-h2-c64,inline-streaming,plateau KiB/stream,3,607.625,552.3125,607.625
slow64k-h2-c64,inline-streaming,peak KiB/stream,3,1070.625,1009.875,1149.0
slow64k-h2-c64,inline-streaming,srv RSS baseline MiB,3,15.5078125,15.21484375,15.8984375
slow64k-h2-c64,inline-streaming,srv RSS plateau MiB,3,53.484375,49.734375,53.875
slow64k-h2-c64,inline-streaming,srv peak RSS MiB,3,82.12890625,79.015625,87.3203125
slow64k-h2-c64,inline-streaming,TTFB p50 ms,3,3.796,3.706,3.88
slow64k-h2-c64,inline-streaming,TTFB p99 ms,3,10.153,6.3,55.541
slow64k-h2-c64,inline-streaming,drain s,3,0.661766399,0.650611029,0.678643074
slow64k-h2-c64,inline-streaming,srv CPU us/stream,3,13125.0,12812.5,13281.25
slow64k-h2-c64,inline-streaming,errors,3,0,0,0
slow64k-h2-c1000,main,plateau KiB/stream,3,2822.36,2783.104,2846.188
slow64k-h2-c1000,main,peak KiB/stream,3,3935.12,3753.124,4427.788
slow64k-h2-c1000,main,srv RSS baseline MiB,3,60.6015625,57.87890625,63.19140625
slow64k-h2-c1000,main,srv RSS plateau MiB,3,2814.08984375,2778.4765625,2842.671875
slow64k-h2-c1000,main,srv peak RSS MiB,3,3900.625,3728.3515625,4384.61328125
slow64k-h2-c1000,main,TTFB p50 ms,3,46.529,41.408,50.675
slow64k-h2-c1000,main,TTFB p99 ms,3,68.344,67.83,68.405
slow64k-h2-c1000,main,drain s,3,0.709082045,0.69214982,0.745591391
slow64k-h2-c1000,main,srv CPU us/stream,3,12870.0,12760.0,13000.0
slow64k-h2-c1000,main,errors,3,0,0,0
slow64k-h2-c1000,inline-streaming,plateau KiB/stream,3,673.304,649.18,675.156
slow64k-h2-c1000,inline-streaming,peak KiB/stream,3,1154.056,1149.604,1182.676
slow64k-h2-c1000,inline-streaming,srv RSS baseline MiB,3,56.9453125,56.578125,57.546875
slow64k-h2-c1000,inline-streaming,srv RSS plateau MiB,3,714.46875,690.54296875,716.87890625
slow64k-h2-c1000,inline-streaming,srv peak RSS MiB,3,1183.5859375,1179.60546875,1212.50390625
slow64k-h2-c1000,inline-streaming,TTFB p50 ms,3,12.095,11.119,12.919
slow64k-h2-c1000,inline-streaming,TTFB p99 ms,3,18.487,18.285,21.457
slow64k-h2-c1000,inline-streaming,drain s,3,0.66374972,0.660060282,0.665851646
slow64k-h2-c1000,inline-streaming,srv CPU us/stream,3,11570.0,11500.0,11730.0
slow64k-h2-c1000,inline-streaming,errors,3,0,0,0
slow64k-h2-c5000,main,plateau KiB/stream,3,2721.512,2715.244,2721.6152
slow64k-h2-c5000,main,peak KiB/stream,3,2879.7144,2872.5536,2881.4992
slow64k-h2-c5000,main,srv RSS baseline MiB,3,195.73828125,192.28515625,195.91796875
slow64k-h2-c5000,main,srv RSS plateau MiB,3,13484.37109375,13450.3125,13485.0546875
slow64k-h2-c5000,main,srv peak RSS MiB,3,14256.2578125,14216.34375,14264.19140625
slow64k-h2-c5000,main,TTFB p50 ms,3,195.906,190.406,201.001
slow64k-h2-c5000,main,TTFB p99 ms,3,370.387,367.499,371.94
slow64k-h2-c5000,main,drain s,3,2.108983785,2.057643939,2.116770486
slow64k-h2-c5000,main,srv CPU us/stream,3,12012.0,11988.0,12018.0
slow64k-h2-c5000,main,errors,3,0,0,0
slow64k-h2-c5000,inline-streaming,plateau KiB/stream,3,660.2896,635.488,662.6248
slow64k-h2-c5000,inline-streaming,peak KiB/stream,3,683.4384,675.2336,690.4736
slow64k-h2-c5000,inline-streaming,srv RSS baseline MiB,3,273.74609375,259.0,273.87890625
slow64k-h2-c5000,inline-streaming,srv RSS plateau MiB,3,3494.47265625,3376.84765625,3497.81640625
slow64k-h2-c5000,inline-streaming,srv peak RSS MiB,3,3610.84765625,3570.91796875,3630.453125
slow64k-h2-c5000,inline-streaming,TTFB p50 ms,3,35.278,34.976,41.722
slow64k-h2-c5000,inline-streaming,TTFB p99 ms,3,121.481,112.392,144.248
slow64k-h2-c5000,inline-streaming,drain s,3,2.054222534,2.030704234,2.075782201
slow64k-h2-c5000,inline-streaming,srv CPU us/stream,3,10678.0,10666.0,10714.0
slow64k-h2-c5000,inline-streaming,errors,3,0,0,0
slow64k-h3-c1000,main,plateau KiB/stream,3,228.424,227.632,253.032
slow64k-h3-c1000,main,peak KiB/stream,3,268.308,256.536,270.636
slow64k-h3-c1000,main,srv RSS baseline MiB,3,82.45703125,78.76171875,83.85546875
slow64k-h3-c1000,main,srv RSS plateau MiB,3,305.52734375,301.05859375,330.95703125
slow64k-h3-c1000,main,srv peak RSS MiB,3,339.5078125,332.98046875,345.875
slow64k-h3-c1000,main,TTFB p50 ms,3,25.466,24.264,27.357
slow64k-h3-c1000,main,TTFB p99 ms,3,76.469,73.687,82.26
slow64k-h3-c1000,main,drain s,3,2.147802823,2.121069651,2.26892844
slow64k-h3-c1000,main,srv CPU us/stream,3,32409.999999999996,31840.0,32680.0
slow64k-h3-c1000,main,errors,3,0,0,0
slow64k-h3-c1000,inline-streaming,plateau KiB/stream,3,256.948,239.648,280.088
slow64k-h3-c1000,inline-streaming,peak KiB/stream,3,265.7,262.052,288.744
slow64k-h3-c1000,inline-streaming,srv RSS baseline MiB,3,83.08984375,82.703125,84.046875
slow64k-h3-c1000,inline-streaming,srv RSS plateau MiB,3,334.97265625,316.734375,356.61328125
slow64k-h3-c1000,inline-streaming,srv peak RSS MiB,3,342.6015625,338.61328125,360.078125
slow64k-h3-c1000,inline-streaming,TTFB p50 ms,3,26.288,21.447,29.042
slow64k-h3-c1000,inline-streaming,TTFB p99 ms,3,80.311,74.996,88.029
slow64k-h3-c1000,inline-streaming,drain s,3,2.112654151,2.088599532,2.123050562
slow64k-h3-c1000,inline-streaming,srv CPU us/stream,3,32000.0,31690.0,32189.999999999996
slow64k-h3-c1000,inline-streaming,errors,3,0,0,0
slow256k-h1-c64,main,plateau KiB/stream,3,9452.875,9385.3125,9476.375
slow256k-h1-c64,main,peak KiB/stream,3,10600.5625,10487.1875,11138.8125
slow256k-h1-c64,main,srv RSS baseline MiB,3,15.91796875,15.8984375,15.921875
slow256k-h1-c64,main,srv RSS plateau MiB,3,606.72265625,602.50390625,608.171875
slow256k-h1-c64,main,srv peak RSS MiB,3,678.45703125,671.34765625,712.09375
slow256k-h1-c64,main,TTFB p50 ms,3,17.137,16.252,17.542
slow256k-h1-c64,main,TTFB p99 ms,3,22.594,22.362,23.402
slow256k-h1-c64,main,drain s,3,0.061946882,0.061433322,0.066568712
slow256k-h1-c64,main,srv CPU us/stream,3,25000.0,24531.25,25312.5
slow256k-h1-c64,main,errors,3,0,0,0
slow256k-h1-c64,inline-streaming,plateau KiB/stream,3,717.4375,683.25,721.0625
slow256k-h1-c64,inline-streaming,peak KiB/stream,3,798.5625,778.125,812.875
slow256k-h1-c64,inline-streaming,srv RSS baseline MiB,3,15.98046875,15.9765625,16.1328125
slow256k-h1-c64,inline-streaming,srv RSS plateau MiB,3,60.97265625,58.68359375,61.04296875
slow256k-h1-c64,inline-streaming,srv peak RSS MiB,3,66.04296875,64.61328125,66.78125
slow256k-h1-c64,inline-streaming,TTFB p50 ms,3,4.129,3.995,4.196
slow256k-h1-c64,inline-streaming,TTFB p99 ms,3,6.097,6.065,6.36
slow256k-h1-c64,inline-streaming,drain s,3,0.052366824,0.050332458,0.052410415
slow256k-h1-c64,inline-streaming,srv CPU us/stream,3,17812.5,17343.75,18125.0
slow256k-h1-c64,inline-streaming,errors,3,0,0,0
slow256k-h1-c1000,main,plateau KiB/stream,3,9013.208,8991.044,9014.08
slow256k-h1-c1000,main,peak KiB/stream,3,9244.132,9191.064,9391.716
slow256k-h1-c1000,main,srv RSS baseline MiB,3,39.4140625,39.37109375,39.48046875
slow256k-h1-c1000,main,srv RSS plateau MiB,3,8841.44140625,8819.6875,8842.2265625
slow256k-h1-c1000,main,srv peak RSS MiB,3,9066.953125,9015.01953125,9211.01171875
slow256k-h1-c1000,main,TTFB p50 ms,3,134.035,129.846,144.413
slow256k-h1-c1000,main,TTFB p99 ms,3,243.948,240.039,257.509
slow256k-h1-c1000,main,drain s,3,0.692259287,0.687866316,0.696143185
slow256k-h1-c1000,main,srv CPU us/stream,3,21520.0,21360.0,21680.0
slow256k-h1-c1000,main,errors,3,0,0,0
slow256k-h1-c1000,inline-streaming,plateau KiB/stream,3,690.328,679.892,690.364
slow256k-h1-c1000,inline-streaming,peak KiB/stream,3,975.932,969.832,977.492
slow256k-h1-c1000,inline-streaming,srv RSS baseline MiB,3,39.83984375,39.6875,39.9609375
slow256k-h1-c1000,inline-streaming,srv RSS plateau MiB,3,713.8359375,703.91796875,714.0234375
slow256k-h1-c1000,inline-streaming,srv peak RSS MiB,3,992.8984375,985.0703125,994.26953125
slow256k-h1-c1000,inline-streaming,TTFB p50 ms,3,37.545,37.494,37.692
slow256k-h1-c1000,inline-streaming,TTFB p99 ms,3,73.749,72.654,74.306
slow256k-h1-c1000,inline-streaming,drain s,3,0.65288865,0.649100968,0.653903305
slow256k-h1-c1000,inline-streaming,srv CPU us/stream,3,16600.000000000004,16559.999999999996,16610.0
slow256k-h1-c1000,inline-streaming,errors,3,0,0,0
slow256k-h2-c64,main,plateau KiB/stream,3,10152.625,8794.0625,10153.25
slow256k-h2-c64,main,peak KiB/stream,3,13709.4375,13470.5625,14613.875
slow256k-h2-c64,main,srv RSS baseline MiB,3,17.296875,17.0859375,17.4765625
slow256k-h2-c64,main,srv RSS plateau MiB,3,651.8359375,566.71484375,652.0546875
slow256k-h2-c64,main,srv peak RSS MiB,3,873.92578125,852.5234375,927.734375
slow256k-h2-c64,main,TTFB p50 ms,3,17.76,16.056,55.949
slow256k-h2-c64,main,TTFB p99 ms,3,24.041,21.473,57.028
slow256k-h2-c64,main,drain s,3,1.465161459,1.442677272,1.491404677
slow256k-h2-c64,main,srv CPU us/stream,3,27031.25,26718.75,30781.25
slow256k-h2-c64,main,errors,3,0,0,0
slow256k-h2-c64,inline-streaming,plateau KiB/stream,3,1309.1875,1306.0,1309.875
slow256k-h2-c64,inline-streaming,peak KiB/stream,3,1941.3125,1834.0625,2214.375
slow256k-h2-c64,inline-streaming,srv RSS baseline MiB,3,15.46875,15.37890625,15.75
slow256k-h2-c64,inline-streaming,srv RSS plateau MiB,3,97.3359375,97.203125,97.375
slow256k-h2-c64,inline-streaming,srv peak RSS MiB,3,136.80078125,129.38671875,153.77734375
slow256k-h2-c64,inline-streaming,TTFB p50 ms,3,4.442,4.161,4.669
slow256k-h2-c64,inline-streaming,TTFB p99 ms,3,7.678,7.31,7.712
slow256k-h2-c64,inline-streaming,drain s,3,1.420725749,1.364839345,1.443604186
slow256k-h2-c64,inline-streaming,srv CPU us/stream,3,22031.25,21562.5,22968.75
slow256k-h2-c64,inline-streaming,errors,3,0,0,0
slow256k-h2-c1000,main,plateau KiB/stream,3,9584.024,9565.892,9591.256
slow256k-h2-c1000,main,peak KiB/stream,3,10530.872,10498.396,10585.776
slow256k-h2-c1000,main,srv RSS baseline MiB,3,60.2109375,56.22265625,64.40625
slow256k-h2-c1000,main,srv RSS plateau MiB,3,9419.609375,9397.9140625,9430.8671875
slow256k-h2-c1000,main,srv peak RSS MiB,3,10345.70703125,10308.49609375,10390.5625
slow256k-h2-c1000,main,TTFB p50 ms,3,173.894,160.416,190.681
slow256k-h2-c1000,main,TTFB p99 ms,3,220.215,219.33,221.955
slow256k-h2-c1000,main,drain s,3,1.3672361849999999,1.32200014,1.371023824
slow256k-h2-c1000,main,srv CPU us/stream,3,24070.0,24040.0,24110.0
slow256k-h2-c1000,main,errors,3,0,0,0
slow256k-h2-c1000,inline-streaming,plateau KiB/stream,3,1273.488,1258.84,1314.288
slow256k-h2-c1000,inline-streaming,peak KiB/stream,3,1829.692,1734.164,1839.416
slow256k-h2-c1000,inline-streaming,srv RSS baseline MiB,3,58.98828125,58.00390625,59.07421875
slow256k-h2-c1000,inline-streaming,srv RSS plateau MiB,3,1302.62890625,1287.33984375,1342.55859375
slow256k-h2-c1000,inline-streaming,srv peak RSS MiB,3,1845.796875,1751.5234375,1855.37890625
slow256k-h2-c1000,inline-streaming,TTFB p50 ms,3,20.467,18.725,21.839
slow256k-h2-c1000,inline-streaming,TTFB p99 ms,3,30.366,29.445,30.406
slow256k-h2-c1000,inline-streaming,drain s,3,1.2669966160000001,1.255685097,1.279022694
slow256k-h2-c1000,inline-streaming,srv CPU us/stream,3,20000.0,19870.0,20000.0
slow256k-h2-c1000,inline-streaming,errors,3,0,0,0
